# Koch curve segments: x1 y1 x2 y2
# Number of segments: 16384
# Theoretical dimension: 1.261860
#
0.000000 0.000000 0.001372 0.000000
0.001372 0.000000 0.002058 0.001188
0.002058 0.001188 0.002743 0.000000
0.002743 0.000000 0.004115 0.000000
0.004115 0.000000 0.004801 0.001188
0.004801 0.001188 0.004115 0.002376
0.004115 0.002376 0.005487 0.002376
0.005487 0.002376 0.006173 0.003564
0.006173 0.003564 0.006859 0.002376
0.006859 0.002376 0.008230 0.002376
0.008230 0.002376 0.007545 0.001188
0.007545 0.001188 0.008230 0.000000
0.008230 0.000000 0.009602 0.000000
0.009602 0.000000 0.010288 0.001188
0.010288 0.001188 0.010974 0.000000
0.010974 0.000000 0.012346 0.000000
0.012346 0.000000 0.013032 0.001188
0.013032 0.001188 0.012346 0.002376
0.012346 0.002376 0.013717 0.002376
0.013717 0.002376 0.014403 0.003564
0.014403 0.003564 0.013717 0.004752
0.013717 0.004752 0.012346 0.004752
0.012346 0.004752 0.013032 0.005940
0.013032 0.005940 0.012346 0.007128
0.012346 0.007128 0.013717 0.007128
0.013717 0.007128 0.014403 0.008316
0.014403 0.008316 0.015089 0.007128
0.015089 0.007128 0.016461 0.007128
0.016461 0.007128 0.017147 0.008316
0.017147 0.008316 0.016461 0.009504
0.016461 0.009504 0.017833 0.009504
0.017833 0.009504 0.018519 0.010692
0.018519 0.010692 0.019204 0.009504
0.019204 0.009504 0.020576 0.009504
0.020576 0.009504 0.019890 0.008316
0.019890 0.008316 0.020576 0.007128
0.020576 0.007128 0.021948 0.007128
0.021948 0.007128 0.022634 0.008316
0.022634 0.008316 0.023320 0.007128
0.023320 0.007128 0.024691 0.007128
0.024691 0.007128 0.024005 0.005940
0.024005 0.005940 0.024691 0.004752
0.024691 0.004752 0.023320 0.004752
0.023320 0.004752 0.022634 0.003564
0.022634 0.003564 0.023320 0.002376
0.023320 0.002376 0.024691 0.002376
0.024691 0.002376 0.024005 0.001188
0.024005 0.001188 0.024691 0.000000
0.024691 0.000000 0.026063 0.000000
0.026063 0.000000 0.026749 0.001188
0.026749 0.001188 0.027435 0.000000
0.027435 0.000000 0.028807 0.000000
0.028807 0.000000 0.029492 0.001188
0.029492 0.001188 0.028807 0.002376
0.028807 0.002376 0.030178 0.002376
0.030178 0.002376 0.030864 0.003564
0.030864 0.003564 0.031550 0.002376
0.031550 0.002376 0.032922 0.002376
0.032922 0.002376 0.032236 0.001188
0.032236 0.001188 0.032922 0.000000
0.032922 0.000000 0.034294 0.000000
0.034294 0.000000 0.034979 0.001188
0.034979 0.001188 0.035665 0.000000
0.035665 0.000000 0.037037 0.000000
0.037037 0.000000 0.037723 0.001188
0.037723 0.001188 0.037037 0.002376
0.037037 0.002376 0.038409 0.002376
0.038409 0.002376 0.039095 0.003564
0.039095 0.003564 0.038409 0.004752
0.038409 0.004752 0.037037 0.004752
0.037037 0.004752 0.037723 0.005940
0.037723 0.005940 0.037037 0.007128
0.037037 0.007128 0.038409 0.007128
0.038409 0.007128 0.039095 0.008316
0.039095 0.008316 0.039781 0.007128
0.039781 0.007128 0.041152 0.007128
0.041152 0.007128 0.041838 0.008316
0.041838 0.008316 0.041152 0.009504
0.041152 0.009504 0.042524 0.009504
0.042524 0.009504 0.043210 0.010692
0.043210 0.010692 0.042524 0.011880
0.042524 0.011880 0.041152 0.011880
0.041152 0.011880 0.041838 0.013068
0.041838 0.013068 0.041152 0.014256
0.041152 0.014256 0.039781 0.014256
0.039781 0.014256 0.039095 0.013068
0.039095 0.013068 0.038409 0.014256
0.038409 0.014256 0.037037 0.014256
0.037037 0.014256 0.037723 0.015444
0.037723 0.015444 0.037037 0.016631
0.037037 0.016631 0.038409 0.016631
0.038409 0.016631 0.039095 0.017819
0.039095 0.017819 0.038409 0.019007
0.038409 0.019007 0.037037 0.019007
0.037037 0.019007 0.037723 0.020195
0.037723 0.020195 0.037037 0.021383
0.037037 0.021383 0.038409 0.021383
0.038409 0.021383 0.039095 0.022571
0.039095 0.022571 0.039781 0.021383
0.039781 0.021383 0.041152 0.021383
0.041152 0.021383 0.041838 0.022571
0.041838 0.022571 0.041152 0.023759
0.041152 0.023759 0.042524 0.023759
0.042524 0.023759 0.043210 0.024947
0.043210 0.024947 0.043896 0.023759
0.043896 0.023759 0.045267 0.023759
0.045267 0.023759 0.044582 0.022571
0.044582 0.022571 0.045267 0.021383
0.045267 0.021383 0.046639 0.021383
0.046639 0.021383 0.047325 0.022571
0.047325 0.022571 0.048011 0.021383
0.048011 0.021383 0.049383 0.021383
0.049383 0.021383 0.050069 0.022571
0.050069 0.022571 0.049383 0.023759
0.049383 0.023759 0.050754 0.023759
0.050754 0.023759 0.051440 0.024947
0.051440 0.024947 0.050754 0.026135
0.050754 0.026135 0.049383 0.026135
0.049383 0.026135 0.050069 0.027323
0.050069 0.027323 0.049383 0.028511
0.049383 0.028511 0.050754 0.028511
0.050754 0.028511 0.051440 0.029699
0.051440 0.029699 0.052126 0.028511
0.052126 0.028511 0.053498 0.028511
0.053498 0.028511 0.054184 0.029699
0.054184 0.029699 0.053498 0.030887
0.053498 0.030887 0.054870 0.030887
0.054870 0.030887 0.055556 0.032075
0.055556 0.032075 0.056241 0.030887
0.056241 0.030887 0.057613 0.030887
0.057613 0.030887 0.056927 0.029699
0.056927 0.029699 0.057613 0.028511
0.057613 0.028511 0.058985 0.028511
0.058985 0.028511 0.059671 0.029699
0.059671 0.029699 0.060357 0.028511
0.060357 0.028511 0.061728 0.028511
0.061728 0.028511 0.061043 0.027323
0.061043 0.027323 0.061728 0.026135
0.061728 0.026135 0.060357 0.026135
0.060357 0.026135 0.059671 0.024947
0.059671 0.024947 0.060357 0.023759
0.060357 0.023759 0.061728 0.023759
0.061728 0.023759 0.061043 0.022571
0.061043 0.022571 0.061728 0.021383
0.061728 0.021383 0.063100 0.021383
0.063100 0.021383 0.063786 0.022571
0.063786 0.022571 0.064472 0.021383
0.064472 0.021383 0.065844 0.021383
0.065844 0.021383 0.066529 0.022571
0.066529 0.022571 0.065844 0.023759
0.065844 0.023759 0.067215 0.023759
0.067215 0.023759 0.067901 0.024947
0.067901 0.024947 0.068587 0.023759
0.068587 0.023759 0.069959 0.023759
0.069959 0.023759 0.069273 0.022571
0.069273 0.022571 0.069959 0.021383
0.069959 0.021383 0.071331 0.021383
0.071331 0.021383 0.072016 0.022571
0.072016 0.022571 0.072702 0.021383
0.072702 0.021383 0.074074 0.021383
0.074074 0.021383 0.073388 0.020195
0.073388 0.020195 0.074074 0.019007
0.074074 0.019007 0.072702 0.019007
0.072702 0.019007 0.072016 0.017819
0.072016 0.017819 0.072702 0.016631
0.072702 0.016631 0.074074 0.016631
0.074074 0.016631 0.073388 0.015444
0.073388 0.015444 0.074074 0.014256
0.074074 0.014256 0.072702 0.014256
0.072702 0.014256 0.072016 0.013068
0.072016 0.013068 0.071331 0.014256
0.071331 0.014256 0.069959 0.014256
0.069959 0.014256 0.069273 0.013068
0.069273 0.013068 0.069959 0.011880
0.069959 0.011880 0.068587 0.011880
0.068587 0.011880 0.067901 0.010692
0.067901 0.010692 0.068587 0.009504
0.068587 0.009504 0.069959 0.009504
0.069959 0.009504 0.069273 0.008316
0.069273 0.008316 0.069959 0.007128
0.069959 0.007128 0.071331 0.007128
0.071331 0.007128 0.072016 0.008316
0.072016 0.008316 0.072702 0.007128
0.072702 0.007128 0.074074 0.007128
0.074074 0.007128 0.073388 0.005940
0.073388 0.005940 0.074074 0.004752
0.074074 0.004752 0.072702 0.004752
0.072702 0.004752 0.072016 0.003564
0.072016 0.003564 0.072702 0.002376
0.072702 0.002376 0.074074 0.002376
0.074074 0.002376 0.073388 0.001188
0.073388 0.001188 0.074074 0.000000
0.074074 0.000000 0.075446 0.000000
0.075446 0.000000 0.076132 0.001188
0.076132 0.001188 0.076818 0.000000
0.076818 0.000000 0.078189 0.000000
0.078189 0.000000 0.078875 0.001188
0.078875 0.001188 0.078189 0.002376
0.078189 0.002376 0.079561 0.002376
0.079561 0.002376 0.080247 0.003564
0.080247 0.003564 0.080933 0.002376
0.080933 0.002376 0.082305 0.002376
0.082305 0.002376 0.081619 0.001188
0.081619 0.001188 0.082305 0.000000
0.082305 0.000000 0.083676 0.000000
0.083676 0.000000 0.084362 0.001188
0.084362 0.001188 0.085048 0.000000
0.085048 0.000000 0.086420 0.000000
0.086420 0.000000 0.087106 0.001188
0.087106 0.001188 0.086420 0.002376
0.086420 0.002376 0.087791 0.002376
0.087791 0.002376 0.088477 0.003564
0.088477 0.003564 0.087791 0.004752
0.087791 0.004752 0.086420 0.004752
0.086420 0.004752 0.087106 0.005940
0.087106 0.005940 0.086420 0.007128
0.086420 0.007128 0.087791 0.007128
0.087791 0.007128 0.088477 0.008316
0.088477 0.008316 0.089163 0.007128
0.089163 0.007128 0.090535 0.007128
0.090535 0.007128 0.091221 0.008316
0.091221 0.008316 0.090535 0.009504
0.090535 0.009504 0.091907 0.009504
0.091907 0.009504 0.092593 0.010692
0.092593 0.010692 0.093278 0.009504
0.093278 0.009504 0.094650 0.009504
0.094650 0.009504 0.093964 0.008316
0.093964 0.008316 0.094650 0.007128
0.094650 0.007128 0.096022 0.007128
0.096022 0.007128 0.096708 0.008316
0.096708 0.008316 0.097394 0.007128
0.097394 0.007128 0.098765 0.007128
0.098765 0.007128 0.098080 0.005940
0.098080 0.005940 0.098765 0.004752
0.098765 0.004752 0.097394 0.004752
0.097394 0.004752 0.096708 0.003564
0.096708 0.003564 0.097394 0.002376
0.097394 0.002376 0.098765 0.002376
0.098765 0.002376 0.098080 0.001188
0.098080 0.001188 0.098765 0.000000
0.098765 0.000000 0.100137 0.000000
0.100137 0.000000 0.100823 0.001188
0.100823 0.001188 0.101509 0.000000
0.101509 0.000000 0.102881 0.000000
0.102881 0.000000 0.103567 0.001188
0.103567 0.001188 0.102881 0.002376
0.102881 0.002376 0.104252 0.002376
0.104252 0.002376 0.104938 0.003564
0.104938 0.003564 0.105624 0.002376
0.105624 0.002376 0.106996 0.002376
0.106996 0.002376 0.106310 0.001188
0.106310 0.001188 0.106996 0.000000
0.106996 0.000000 0.108368 0.000000
0.108368 0.000000 0.109053 0.001188
0.109053 0.001188 0.109739 0.000000
0.109739 0.000000 0.111111 0.000000
0.111111 0.000000 0.111797 0.001188
0.111797 0.001188 0.111111 0.002376
0.111111 0.002376 0.112483 0.002376
0.112483 0.002376 0.113169 0.003564
0.113169 0.003564 0.112483 0.004752
0.112483 0.004752 0.111111 0.004752
0.111111 0.004752 0.111797 0.005940
0.111797 0.005940 0.111111 0.007128
0.111111 0.007128 0.112483 0.007128
0.112483 0.007128 0.113169 0.008316
0.113169 0.008316 0.113855 0.007128
0.113855 0.007128 0.115226 0.007128
0.115226 0.007128 0.115912 0.008316
0.115912 0.008316 0.115226 0.009504
0.115226 0.009504 0.116598 0.009504
0.116598 0.009504 0.117284 0.010692
0.117284 0.010692 0.116598 0.011880
0.116598 0.011880 0.115226 0.011880
0.115226 0.011880 0.115912 0.013068
0.115912 0.013068 0.115226 0.014256
0.115226 0.014256 0.113855 0.014256
0.113855 0.014256 0.113169 0.013068
0.113169 0.013068 0.112483 0.014256
0.112483 0.014256 0.111111 0.014256
0.111111 0.014256 0.111797 0.015444
0.111797 0.015444 0.111111 0.016631
0.111111 0.016631 0.112483 0.016631
0.112483 0.016631 0.113169 0.017819
0.113169 0.017819 0.112483 0.019007
0.112483 0.019007 0.111111 0.019007
0.111111 0.019007 0.111797 0.020195
0.111797 0.020195 0.111111 0.021383
0.111111 0.021383 0.112483 0.021383
0.112483 0.021383 0.113169 0.022571
0.113169 0.022571 0.113855 0.021383
0.113855 0.021383 0.115226 0.021383
0.115226 0.021383 0.115912 0.022571
0.115912 0.022571 0.115226 0.023759
0.115226 0.023759 0.116598 0.023759
0.116598 0.023759 0.117284 0.024947
0.117284 0.024947 0.117970 0.023759
0.117970 0.023759 0.119342 0.023759
0.119342 0.023759 0.118656 0.022571
0.118656 0.022571 0.119342 0.021383
0.119342 0.021383 0.120713 0.021383
0.120713 0.021383 0.121399 0.022571
0.121399 0.022571 0.122085 0.021383
0.122085 0.021383 0.123457 0.021383
0.123457 0.021383 0.124143 0.022571
0.124143 0.022571 0.123457 0.023759
0.123457 0.023759 0.124829 0.023759
0.124829 0.023759 0.125514 0.024947
0.125514 0.024947 0.124829 0.026135
0.124829 0.026135 0.123457 0.026135
0.123457 0.026135 0.124143 0.027323
0.124143 0.027323 0.123457 0.028511
0.123457 0.028511 0.124829 0.028511
0.124829 0.028511 0.125514 0.029699
0.125514 0.029699 0.126200 0.028511
0.126200 0.028511 0.127572 0.028511
0.127572 0.028511 0.128258 0.029699
0.128258 0.029699 0.127572 0.030887
0.127572 0.030887 0.128944 0.030887
0.128944 0.030887 0.129630 0.032075
0.129630 0.032075 0.128944 0.033263
0.128944 0.033263 0.127572 0.033263
0.127572 0.033263 0.128258 0.034451
0.128258 0.034451 0.127572 0.035639
0.127572 0.035639 0.126200 0.035639
0.126200 0.035639 0.125514 0.034451
0.125514 0.034451 0.124829 0.035639
0.124829 0.035639 0.123457 0.035639
0.123457 0.035639 0.124143 0.036827
0.124143 0.036827 0.123457 0.038015
0.123457 0.038015 0.124829 0.038015
0.124829 0.038015 0.125514 0.039203
0.125514 0.039203 0.124829 0.040391
0.124829 0.040391 0.123457 0.040391
0.123457 0.040391 0.124143 0.041579
0.124143 0.041579 0.123457 0.042767
0.123457 0.042767 0.122085 0.042767
0.122085 0.042767 0.121399 0.041579
0.121399 0.041579 0.120713 0.042767
0.120713 0.042767 0.119342 0.042767
0.119342 0.042767 0.118656 0.041579
0.118656 0.041579 0.119342 0.040391
0.119342 0.040391 0.117970 0.040391
0.117970 0.040391 0.117284 0.039203
0.117284 0.039203 0.116598 0.040391
0.116598 0.040391 0.115226 0.040391
0.115226 0.040391 0.115912 0.041579
0.115912 0.041579 0.115226 0.042767
0.115226 0.042767 0.113855 0.042767
0.113855 0.042767 0.113169 0.041579
0.113169 0.041579 0.112483 0.042767
0.112483 0.042767 0.111111 0.042767
0.111111 0.042767 0.111797 0.043955
0.111797 0.043955 0.111111 0.045143
0.111111 0.045143 0.112483 0.045143
0.112483 0.045143 0.113169 0.046331
0.113169 0.046331 0.112483 0.047519
0.112483 0.047519 0.111111 0.047519
0.111111 0.047519 0.111797 0.048707
0.111797 0.048707 0.111111 0.049894
0.111111 0.049894 0.112483 0.049894
0.112483 0.049894 0.113169 0.051082
0.113169 0.051082 0.113855 0.049894
0.113855 0.049894 0.115226 0.049894
0.115226 0.049894 0.115912 0.051082
0.115912 0.051082 0.115226 0.052270
0.115226 0.052270 0.116598 0.052270
0.116598 0.052270 0.117284 0.053458
0.117284 0.053458 0.116598 0.054646
0.116598 0.054646 0.115226 0.054646
0.115226 0.054646 0.115912 0.055834
0.115912 0.055834 0.115226 0.057022
0.115226 0.057022 0.113855 0.057022
0.113855 0.057022 0.113169 0.055834
0.113169 0.055834 0.112483 0.057022
0.112483 0.057022 0.111111 0.057022
0.111111 0.057022 0.111797 0.058210
0.111797 0.058210 0.111111 0.059398
0.111111 0.059398 0.112483 0.059398
0.112483 0.059398 0.113169 0.060586
0.113169 0.060586 0.112483 0.061774
0.112483 0.061774 0.111111 0.061774
0.111111 0.061774 0.111797 0.062962
0.111797 0.062962 0.111111 0.064150
0.111111 0.064150 0.112483 0.064150
0.112483 0.064150 0.113169 0.065338
0.113169 0.065338 0.113855 0.064150
0.113855 0.064150 0.115226 0.064150
0.115226 0.064150 0.115912 0.065338
0.115912 0.065338 0.115226 0.066526
0.115226 0.066526 0.116598 0.066526
0.116598 0.066526 0.117284 0.067714
0.117284 0.067714 0.117970 0.066526
0.117970 0.066526 0.119342 0.066526
0.119342 0.066526 0.118656 0.065338
0.118656 0.065338 0.119342 0.064150
0.119342 0.064150 0.120713 0.064150
0.120713 0.064150 0.121399 0.065338
0.121399 0.065338 0.122085 0.064150
0.122085 0.064150 0.123457 0.064150
0.123457 0.064150 0.124143 0.065338
0.124143 0.065338 0.123457 0.066526
0.123457 0.066526 0.124829 0.066526
0.124829 0.066526 0.125514 0.067714
0.125514 0.067714 0.124829 0.068902
0.124829 0.068902 0.123457 0.068902
0.123457 0.068902 0.124143 0.070090
0.124143 0.070090 0.123457 0.071278
0.123457 0.071278 0.124829 0.071278
0.124829 0.071278 0.125514 0.072466
0.125514 0.072466 0.126200 0.071278
0.126200 0.071278 0.127572 0.071278
0.127572 0.071278 0.128258 0.072466
0.128258 0.072466 0.127572 0.073654
0.127572 0.073654 0.128944 0.073654
0.128944 0.073654 0.129630 0.074842
0.129630 0.074842 0.130316 0.073654
0.130316 0.073654 0.131687 0.073654
0.131687 0.073654 0.131001 0.072466
0.131001 0.072466 0.131687 0.071278
0.131687 0.071278 0.133059 0.071278
0.133059 0.071278 0.133745 0.072466
0.133745 0.072466 0.134431 0.071278
0.134431 0.071278 0.135802 0.071278
0.135802 0.071278 0.135117 0.070090
0.135117 0.070090 0.135802 0.068902
0.135802 0.068902 0.134431 0.068902
0.134431 0.068902 0.133745 0.067714
0.133745 0.067714 0.134431 0.066526
0.134431 0.066526 0.135802 0.066526
0.135802 0.066526 0.135117 0.065338
0.135117 0.065338 0.135802 0.064150
0.135802 0.064150 0.137174 0.064150
0.137174 0.064150 0.137860 0.065338
0.137860 0.065338 0.138546 0.064150
0.138546 0.064150 0.139918 0.064150
0.139918 0.064150 0.140604 0.065338
0.140604 0.065338 0.139918 0.066526
0.139918 0.066526 0.141289 0.066526
0.141289 0.066526 0.141975 0.067714
0.141975 0.067714 0.142661 0.066526
0.142661 0.066526 0.144033 0.066526
0.144033 0.066526 0.143347 0.065338
0.143347 0.065338 0.144033 0.064150
0.144033 0.064150 0.145405 0.064150
0.145405 0.064150 0.146091 0.065338
0.146091 0.065338 0.146776 0.064150
0.146776 0.064150 0.148148 0.064150
0.148148 0.064150 0.148834 0.065338
0.148834 0.065338 0.148148 0.066526
0.148148 0.066526 0.149520 0.066526
0.149520 0.066526 0.150206 0.067714
0.150206 0.067714 0.149520 0.068902
0.149520 0.068902 0.148148 0.068902
0.148148 0.068902 0.148834 0.070090
0.148834 0.070090 0.148148 0.071278
0.148148 0.071278 0.149520 0.071278
0.149520 0.071278 0.150206 0.072466
0.150206 0.072466 0.150892 0.071278
0.150892 0.071278 0.152263 0.071278
0.152263 0.071278 0.152949 0.072466
0.152949 0.072466 0.152263 0.073654
0.152263 0.073654 0.153635 0.073654
0.153635 0.073654 0.154321 0.074842
0.154321 0.074842 0.153635 0.076030
0.153635 0.076030 0.152263 0.076030
0.152263 0.076030 0.152949 0.077218
0.152949 0.077218 0.152263 0.078406
0.152263 0.078406 0.150892 0.078406
0.150892 0.078406 0.150206 0.077218
0.150206 0.077218 0.149520 0.078406
0.149520 0.078406 0.148148 0.078406
0.148148 0.078406 0.148834 0.079594
0.148834 0.079594 0.148148 0.080782
0.148148 0.080782 0.149520 0.080782
0.149520 0.080782 0.150206 0.081969
0.150206 0.081969 0.149520 0.083157
0.149520 0.083157 0.148148 0.083157
0.148148 0.083157 0.148834 0.084345
0.148834 0.084345 0.148148 0.085533
0.148148 0.085533 0.149520 0.085533
0.149520 0.085533 0.150206 0.086721
0.150206 0.086721 0.150892 0.085533
0.150892 0.085533 0.152263 0.085533
0.152263 0.085533 0.152949 0.086721
0.152949 0.086721 0.152263 0.087909
0.152263 0.087909 0.153635 0.087909
0.153635 0.087909 0.154321 0.089097
0.154321 0.089097 0.155007 0.087909
0.155007 0.087909 0.156379 0.087909
0.156379 0.087909 0.155693 0.086721
0.155693 0.086721 0.156379 0.085533
0.156379 0.085533 0.157750 0.085533
0.157750 0.085533 0.158436 0.086721
0.158436 0.086721 0.159122 0.085533
0.159122 0.085533 0.160494 0.085533
0.160494 0.085533 0.161180 0.086721
0.161180 0.086721 0.160494 0.087909
0.160494 0.087909 0.161866 0.087909
0.161866 0.087909 0.162551 0.089097
0.162551 0.089097 0.161866 0.090285
0.161866 0.090285 0.160494 0.090285
0.160494 0.090285 0.161180 0.091473
0.161180 0.091473 0.160494 0.092661
0.160494 0.092661 0.161866 0.092661
0.161866 0.092661 0.162551 0.093849
0.162551 0.093849 0.163237 0.092661
0.163237 0.092661 0.164609 0.092661
0.164609 0.092661 0.165295 0.093849
0.165295 0.093849 0.164609 0.095037
0.164609 0.095037 0.165981 0.095037
0.165981 0.095037 0.166667 0.096225
0.166667 0.096225 0.167353 0.095037
0.167353 0.095037 0.168724 0.095037
0.168724 0.095037 0.168038 0.093849
0.168038 0.093849 0.168724 0.092661
0.168724 0.092661 0.170096 0.092661
0.170096 0.092661 0.170782 0.093849
0.170782 0.093849 0.171468 0.092661
0.171468 0.092661 0.172840 0.092661
0.172840 0.092661 0.172154 0.091473
0.172154 0.091473 0.172840 0.090285
0.172840 0.090285 0.171468 0.090285
0.171468 0.090285 0.170782 0.089097
0.170782 0.089097 0.171468 0.087909
0.171468 0.087909 0.172840 0.087909
0.172840 0.087909 0.172154 0.086721
0.172154 0.086721 0.172840 0.085533
0.172840 0.085533 0.174211 0.085533
0.174211 0.085533 0.174897 0.086721
0.174897 0.086721 0.175583 0.085533
0.175583 0.085533 0.176955 0.085533
0.176955 0.085533 0.177641 0.086721
0.177641 0.086721 0.176955 0.087909
0.176955 0.087909 0.178326 0.087909
0.178326 0.087909 0.179012 0.089097
0.179012 0.089097 0.179698 0.087909
0.179698 0.087909 0.181070 0.087909
0.181070 0.087909 0.180384 0.086721
0.180384 0.086721 0.181070 0.085533
0.181070 0.085533 0.182442 0.085533
0.182442 0.085533 0.183128 0.086721
0.183128 0.086721 0.183813 0.085533
0.183813 0.085533 0.185185 0.085533
0.185185 0.085533 0.184499 0.084345
0.184499 0.084345 0.185185 0.083157
0.185185 0.083157 0.183813 0.083157
0.183813 0.083157 0.183128 0.081969
0.183128 0.081969 0.183813 0.080782
0.183813 0.080782 0.185185 0.080782
0.185185 0.080782 0.184499 0.079594
0.184499 0.079594 0.185185 0.078406
0.185185 0.078406 0.183813 0.078406
0.183813 0.078406 0.183128 0.077218
0.183128 0.077218 0.182442 0.078406
0.182442 0.078406 0.181070 0.078406
0.181070 0.078406 0.180384 0.077218
0.180384 0.077218 0.181070 0.076030
0.181070 0.076030 0.179698 0.076030
0.179698 0.076030 0.179012 0.074842
0.179012 0.074842 0.179698 0.073654
0.179698 0.073654 0.181070 0.073654
0.181070 0.073654 0.180384 0.072466
0.180384 0.072466 0.181070 0.071278
0.181070 0.071278 0.182442 0.071278
0.182442 0.071278 0.183128 0.072466
0.183128 0.072466 0.183813 0.071278
0.183813 0.071278 0.185185 0.071278
0.185185 0.071278 0.184499 0.070090
0.184499 0.070090 0.185185 0.068902
0.185185 0.068902 0.183813 0.068902
0.183813 0.068902 0.183128 0.067714
0.183128 0.067714 0.183813 0.066526
0.183813 0.066526 0.185185 0.066526
0.185185 0.066526 0.184499 0.065338
0.184499 0.065338 0.185185 0.064150
0.185185 0.064150 0.186557 0.064150
0.186557 0.064150 0.187243 0.065338
0.187243 0.065338 0.187929 0.064150
0.187929 0.064150 0.189300 0.064150
0.189300 0.064150 0.189986 0.065338
0.189986 0.065338 0.189300 0.066526
0.189300 0.066526 0.190672 0.066526
0.190672 0.066526 0.191358 0.067714
0.191358 0.067714 0.192044 0.066526
0.192044 0.066526 0.193416 0.066526
0.193416 0.066526 0.192730 0.065338
0.192730 0.065338 0.193416 0.064150
0.193416 0.064150 0.194787 0.064150
0.194787 0.064150 0.195473 0.065338
0.195473 0.065338 0.196159 0.064150
0.196159 0.064150 0.197531 0.064150
0.197531 0.064150 0.198217 0.065338
0.198217 0.065338 0.197531 0.066526
0.197531 0.066526 0.198903 0.066526
0.198903 0.066526 0.199588 0.067714
0.199588 0.067714 0.198903 0.068902
0.198903 0.068902 0.197531 0.068902
0.197531 0.068902 0.198217 0.070090
0.198217 0.070090 0.197531 0.071278
0.197531 0.071278 0.198903 0.071278
0.198903 0.071278 0.199588 0.072466
0.199588 0.072466 0.200274 0.071278
0.200274 0.071278 0.201646 0.071278
0.201646 0.071278 0.202332 0.072466
0.202332 0.072466 0.201646 0.073654
0.201646 0.073654 0.203018 0.073654
0.203018 0.073654 0.203704 0.074842
0.203704 0.074842 0.204390 0.073654
0.204390 0.073654 0.205761 0.073654
0.205761 0.073654 0.205075 0.072466
0.205075 0.072466 0.205761 0.071278
0.205761 0.071278 0.207133 0.071278
0.207133 0.071278 0.207819 0.072466
0.207819 0.072466 0.208505 0.071278
0.208505 0.071278 0.209877 0.071278
0.209877 0.071278 0.209191 0.070090
0.209191 0.070090 0.209877 0.068902
0.209877 0.068902 0.208505 0.068902
0.208505 0.068902 0.207819 0.067714
0.207819 0.067714 0.208505 0.066526
0.208505 0.066526 0.209877 0.066526
0.209877 0.066526 0.209191 0.065338
0.209191 0.065338 0.209877 0.064150
0.209877 0.064150 0.211248 0.064150
0.211248 0.064150 0.211934 0.065338
0.211934 0.065338 0.212620 0.064150
0.212620 0.064150 0.213992 0.064150
0.213992 0.064150 0.214678 0.065338
0.214678 0.065338 0.213992 0.066526
0.213992 0.066526 0.215364 0.066526
0.215364 0.066526 0.216049 0.067714
0.216049 0.067714 0.216735 0.066526
0.216735 0.066526 0.218107 0.066526
0.218107 0.066526 0.217421 0.065338
0.217421 0.065338 0.218107 0.064150
0.218107 0.064150 0.219479 0.064150
0.219479 0.064150 0.220165 0.065338
0.220165 0.065338 0.220850 0.064150
0.220850 0.064150 0.222222 0.064150
0.222222 0.064150 0.221536 0.062962
0.221536 0.062962 0.222222 0.061774
0.222222 0.061774 0.220850 0.061774
0.220850 0.061774 0.220165 0.060586
0.220165 0.060586 0.220850 0.059398
0.220850 0.059398 0.222222 0.059398
0.222222 0.059398 0.221536 0.058210
0.221536 0.058210 0.222222 0.057022
0.222222 0.057022 0.220850 0.057022
0.220850 0.057022 0.220165 0.055834
0.220165 0.055834 0.219479 0.057022
0.219479 0.057022 0.218107 0.057022
0.218107 0.057022 0.217421 0.055834
0.217421 0.055834 0.218107 0.054646
0.218107 0.054646 0.216735 0.054646
0.216735 0.054646 0.216049 0.053458
0.216049 0.053458 0.216735 0.052270
0.216735 0.052270 0.218107 0.052270
0.218107 0.052270 0.217421 0.051082
0.217421 0.051082 0.218107 0.049894
0.218107 0.049894 0.219479 0.049894
0.219479 0.049894 0.220165 0.051082
0.220165 0.051082 0.220850 0.049894
0.220850 0.049894 0.222222 0.049894
0.222222 0.049894 0.221536 0.048707
0.221536 0.048707 0.222222 0.047519
0.222222 0.047519 0.220850 0.047519
0.220850 0.047519 0.220165 0.046331
0.220165 0.046331 0.220850 0.045143
0.220850 0.045143 0.222222 0.045143
0.222222 0.045143 0.221536 0.043955
0.221536 0.043955 0.222222 0.042767
0.222222 0.042767 0.220850 0.042767
0.220850 0.042767 0.220165 0.041579
0.220165 0.041579 0.219479 0.042767
0.219479 0.042767 0.218107 0.042767
0.218107 0.042767 0.217421 0.041579
0.217421 0.041579 0.218107 0.040391
0.218107 0.040391 0.216735 0.040391
0.216735 0.040391 0.216049 0.039203
0.216049 0.039203 0.215364 0.040391
0.215364 0.040391 0.213992 0.040391
0.213992 0.040391 0.214678 0.041579
0.214678 0.041579 0.213992 0.042767
0.213992 0.042767 0.212620 0.042767
0.212620 0.042767 0.211934 0.041579
0.211934 0.041579 0.211248 0.042767
0.211248 0.042767 0.209877 0.042767
0.209877 0.042767 0.209191 0.041579
0.209191 0.041579 0.209877 0.040391
0.209877 0.040391 0.208505 0.040391
0.208505 0.040391 0.207819 0.039203
0.207819 0.039203 0.208505 0.038015
0.208505 0.038015 0.209877 0.038015
0.209877 0.038015 0.209191 0.036827
0.209191 0.036827 0.209877 0.035639
0.209877 0.035639 0.208505 0.035639
0.208505 0.035639 0.207819 0.034451
0.207819 0.034451 0.207133 0.035639
0.207133 0.035639 0.205761 0.035639
0.205761 0.035639 0.205075 0.034451
0.205075 0.034451 0.205761 0.033263
0.205761 0.033263 0.204390 0.033263
0.204390 0.033263 0.203704 0.032075
0.203704 0.032075 0.204390 0.030887
0.204390 0.030887 0.205761 0.030887
0.205761 0.030887 0.205075 0.029699
0.205075 0.029699 0.205761 0.028511
0.205761 0.028511 0.207133 0.028511
0.207133 0.028511 0.207819 0.029699
0.207819 0.029699 0.208505 0.028511
0.208505 0.028511 0.209877 0.028511
0.209877 0.028511 0.209191 0.027323
0.209191 0.027323 0.209877 0.026135
0.209877 0.026135 0.208505 0.026135
0.208505 0.026135 0.207819 0.024947
0.207819 0.024947 0.208505 0.023759
0.208505 0.023759 0.209877 0.023759
0.209877 0.023759 0.209191 0.022571
0.209191 0.022571 0.209877 0.021383
0.209877 0.021383 0.211248 0.021383
0.211248 0.021383 0.211934 0.022571
0.211934 0.022571 0.212620 0.021383
0.212620 0.021383 0.213992 0.021383
0.213992 0.021383 0.214678 0.022571
0.214678 0.022571 0.213992 0.023759
0.213992 0.023759 0.215364 0.023759
0.215364 0.023759 0.216049 0.024947
0.216049 0.024947 0.216735 0.023759
0.216735 0.023759 0.218107 0.023759
0.218107 0.023759 0.217421 0.022571
0.217421 0.022571 0.218107 0.021383
0.218107 0.021383 0.219479 0.021383
0.219479 0.021383 0.220165 0.022571
0.220165 0.022571 0.220850 0.021383
0.220850 0.021383 0.222222 0.021383
0.222222 0.021383 0.221536 0.020195
0.221536 0.020195 0.222222 0.019007
0.222222 0.019007 0.220850 0.019007
0.220850 0.019007 0.220165 0.017819
0.220165 0.017819 0.220850 0.016631
0.220850 0.016631 0.222222 0.016631
0.222222 0.016631 0.221536 0.015444
0.221536 0.015444 0.222222 0.014256
0.222222 0.014256 0.220850 0.014256
0.220850 0.014256 0.220165 0.013068
0.220165 0.013068 0.219479 0.014256
0.219479 0.014256 0.218107 0.014256
0.218107 0.014256 0.217421 0.013068
0.217421 0.013068 0.218107 0.011880
0.218107 0.011880 0.216735 0.011880
0.216735 0.011880 0.216049 0.010692
0.216049 0.010692 0.216735 0.009504
0.216735 0.009504 0.218107 0.009504
0.218107 0.009504 0.217421 0.008316
0.217421 0.008316 0.218107 0.007128
0.218107 0.007128 0.219479 0.007128
0.219479 0.007128 0.220165 0.008316
0.220165 0.008316 0.220850 0.007128
0.220850 0.007128 0.222222 0.007128
0.222222 0.007128 0.221536 0.005940
0.221536 0.005940 0.222222 0.004752
0.222222 0.004752 0.220850 0.004752
0.220850 0.004752 0.220165 0.003564
0.220165 0.003564 0.220850 0.002376
0.220850 0.002376 0.222222 0.002376
0.222222 0.002376 0.221536 0.001188
0.221536 0.001188 0.222222 0.000000
0.222222 0.000000 0.223594 0.000000
0.223594 0.000000 0.224280 0.001188
0.224280 0.001188 0.224966 0.000000
0.224966 0.000000 0.226337 0.000000
0.226337 0.000000 0.227023 0.001188
0.227023 0.001188 0.226337 0.002376
0.226337 0.002376 0.227709 0.002376
0.227709 0.002376 0.228395 0.003564
0.228395 0.003564 0.229081 0.002376
0.229081 0.002376 0.230453 0.002376
0.230453 0.002376 0.229767 0.001188
0.229767 0.001188 0.230453 0.000000
0.230453 0.000000 0.231824 0.000000
0.231824 0.000000 0.232510 0.001188
0.232510 0.001188 0.233196 0.000000
0.233196 0.000000 0.234568 0.000000
0.234568 0.000000 0.235254 0.001188
0.235254 0.001188 0.234568 0.002376
0.234568 0.002376 0.235940 0.002376
0.235940 0.002376 0.236626 0.003564
0.236626 0.003564 0.235940 0.004752
0.235940 0.004752 0.234568 0.004752
0.234568 0.004752 0.235254 0.005940
0.235254 0.005940 0.234568 0.007128
0.234568 0.007128 0.235940 0.007128
0.235940 0.007128 0.236626 0.008316
0.236626 0.008316 0.237311 0.007128
0.237311 0.007128 0.238683 0.007128
0.238683 0.007128 0.239369 0.008316
0.239369 0.008316 0.238683 0.009504
0.238683 0.009504 0.240055 0.009504
0.240055 0.009504 0.240741 0.010692
0.240741 0.010692 0.241427 0.009504
0.241427 0.009504 0.242798 0.009504
0.242798 0.009504 0.242112 0.008316
0.242112 0.008316 0.242798 0.007128
0.242798 0.007128 0.244170 0.007128
0.244170 0.007128 0.244856 0.008316
0.244856 0.008316 0.245542 0.007128
0.245542 0.007128 0.246914 0.007128
0.246914 0.007128 0.246228 0.005940
0.246228 0.005940 0.246914 0.004752
0.246914 0.004752 0.245542 0.004752
0.245542 0.004752 0.244856 0.003564
0.244856 0.003564 0.245542 0.002376
0.245542 0.002376 0.246914 0.002376
0.246914 0.002376 0.246228 0.001188
0.246228 0.001188 0.246914 0.000000
0.246914 0.000000 0.248285 0.000000
0.248285 0.000000 0.248971 0.001188
0.248971 0.001188 0.249657 0.000000
0.249657 0.000000 0.251029 0.000000
0.251029 0.000000 0.251715 0.001188
0.251715 0.001188 0.251029 0.002376
0.251029 0.002376 0.252401 0.002376
0.252401 0.002376 0.253086 0.003564
0.253086 0.003564 0.253772 0.002376
0.253772 0.002376 0.255144 0.002376
0.255144 0.002376 0.254458 0.001188
0.254458 0.001188 0.255144 0.000000
0.255144 0.000000 0.256516 0.000000
0.256516 0.000000 0.257202 0.001188
0.257202 0.001188 0.257888 0.000000
0.257888 0.000000 0.259259 0.000000
0.259259 0.000000 0.259945 0.001188
0.259945 0.001188 0.259259 0.002376
0.259259 0.002376 0.260631 0.002376
0.260631 0.002376 0.261317 0.003564
0.261317 0.003564 0.260631 0.004752
0.260631 0.004752 0.259259 0.004752
0.259259 0.004752 0.259945 0.005940
0.259945 0.005940 0.259259 0.007128
0.259259 0.007128 0.260631 0.007128
0.260631 0.007128 0.261317 0.008316
0.261317 0.008316 0.262003 0.007128
0.262003 0.007128 0.263374 0.007128
0.263374 0.007128 0.264060 0.008316
0.264060 0.008316 0.263374 0.009504
0.263374 0.009504 0.264746 0.009504
0.264746 0.009504 0.265432 0.010692
0.265432 0.010692 0.264746 0.011880
0.264746 0.011880 0.263374 0.011880
0.263374 0.011880 0.264060 0.013068
0.264060 0.013068 0.263374 0.014256
0.263374 0.014256 0.262003 0.014256
0.262003 0.014256 0.261317 0.013068
0.261317 0.013068 0.260631 0.014256
0.260631 0.014256 0.259259 0.014256
0.259259 0.014256 0.259945 0.015444
0.259945 0.015444 0.259259 0.016631
0.259259 0.016631 0.260631 0.016631
0.260631 0.016631 0.261317 0.017819
0.261317 0.017819 0.260631 0.019007
0.260631 0.019007 0.259259 0.019007
0.259259 0.019007 0.259945 0.020195
0.259945 0.020195 0.259259 0.021383
0.259259 0.021383 0.260631 0.021383
0.260631 0.021383 0.261317 0.022571
0.261317 0.022571 0.262003 0.021383
0.262003 0.021383 0.263374 0.021383
0.263374 0.021383 0.264060 0.022571
0.264060 0.022571 0.263374 0.023759
0.263374 0.023759 0.264746 0.023759
0.264746 0.023759 0.265432 0.024947
0.265432 0.024947 0.266118 0.023759
0.266118 0.023759 0.267490 0.023759
0.267490 0.023759 0.266804 0.022571
0.266804 0.022571 0.267490 0.021383
0.267490 0.021383 0.268861 0.021383
0.268861 0.021383 0.269547 0.022571
0.269547 0.022571 0.270233 0.021383
0.270233 0.021383 0.271605 0.021383
0.271605 0.021383 0.272291 0.022571
0.272291 0.022571 0.271605 0.023759
0.271605 0.023759 0.272977 0.023759
0.272977 0.023759 0.273663 0.024947
0.273663 0.024947 0.272977 0.026135
0.272977 0.026135 0.271605 0.026135
0.271605 0.026135 0.272291 0.027323
0.272291 0.027323 0.271605 0.028511
0.271605 0.028511 0.272977 0.028511
0.272977 0.028511 0.273663 0.029699
0.273663 0.029699 0.274348 0.028511
0.274348 0.028511 0.275720 0.028511
0.275720 0.028511 0.276406 0.029699
0.276406 0.029699 0.275720 0.030887
0.275720 0.030887 0.277092 0.030887
0.277092 0.030887 0.277778 0.032075
0.277778 0.032075 0.278464 0.030887
0.278464 0.030887 0.279835 0.030887
0.279835 0.030887 0.279150 0.029699
0.279150 0.029699 0.279835 0.028511
0.279835 0.028511 0.281207 0.028511
0.281207 0.028511 0.281893 0.029699
0.281893 0.029699 0.282579 0.028511
0.282579 0.028511 0.283951 0.028511
0.283951 0.028511 0.283265 0.027323
0.283265 0.027323 0.283951 0.026135
0.283951 0.026135 0.282579 0.026135
0.282579 0.026135 0.281893 0.024947
0.281893 0.024947 0.282579 0.023759
0.282579 0.023759 0.283951 0.023759
0.283951 0.023759 0.283265 0.022571
0.283265 0.022571 0.283951 0.021383
0.283951 0.021383 0.285322 0.021383
0.285322 0.021383 0.286008 0.022571
0.286008 0.022571 0.286694 0.021383
0.286694 0.021383 0.288066 0.021383
0.288066 0.021383 0.288752 0.022571
0.288752 0.022571 0.288066 0.023759
0.288066 0.023759 0.289438 0.023759
0.289438 0.023759 0.290123 0.024947
0.290123 0.024947 0.290809 0.023759
0.290809 0.023759 0.292181 0.023759
0.292181 0.023759 0.291495 0.022571
0.291495 0.022571 0.292181 0.021383
0.292181 0.021383 0.293553 0.021383
0.293553 0.021383 0.294239 0.022571
0.294239 0.022571 0.294925 0.021383
0.294925 0.021383 0.296296 0.021383
0.296296 0.021383 0.295610 0.020195
0.295610 0.020195 0.296296 0.019007
0.296296 0.019007 0.294925 0.019007
0.294925 0.019007 0.294239 0.017819
0.294239 0.017819 0.294925 0.016631
0.294925 0.016631 0.296296 0.016631
0.296296 0.016631 0.295610 0.015444
0.295610 0.015444 0.296296 0.014256
0.296296 0.014256 0.294925 0.014256
0.294925 0.014256 0.294239 0.013068
0.294239 0.013068 0.293553 0.014256
0.293553 0.014256 0.292181 0.014256
0.292181 0.014256 0.291495 0.013068
0.291495 0.013068 0.292181 0.011880
0.292181 0.011880 0.290809 0.011880
0.290809 0.011880 0.290123 0.010692
0.290123 0.010692 0.290809 0.009504
0.290809 0.009504 0.292181 0.009504
0.292181 0.009504 0.291495 0.008316
0.291495 0.008316 0.292181 0.007128
0.292181 0.007128 0.293553 0.007128
0.293553 0.007128 0.294239 0.008316
0.294239 0.008316 0.294925 0.007128
0.294925 0.007128 0.296296 0.007128
0.296296 0.007128 0.295610 0.005940
0.295610 0.005940 0.296296 0.004752
0.296296 0.004752 0.294925 0.004752
0.294925 0.004752 0.294239 0.003564
0.294239 0.003564 0.294925 0.002376
0.294925 0.002376 0.296296 0.002376
0.296296 0.002376 0.295610 0.001188
0.295610 0.001188 0.296296 0.000000
0.296296 0.000000 0.297668 0.000000
0.297668 0.000000 0.298354 0.001188
0.298354 0.001188 0.299040 0.000000
0.299040 0.000000 0.300412 0.000000
0.300412 0.000000 0.301097 0.001188
0.301097 0.001188 0.300412 0.002376
0.300412 0.002376 0.301783 0.002376
0.301783 0.002376 0.302469 0.003564
0.302469 0.003564 0.303155 0.002376
0.303155 0.002376 0.304527 0.002376
0.304527 0.002376 0.303841 0.001188
0.303841 0.001188 0.304527 0.000000
0.304527 0.000000 0.305898 0.000000
0.305898 0.000000 0.306584 0.001188
0.306584 0.001188 0.307270 0.000000
0.307270 0.000000 0.308642 0.000000
0.308642 0.000000 0.309328 0.001188
0.309328 0.001188 0.308642 0.002376
0.308642 0.002376 0.310014 0.002376
0.310014 0.002376 0.310700 0.003564
0.310700 0.003564 0.310014 0.004752
0.310014 0.004752 0.308642 0.004752
0.308642 0.004752 0.309328 0.005940
0.309328 0.005940 0.308642 0.007128
0.308642 0.007128 0.310014 0.007128
0.310014 0.007128 0.310700 0.008316
0.310700 0.008316 0.311385 0.007128
0.311385 0.007128 0.312757 0.007128
0.312757 0.007128 0.313443 0.008316
0.313443 0.008316 0.312757 0.009504
0.312757 0.009504 0.314129 0.009504
0.314129 0.009504 0.314815 0.010692
0.314815 0.010692 0.315501 0.009504
0.315501 0.009504 0.316872 0.009504
0.316872 0.009504 0.316187 0.008316
0.316187 0.008316 0.316872 0.007128
0.316872 0.007128 0.318244 0.007128
0.318244 0.007128 0.318930 0.008316
0.318930 0.008316 0.319616 0.007128
0.319616 0.007128 0.320988 0.007128
0.320988 0.007128 0.320302 0.005940
0.320302 0.005940 0.320988 0.004752
0.320988 0.004752 0.319616 0.004752
0.319616 0.004752 0.318930 0.003564
0.318930 0.003564 0.319616 0.002376
0.319616 0.002376 0.320988 0.002376
0.320988 0.002376 0.320302 0.001188
0.320302 0.001188 0.320988 0.000000
0.320988 0.000000 0.322359 0.000000
0.322359 0.000000 0.323045 0.001188
0.323045 0.001188 0.323731 0.000000
0.323731 0.000000 0.325103 0.000000
0.325103 0.000000 0.325789 0.001188
0.325789 0.001188 0.325103 0.002376
0.325103 0.002376 0.326475 0.002376
0.326475 0.002376 0.327160 0.003564
0.327160 0.003564 0.327846 0.002376
0.327846 0.002376 0.329218 0.002376
0.329218 0.002376 0.328532 0.001188
0.328532 0.001188 0.329218 0.000000
0.329218 0.000000 0.330590 0.000000
0.330590 0.000000 0.331276 0.001188
0.331276 0.001188 0.331962 0.000000
0.331962 0.000000 0.333333 0.000000
0.333333 0.000000 0.334019 0.001188
0.334019 0.001188 0.333333 0.002376
0.333333 0.002376 0.334705 0.002376
0.334705 0.002376 0.335391 0.003564
0.335391 0.003564 0.334705 0.004752
0.334705 0.004752 0.333333 0.004752
0.333333 0.004752 0.334019 0.005940
0.334019 0.005940 0.333333 0.007128
0.333333 0.007128 0.334705 0.007128
0.334705 0.007128 0.335391 0.008316
0.335391 0.008316 0.336077 0.007128
0.336077 0.007128 0.337449 0.007128
0.337449 0.007128 0.338134 0.008316
0.338134 0.008316 0.337449 0.009504
0.337449 0.009504 0.338820 0.009504
0.338820 0.009504 0.339506 0.010692
0.339506 0.010692 0.338820 0.011880
0.338820 0.011880 0.337449 0.011880
0.337449 0.011880 0.338134 0.013068
0.338134 0.013068 0.337449 0.014256
0.337449 0.014256 0.336077 0.014256
0.336077 0.014256 0.335391 0.013068
0.335391 0.013068 0.334705 0.014256
0.334705 0.014256 0.333333 0.014256
0.333333 0.014256 0.334019 0.015444
0.334019 0.015444 0.333333 0.016631
0.333333 0.016631 0.334705 0.016631
0.334705 0.016631 0.335391 0.017819
0.335391 0.017819 0.334705 0.019007
0.334705 0.019007 0.333333 0.019007
0.333333 0.019007 0.334019 0.020195
0.334019 0.020195 0.333333 0.021383
0.333333 0.021383 0.334705 0.021383
0.334705 0.021383 0.335391 0.022571
0.335391 0.022571 0.336077 0.021383
0.336077 0.021383 0.337449 0.021383
0.337449 0.021383 0.338134 0.022571
0.338134 0.022571 0.337449 0.023759
0.337449 0.023759 0.338820 0.023759
0.338820 0.023759 0.339506 0.024947
0.339506 0.024947 0.340192 0.023759
0.340192 0.023759 0.341564 0.023759
0.341564 0.023759 0.340878 0.022571
0.340878 0.022571 0.341564 0.021383
0.341564 0.021383 0.342936 0.021383
0.342936 0.021383 0.343621 0.022571
0.343621 0.022571 0.344307 0.021383
0.344307 0.021383 0.345679 0.021383
0.345679 0.021383 0.346365 0.022571
0.346365 0.022571 0.345679 0.023759
0.345679 0.023759 0.347051 0.023759
0.347051 0.023759 0.347737 0.024947
0.347737 0.024947 0.347051 0.026135
0.347051 0.026135 0.345679 0.026135
0.345679 0.026135 0.346365 0.027323
0.346365 0.027323 0.345679 0.028511
0.345679 0.028511 0.347051 0.028511
0.347051 0.028511 0.347737 0.029699
0.347737 0.029699 0.348422 0.028511
0.348422 0.028511 0.349794 0.028511
0.349794 0.028511 0.350480 0.029699
0.350480 0.029699 0.349794 0.030887
0.349794 0.030887 0.351166 0.030887
0.351166 0.030887 0.351852 0.032075
0.351852 0.032075 0.351166 0.033263
0.351166 0.033263 0.349794 0.033263
0.349794 0.033263 0.350480 0.034451
0.350480 0.034451 0.349794 0.035639
0.349794 0.035639 0.348422 0.035639
0.348422 0.035639 0.347737 0.034451
0.347737 0.034451 0.347051 0.035639
0.347051 0.035639 0.345679 0.035639
0.345679 0.035639 0.346365 0.036827
0.346365 0.036827 0.345679 0.038015
0.345679 0.038015 0.347051 0.038015
0.347051 0.038015 0.347737 0.039203
0.347737 0.039203 0.347051 0.040391
0.347051 0.040391 0.345679 0.040391
0.345679 0.040391 0.346365 0.041579
0.346365 0.041579 0.345679 0.042767
0.345679 0.042767 0.344307 0.042767
0.344307 0.042767 0.343621 0.041579
0.343621 0.041579 0.342936 0.042767
0.342936 0.042767 0.341564 0.042767
0.341564 0.042767 0.340878 0.041579
0.340878 0.041579 0.341564 0.040391
0.341564 0.040391 0.340192 0.040391
0.340192 0.040391 0.339506 0.039203
0.339506 0.039203 0.338820 0.040391
0.338820 0.040391 0.337449 0.040391
0.337449 0.040391 0.338134 0.041579
0.338134 0.041579 0.337449 0.042767
0.337449 0.042767 0.336077 0.042767
0.336077 0.042767 0.335391 0.041579
0.335391 0.041579 0.334705 0.042767
0.334705 0.042767 0.333333 0.042767
0.333333 0.042767 0.334019 0.043955
0.334019 0.043955 0.333333 0.045143
0.333333 0.045143 0.334705 0.045143
0.334705 0.045143 0.335391 0.046331
0.335391 0.046331 0.334705 0.047519
0.334705 0.047519 0.333333 0.047519
0.333333 0.047519 0.334019 0.048707
0.334019 0.048707 0.333333 0.049894
0.333333 0.049894 0.334705 0.049894
0.334705 0.049894 0.335391 0.051082
0.335391 0.051082 0.336077 0.049894
0.336077 0.049894 0.337449 0.049894
0.337449 0.049894 0.338134 0.051082
0.338134 0.051082 0.337449 0.052270
0.337449 0.052270 0.338820 0.052270
0.338820 0.052270 0.339506 0.053458
0.339506 0.053458 0.338820 0.054646
0.338820 0.054646 0.337449 0.054646
0.337449 0.054646 0.338134 0.055834
0.338134 0.055834 0.337449 0.057022
0.337449 0.057022 0.336077 0.057022
0.336077 0.057022 0.335391 0.055834
0.335391 0.055834 0.334705 0.057022
0.334705 0.057022 0.333333 0.057022
0.333333 0.057022 0.334019 0.058210
0.334019 0.058210 0.333333 0.059398
0.333333 0.059398 0.334705 0.059398
0.334705 0.059398 0.335391 0.060586
0.335391 0.060586 0.334705 0.061774
0.334705 0.061774 0.333333 0.061774
0.333333 0.061774 0.334019 0.062962
0.334019 0.062962 0.333333 0.064150
0.333333 0.064150 0.334705 0.064150
0.334705 0.064150 0.335391 0.065338
0.335391 0.065338 0.336077 0.064150
0.336077 0.064150 0.337449 0.064150
0.337449 0.064150 0.338134 0.065338
0.338134 0.065338 0.337449 0.066526
0.337449 0.066526 0.338820 0.066526
0.338820 0.066526 0.339506 0.067714
0.339506 0.067714 0.340192 0.066526
0.340192 0.066526 0.341564 0.066526
0.341564 0.066526 0.340878 0.065338
0.340878 0.065338 0.341564 0.064150
0.341564 0.064150 0.342936 0.064150
0.342936 0.064150 0.343621 0.065338
0.343621 0.065338 0.344307 0.064150
0.344307 0.064150 0.345679 0.064150
0.345679 0.064150 0.346365 0.065338
0.346365 0.065338 0.345679 0.066526
0.345679 0.066526 0.347051 0.066526
0.347051 0.066526 0.347737 0.067714
0.347737 0.067714 0.347051 0.068902
0.347051 0.068902 0.345679 0.068902
0.345679 0.068902 0.346365 0.070090
0.346365 0.070090 0.345679 0.071278
0.345679 0.071278 0.347051 0.071278
0.347051 0.071278 0.347737 0.072466
0.347737 0.072466 0.348422 0.071278
0.348422 0.071278 0.349794 0.071278
0.349794 0.071278 0.350480 0.072466
0.350480 0.072466 0.349794 0.073654
0.349794 0.073654 0.351166 0.073654
0.351166 0.073654 0.351852 0.074842
0.351852 0.074842 0.352538 0.073654
0.352538 0.073654 0.353909 0.073654
0.353909 0.073654 0.353224 0.072466
0.353224 0.072466 0.353909 0.071278
0.353909 0.071278 0.355281 0.071278
0.355281 0.071278 0.355967 0.072466
0.355967 0.072466 0.356653 0.071278
0.356653 0.071278 0.358025 0.071278
0.358025 0.071278 0.357339 0.070090
0.357339 0.070090 0.358025 0.068902
0.358025 0.068902 0.356653 0.068902
0.356653 0.068902 0.355967 0.067714
0.355967 0.067714 0.356653 0.066526
0.356653 0.066526 0.358025 0.066526
0.358025 0.066526 0.357339 0.065338
0.357339 0.065338 0.358025 0.064150
0.358025 0.064150 0.359396 0.064150
0.359396 0.064150 0.360082 0.065338
0.360082 0.065338 0.360768 0.064150
0.360768 0.064150 0.362140 0.064150
0.362140 0.064150 0.362826 0.065338
0.362826 0.065338 0.362140 0.066526
0.362140 0.066526 0.363512 0.066526
0.363512 0.066526 0.364198 0.067714
0.364198 0.067714 0.364883 0.066526
0.364883 0.066526 0.366255 0.066526
0.366255 0.066526 0.365569 0.065338
0.365569 0.065338 0.366255 0.064150
0.366255 0.064150 0.367627 0.064150
0.367627 0.064150 0.368313 0.065338
0.368313 0.065338 0.368999 0.064150
0.368999 0.064150 0.370370 0.064150
0.370370 0.064150 0.371056 0.065338
0.371056 0.065338 0.370370 0.066526
0.370370 0.066526 0.371742 0.066526
0.371742 0.066526 0.372428 0.067714
0.372428 0.067714 0.371742 0.068902
0.371742 0.068902 0.370370 0.068902
0.370370 0.068902 0.371056 0.070090
0.371056 0.070090 0.370370 0.071278
0.370370 0.071278 0.371742 0.071278
0.371742 0.071278 0.372428 0.072466
0.372428 0.072466 0.373114 0.071278
0.373114 0.071278 0.374486 0.071278
0.374486 0.071278 0.375171 0.072466
0.375171 0.072466 0.374486 0.073654
0.374486 0.073654 0.375857 0.073654
0.375857 0.073654 0.376543 0.074842
0.376543 0.074842 0.375857 0.076030
0.375857 0.076030 0.374486 0.076030
0.374486 0.076030 0.375171 0.077218
0.375171 0.077218 0.374486 0.078406
0.374486 0.078406 0.373114 0.078406
0.373114 0.078406 0.372428 0.077218
0.372428 0.077218 0.371742 0.078406
0.371742 0.078406 0.370370 0.078406
0.370370 0.078406 0.371056 0.079594
0.371056 0.079594 0.370370 0.080782
0.370370 0.080782 0.371742 0.080782
0.371742 0.080782 0.372428 0.081969
0.372428 0.081969 0.371742 0.083157
0.371742 0.083157 0.370370 0.083157
0.370370 0.083157 0.371056 0.084345
0.371056 0.084345 0.370370 0.085533
0.370370 0.085533 0.371742 0.085533
0.371742 0.085533 0.372428 0.086721
0.372428 0.086721 0.373114 0.085533
0.373114 0.085533 0.374486 0.085533
0.374486 0.085533 0.375171 0.086721
0.375171 0.086721 0.374486 0.087909
0.374486 0.087909 0.375857 0.087909
0.375857 0.087909 0.376543 0.089097
0.376543 0.089097 0.377229 0.087909
0.377229 0.087909 0.378601 0.087909
0.378601 0.087909 0.377915 0.086721
0.377915 0.086721 0.378601 0.085533
0.378601 0.085533 0.379973 0.085533
0.379973 0.085533 0.380658 0.086721
0.380658 0.086721 0.381344 0.085533
0.381344 0.085533 0.382716 0.085533
0.382716 0.085533 0.383402 0.086721
0.383402 0.086721 0.382716 0.087909
0.382716 0.087909 0.384088 0.087909
0.384088 0.087909 0.384774 0.089097
0.384774 0.089097 0.384088 0.090285
0.384088 0.090285 0.382716 0.090285
0.382716 0.090285 0.383402 0.091473
0.383402 0.091473 0.382716 0.092661
0.382716 0.092661 0.384088 0.092661
0.384088 0.092661 0.384774 0.093849
0.384774 0.093849 0.385460 0.092661
0.385460 0.092661 0.386831 0.092661
0.386831 0.092661 0.387517 0.093849
0.387517 0.093849 0.386831 0.095037
0.386831 0.095037 0.388203 0.095037
0.388203 0.095037 0.388889 0.096225
0.388889 0.096225 0.388203 0.097413
0.388203 0.097413 0.386831 0.097413
0.386831 0.097413 0.387517 0.098601
0.387517 0.098601 0.386831 0.099789
0.386831 0.099789 0.385460 0.099789
0.385460 0.099789 0.384774 0.098601
0.384774 0.098601 0.384088 0.099789
0.384088 0.099789 0.382716 0.099789
0.382716 0.099789 0.383402 0.100977
0.383402 0.100977 0.382716 0.102165
0.382716 0.102165 0.384088 0.102165
0.384088 0.102165 0.384774 0.103353
0.384774 0.103353 0.384088 0.104541
0.384088 0.104541 0.382716 0.104541
0.382716 0.104541 0.383402 0.105729
0.383402 0.105729 0.382716 0.106917
0.382716 0.106917 0.381344 0.106917
0.381344 0.106917 0.380658 0.105729
0.380658 0.105729 0.379973 0.106917
0.379973 0.106917 0.378601 0.106917
0.378601 0.106917 0.377915 0.105729
0.377915 0.105729 0.378601 0.104541
0.378601 0.104541 0.377229 0.104541
0.377229 0.104541 0.376543 0.103353
0.376543 0.103353 0.375857 0.104541
0.375857 0.104541 0.374486 0.104541
0.374486 0.104541 0.375171 0.105729
0.375171 0.105729 0.374486 0.106917
0.374486 0.106917 0.373114 0.106917
0.373114 0.106917 0.372428 0.105729
0.372428 0.105729 0.371742 0.106917
0.371742 0.106917 0.370370 0.106917
0.370370 0.106917 0.371056 0.108105
0.371056 0.108105 0.370370 0.109293
0.370370 0.109293 0.371742 0.109293
0.371742 0.109293 0.372428 0.110481
0.372428 0.110481 0.371742 0.111669
0.371742 0.111669 0.370370 0.111669
0.370370 0.111669 0.371056 0.112857
0.371056 0.112857 0.370370 0.114044
0.370370 0.114044 0.371742 0.114044
0.371742 0.114044 0.372428 0.115232
0.372428 0.115232 0.373114 0.114044
0.373114 0.114044 0.374486 0.114044
0.374486 0.114044 0.375171 0.115232
0.375171 0.115232 0.374486 0.116420
0.374486 0.116420 0.375857 0.116420
0.375857 0.116420 0.376543 0.117608
0.376543 0.117608 0.375857 0.118796
0.375857 0.118796 0.374486 0.118796
0.374486 0.118796 0.375171 0.119984
0.375171 0.119984 0.374486 0.121172
0.374486 0.121172 0.373114 0.121172
0.373114 0.121172 0.372428 0.119984
0.372428 0.119984 0.371742 0.121172
0.371742 0.121172 0.370370 0.121172
0.370370 0.121172 0.371056 0.122360
0.371056 0.122360 0.370370 0.123548
0.370370 0.123548 0.371742 0.123548
0.371742 0.123548 0.372428 0.124736
0.372428 0.124736 0.371742 0.125924
0.371742 0.125924 0.370370 0.125924
0.370370 0.125924 0.371056 0.127112
0.371056 0.127112 0.370370 0.128300
0.370370 0.128300 0.368999 0.128300
0.368999 0.128300 0.368313 0.127112
0.368313 0.127112 0.367627 0.128300
0.367627 0.128300 0.366255 0.128300
0.366255 0.128300 0.365569 0.127112
0.365569 0.127112 0.366255 0.125924
0.366255 0.125924 0.364883 0.125924
0.364883 0.125924 0.364198 0.124736
0.364198 0.124736 0.363512 0.125924
0.363512 0.125924 0.362140 0.125924
0.362140 0.125924 0.362826 0.127112
0.362826 0.127112 0.362140 0.128300
0.362140 0.128300 0.360768 0.128300
0.360768 0.128300 0.360082 0.127112
0.360082 0.127112 0.359396 0.128300
0.359396 0.128300 0.358025 0.128300
0.358025 0.128300 0.357339 0.127112
0.357339 0.127112 0.358025 0.125924
0.358025 0.125924 0.356653 0.125924
0.356653 0.125924 0.355967 0.124736
0.355967 0.124736 0.356653 0.123548
0.356653 0.123548 0.358025 0.123548
0.358025 0.123548 0.357339 0.122360
0.357339 0.122360 0.358025 0.121172
0.358025 0.121172 0.356653 0.121172
0.356653 0.121172 0.355967 0.119984
0.355967 0.119984 0.355281 0.121172
0.355281 0.121172 0.353909 0.121172
0.353909 0.121172 0.353224 0.119984
0.353224 0.119984 0.353909 0.118796
0.353909 0.118796 0.352538 0.118796
0.352538 0.118796 0.351852 0.117608
0.351852 0.117608 0.351166 0.118796
0.351166 0.118796 0.349794 0.118796
0.349794 0.118796 0.350480 0.119984
0.350480 0.119984 0.349794 0.121172
0.349794 0.121172 0.348422 0.121172
0.348422 0.121172 0.347737 0.119984
0.347737 0.119984 0.347051 0.121172
0.347051 0.121172 0.345679 0.121172
0.345679 0.121172 0.346365 0.122360
0.346365 0.122360 0.345679 0.123548
0.345679 0.123548 0.347051 0.123548
0.347051 0.123548 0.347737 0.124736
0.347737 0.124736 0.347051 0.125924
0.347051 0.125924 0.345679 0.125924
0.345679 0.125924 0.346365 0.127112
0.346365 0.127112 0.345679 0.128300
0.345679 0.128300 0.344307 0.128300
0.344307 0.128300 0.343621 0.127112
0.343621 0.127112 0.342936 0.128300
0.342936 0.128300 0.341564 0.128300
0.341564 0.128300 0.340878 0.127112
0.340878 0.127112 0.341564 0.125924
0.341564 0.125924 0.340192 0.125924
0.340192 0.125924 0.339506 0.124736
0.339506 0.124736 0.338820 0.125924
0.338820 0.125924 0.337449 0.125924
0.337449 0.125924 0.338134 0.127112
0.338134 0.127112 0.337449 0.128300
0.337449 0.128300 0.336077 0.128300
0.336077 0.128300 0.335391 0.127112
0.335391 0.127112 0.334705 0.128300
0.334705 0.128300 0.333333 0.128300
0.333333 0.128300 0.334019 0.129488
0.334019 0.129488 0.333333 0.130676
0.333333 0.130676 0.334705 0.130676
0.334705 0.130676 0.335391 0.131864
0.335391 0.131864 0.334705 0.133052
0.334705 0.133052 0.333333 0.133052
0.333333 0.133052 0.334019 0.134240
0.334019 0.134240 0.333333 0.135428
0.333333 0.135428 0.334705 0.135428
0.334705 0.135428 0.335391 0.136616
0.335391 0.136616 0.336077 0.135428
0.336077 0.135428 0.337449 0.135428
0.337449 0.135428 0.338134 0.136616
0.338134 0.136616 0.337449 0.137804
0.337449 0.137804 0.338820 0.137804
0.338820 0.137804 0.339506 0.138992
0.339506 0.138992 0.338820 0.140180
0.338820 0.140180 0.337449 0.140180
0.337449 0.140180 0.338134 0.141368
0.338134 0.141368 0.337449 0.142556
0.337449 0.142556 0.336077 0.142556
0.336077 0.142556 0.335391 0.141368
0.335391 0.141368 0.334705 0.142556
0.334705 0.142556 0.333333 0.142556
0.333333 0.142556 0.334019 0.143744
0.334019 0.143744 0.333333 0.144932
0.333333 0.144932 0.334705 0.144932
0.334705 0.144932 0.335391 0.146120
0.335391 0.146120 0.334705 0.147307
0.334705 0.147307 0.333333 0.147307
0.333333 0.147307 0.334019 0.148495
0.334019 0.148495 0.333333 0.149683
0.333333 0.149683 0.334705 0.149683
0.334705 0.149683 0.335391 0.150871
0.335391 0.150871 0.336077 0.149683
0.336077 0.149683 0.337449 0.149683
0.337449 0.149683 0.338134 0.150871
0.338134 0.150871 0.337449 0.152059
0.337449 0.152059 0.338820 0.152059
0.338820 0.152059 0.339506 0.153247
0.339506 0.153247 0.340192 0.152059
0.340192 0.152059 0.341564 0.152059
0.341564 0.152059 0.340878 0.150871
0.340878 0.150871 0.341564 0.149683
0.341564 0.149683 0.342936 0.149683
0.342936 0.149683 0.343621 0.150871
0.343621 0.150871 0.344307 0.149683
0.344307 0.149683 0.345679 0.149683
0.345679 0.149683 0.346365 0.150871
0.346365 0.150871 0.345679 0.152059
0.345679 0.152059 0.347051 0.152059
0.347051 0.152059 0.347737 0.153247
0.347737 0.153247 0.347051 0.154435
0.347051 0.154435 0.345679 0.154435
0.345679 0.154435 0.346365 0.155623
0.346365 0.155623 0.345679 0.156811
0.345679 0.156811 0.347051 0.156811
0.347051 0.156811 0.347737 0.157999
0.347737 0.157999 0.348422 0.156811
0.348422 0.156811 0.349794 0.156811
0.349794 0.156811 0.350480 0.157999
0.350480 0.157999 0.349794 0.159187
0.349794 0.159187 0.351166 0.159187
0.351166 0.159187 0.351852 0.160375
0.351852 0.160375 0.351166 0.161563
0.351166 0.161563 0.349794 0.161563
0.349794 0.161563 0.350480 0.162751
0.350480 0.162751 0.349794 0.163939
0.349794 0.163939 0.348422 0.163939
0.348422 0.163939 0.347737 0.162751
0.347737 0.162751 0.347051 0.163939
0.347051 0.163939 0.345679 0.163939
0.345679 0.163939 0.346365 0.165127
0.346365 0.165127 0.345679 0.166315
0.345679 0.166315 0.347051 0.166315
0.347051 0.166315 0.347737 0.167503
0.347737 0.167503 0.347051 0.168691
0.347051 0.168691 0.345679 0.168691
0.345679 0.168691 0.346365 0.169879
0.346365 0.169879 0.345679 0.171067
0.345679 0.171067 0.344307 0.171067
0.344307 0.171067 0.343621 0.169879
0.343621 0.169879 0.342936 0.171067
0.342936 0.171067 0.341564 0.171067
0.341564 0.171067 0.340878 0.169879
0.340878 0.169879 0.341564 0.168691
0.341564 0.168691 0.340192 0.168691
0.340192 0.168691 0.339506 0.167503
0.339506 0.167503 0.338820 0.168691
0.338820 0.168691 0.337449 0.168691
0.337449 0.168691 0.338134 0.169879
0.338134 0.169879 0.337449 0.171067
0.337449 0.171067 0.336077 0.171067
0.336077 0.171067 0.335391 0.169879
0.335391 0.169879 0.334705 0.171067
0.334705 0.171067 0.333333 0.171067
0.333333 0.171067 0.334019 0.172255
0.334019 0.172255 0.333333 0.173443
0.333333 0.173443 0.334705 0.173443
0.334705 0.173443 0.335391 0.174631
0.335391 0.174631 0.334705 0.175819
0.334705 0.175819 0.333333 0.175819
0.333333 0.175819 0.334019 0.177007
0.334019 0.177007 0.333333 0.178195
0.333333 0.178195 0.334705 0.178195
0.334705 0.178195 0.335391 0.179382
0.335391 0.179382 0.336077 0.178195
0.336077 0.178195 0.337449 0.178195
0.337449 0.178195 0.338134 0.179382
0.338134 0.179382 0.337449 0.180570
0.337449 0.180570 0.338820 0.180570
0.338820 0.180570 0.339506 0.181758
0.339506 0.181758 0.338820 0.182946
0.338820 0.182946 0.337449 0.182946
0.337449 0.182946 0.338134 0.184134
0.338134 0.184134 0.337449 0.185322
0.337449 0.185322 0.336077 0.185322
0.336077 0.185322 0.335391 0.184134
0.335391 0.184134 0.334705 0.185322
0.334705 0.185322 0.333333 0.185322
0.333333 0.185322 0.334019 0.186510
0.334019 0.186510 0.333333 0.187698
0.333333 0.187698 0.334705 0.187698
0.334705 0.187698 0.335391 0.188886
0.335391 0.188886 0.334705 0.190074
0.334705 0.190074 0.333333 0.190074
0.333333 0.190074 0.334019 0.191262
0.334019 0.191262 0.333333 0.192450
0.333333 0.192450 0.334705 0.192450
0.334705 0.192450 0.335391 0.193638
0.335391 0.193638 0.336077 0.192450
0.336077 0.192450 0.337449 0.192450
0.337449 0.192450 0.338134 0.193638
0.338134 0.193638 0.337449 0.194826
0.337449 0.194826 0.338820 0.194826
0.338820 0.194826 0.339506 0.196014
0.339506 0.196014 0.340192 0.194826
0.340192 0.194826 0.341564 0.194826
0.341564 0.194826 0.340878 0.193638
0.340878 0.193638 0.341564 0.192450
0.341564 0.192450 0.342936 0.192450
0.342936 0.192450 0.343621 0.193638
0.343621 0.193638 0.344307 0.192450
0.344307 0.192450 0.345679 0.192450
0.345679 0.192450 0.346365 0.193638
0.346365 0.193638 0.345679 0.194826
0.345679 0.194826 0.347051 0.194826
0.347051 0.194826 0.347737 0.196014
0.347737 0.196014 0.347051 0.197202
0.347051 0.197202 0.345679 0.197202
0.345679 0.197202 0.346365 0.198390
0.346365 0.198390 0.345679 0.199578
0.345679 0.199578 0.347051 0.199578
0.347051 0.199578 0.347737 0.200766
0.347737 0.200766 0.348422 0.199578
0.348422 0.199578 0.349794 0.199578
0.349794 0.199578 0.350480 0.200766
0.350480 0.200766 0.349794 0.201954
0.349794 0.201954 0.351166 0.201954
0.351166 0.201954 0.351852 0.203142
0.351852 0.203142 0.352538 0.201954
0.352538 0.201954 0.353909 0.201954
0.353909 0.201954 0.353224 0.200766
0.353224 0.200766 0.353909 0.199578
0.353909 0.199578 0.355281 0.199578
0.355281 0.199578 0.355967 0.200766
0.355967 0.200766 0.356653 0.199578
0.356653 0.199578 0.358025 0.199578
0.358025 0.199578 0.357339 0.198390
0.357339 0.198390 0.358025 0.197202
0.358025 0.197202 0.356653 0.197202
0.356653 0.197202 0.355967 0.196014
0.355967 0.196014 0.356653 0.194826
0.356653 0.194826 0.358025 0.194826
0.358025 0.194826 0.357339 0.193638
0.357339 0.193638 0.358025 0.192450
0.358025 0.192450 0.359396 0.192450
0.359396 0.192450 0.360082 0.193638
0.360082 0.193638 0.360768 0.192450
0.360768 0.192450 0.362140 0.192450
0.362140 0.192450 0.362826 0.193638
0.362826 0.193638 0.362140 0.194826
0.362140 0.194826 0.363512 0.194826
0.363512 0.194826 0.364198 0.196014
0.364198 0.196014 0.364883 0.194826
0.364883 0.194826 0.366255 0.194826
0.366255 0.194826 0.365569 0.193638
0.365569 0.193638 0.366255 0.192450
0.366255 0.192450 0.367627 0.192450
0.367627 0.192450 0.368313 0.193638
0.368313 0.193638 0.368999 0.192450
0.368999 0.192450 0.370370 0.192450
0.370370 0.192450 0.371056 0.193638
0.371056 0.193638 0.370370 0.194826
0.370370 0.194826 0.371742 0.194826
0.371742 0.194826 0.372428 0.196014
0.372428 0.196014 0.371742 0.197202
0.371742 0.197202 0.370370 0.197202
0.370370 0.197202 0.371056 0.198390
0.371056 0.198390 0.370370 0.199578
0.370370 0.199578 0.371742 0.199578
0.371742 0.199578 0.372428 0.200766
0.372428 0.200766 0.373114 0.199578
0.373114 0.199578 0.374486 0.199578
0.374486 0.199578 0.375171 0.200766
0.375171 0.200766 0.374486 0.201954
0.374486 0.201954 0.375857 0.201954
0.375857 0.201954 0.376543 0.203142
0.376543 0.203142 0.375857 0.204330
0.375857 0.204330 0.374486 0.204330
0.374486 0.204330 0.375171 0.205518
0.375171 0.205518 0.374486 0.206706
0.374486 0.206706 0.373114 0.206706
0.373114 0.206706 0.372428 0.205518
0.372428 0.205518 0.371742 0.206706
0.371742 0.206706 0.370370 0.206706
0.370370 0.206706 0.371056 0.207894
0.371056 0.207894 0.370370 0.209082
0.370370 0.209082 0.371742 0.209082
0.371742 0.209082 0.372428 0.210270
0.372428 0.210270 0.371742 0.211458
0.371742 0.211458 0.370370 0.211458
0.370370 0.211458 0.371056 0.212645
0.371056 0.212645 0.370370 0.213833
0.370370 0.213833 0.371742 0.213833
0.371742 0.213833 0.372428 0.215021
0.372428 0.215021 0.373114 0.213833
0.373114 0.213833 0.374486 0.213833
0.374486 0.213833 0.375171 0.215021
0.375171 0.215021 0.374486 0.216209
0.374486 0.216209 0.375857 0.216209
0.375857 0.216209 0.376543 0.217397
0.376543 0.217397 0.377229 0.216209
0.377229 0.216209 0.378601 0.216209
0.378601 0.216209 0.377915 0.215021
0.377915 0.215021 0.378601 0.213833
0.378601 0.213833 0.379973 0.213833
0.379973 0.213833 0.380658 0.215021
0.380658 0.215021 0.381344 0.213833
0.381344 0.213833 0.382716 0.213833
0.382716 0.213833 0.383402 0.215021
0.383402 0.215021 0.382716 0.216209
0.382716 0.216209 0.384088 0.216209
0.384088 0.216209 0.384774 0.217397
0.384774 0.217397 0.384088 0.218585
0.384088 0.218585 0.382716 0.218585
0.382716 0.218585 0.383402 0.219773
0.383402 0.219773 0.382716 0.220961
0.382716 0.220961 0.384088 0.220961
0.384088 0.220961 0.384774 0.222149
0.384774 0.222149 0.385460 0.220961
0.385460 0.220961 0.386831 0.220961
0.386831 0.220961 0.387517 0.222149
0.387517 0.222149 0.386831 0.223337
0.386831 0.223337 0.388203 0.223337
0.388203 0.223337 0.388889 0.224525
0.388889 0.224525 0.389575 0.223337
0.389575 0.223337 0.390947 0.223337
0.390947 0.223337 0.390261 0.222149
0.390261 0.222149 0.390947 0.220961
0.390947 0.220961 0.392318 0.220961
0.392318 0.220961 0.393004 0.222149
0.393004 0.222149 0.393690 0.220961
0.393690 0.220961 0.395062 0.220961
0.395062 0.220961 0.394376 0.219773
0.394376 0.219773 0.395062 0.218585
0.395062 0.218585 0.393690 0.218585
0.393690 0.218585 0.393004 0.217397
0.393004 0.217397 0.393690 0.216209
0.393690 0.216209 0.395062 0.216209
0.395062 0.216209 0.394376 0.215021
0.394376 0.215021 0.395062 0.213833
0.395062 0.213833 0.396433 0.213833
0.396433 0.213833 0.397119 0.215021
0.397119 0.215021 0.397805 0.213833
0.397805 0.213833 0.399177 0.213833
0.399177 0.213833 0.399863 0.215021
0.399863 0.215021 0.399177 0.216209
0.399177 0.216209 0.400549 0.216209
0.400549 0.216209 0.401235 0.217397
0.401235 0.217397 0.401920 0.216209
0.401920 0.216209 0.403292 0.216209
0.403292 0.216209 0.402606 0.215021
0.402606 0.215021 0.403292 0.213833
0.403292 0.213833 0.404664 0.213833
0.404664 0.213833 0.405350 0.215021
0.405350 0.215021 0.406036 0.213833
0.406036 0.213833 0.407407 0.213833
0.407407 0.213833 0.406722 0.212645
0.406722 0.212645 0.407407 0.211458
0.407407 0.211458 0.406036 0.211458
0.406036 0.211458 0.405350 0.210270
0.405350 0.210270 0.406036 0.209082
0.406036 0.209082 0.407407 0.209082
0.407407 0.209082 0.406722 0.207894
0.406722 0.207894 0.407407 0.206706
0.407407 0.206706 0.406036 0.206706
0.406036 0.206706 0.405350 0.205518
0.405350 0.205518 0.404664 0.206706
0.404664 0.206706 0.403292 0.206706
0.403292 0.206706 0.402606 0.205518
0.402606 0.205518 0.403292 0.204330
0.403292 0.204330 0.401920 0.204330
0.401920 0.204330 0.401235 0.203142
0.401235 0.203142 0.401920 0.201954
0.401920 0.201954 0.403292 0.201954
0.403292 0.201954 0.402606 0.200766
0.402606 0.200766 0.403292 0.199578
0.403292 0.199578 0.404664 0.199578
0.404664 0.199578 0.405350 0.200766
0.405350 0.200766 0.406036 0.199578
0.406036 0.199578 0.407407 0.199578
0.407407 0.199578 0.406722 0.198390
0.406722 0.198390 0.407407 0.197202
0.407407 0.197202 0.406036 0.197202
0.406036 0.197202 0.405350 0.196014
0.405350 0.196014 0.406036 0.194826
0.406036 0.194826 0.407407 0.194826
0.407407 0.194826 0.406722 0.193638
0.406722 0.193638 0.407407 0.192450
0.407407 0.192450 0.408779 0.192450
0.408779 0.192450 0.409465 0.193638
0.409465 0.193638 0.410151 0.192450
0.410151 0.192450 0.411523 0.192450
0.411523 0.192450 0.412209 0.193638
0.412209 0.193638 0.411523 0.194826
0.411523 0.194826 0.412894 0.194826
0.412894 0.194826 0.413580 0.196014
0.413580 0.196014 0.414266 0.194826
0.414266 0.194826 0.415638 0.194826
0.415638 0.194826 0.414952 0.193638
0.414952 0.193638 0.415638 0.192450
0.415638 0.192450 0.417010 0.192450
0.417010 0.192450 0.417695 0.193638
0.417695 0.193638 0.418381 0.192450
0.418381 0.192450 0.419753 0.192450
0.419753 0.192450 0.420439 0.193638
0.420439 0.193638 0.419753 0.194826
0.419753 0.194826 0.421125 0.194826
0.421125 0.194826 0.421811 0.196014
0.421811 0.196014 0.421125 0.197202
0.421125 0.197202 0.419753 0.197202
0.419753 0.197202 0.420439 0.198390
0.420439 0.198390 0.419753 0.199578
0.419753 0.199578 0.421125 0.199578
0.421125 0.199578 0.421811 0.200766
0.421811 0.200766 0.422497 0.199578
0.422497 0.199578 0.423868 0.199578
0.423868 0.199578 0.424554 0.200766
0.424554 0.200766 0.423868 0.201954
0.423868 0.201954 0.425240 0.201954
0.425240 0.201954 0.425926 0.203142
0.425926 0.203142 0.426612 0.201954
0.426612 0.201954 0.427984 0.201954
0.427984 0.201954 0.427298 0.200766
0.427298 0.200766 0.427984 0.199578
0.427984 0.199578 0.429355 0.199578
0.429355 0.199578 0.430041 0.200766
0.430041 0.200766 0.430727 0.199578
0.430727 0.199578 0.432099 0.199578
0.432099 0.199578 0.431413 0.198390
0.431413 0.198390 0.432099 0.197202
0.432099 0.197202 0.430727 0.197202
0.430727 0.197202 0.430041 0.196014
0.430041 0.196014 0.430727 0.194826
0.430727 0.194826 0.432099 0.194826
0.432099 0.194826 0.431413 0.193638
0.431413 0.193638 0.432099 0.192450
0.432099 0.192450 0.433471 0.192450
0.433471 0.192450 0.434156 0.193638
0.434156 0.193638 0.434842 0.192450
0.434842 0.192450 0.436214 0.192450
0.436214 0.192450 0.436900 0.193638
0.436900 0.193638 0.436214 0.194826
0.436214 0.194826 0.437586 0.194826
0.437586 0.194826 0.438272 0.196014
0.438272 0.196014 0.438957 0.194826
0.438957 0.194826 0.440329 0.194826
0.440329 0.194826 0.439643 0.193638
0.439643 0.193638 0.440329 0.192450
0.440329 0.192450 0.441701 0.192450
0.441701 0.192450 0.442387 0.193638
0.442387 0.193638 0.443073 0.192450
0.443073 0.192450 0.444444 0.192450
0.444444 0.192450 0.445130 0.193638
0.445130 0.193638 0.444444 0.194826
0.444444 0.194826 0.445816 0.194826
0.445816 0.194826 0.446502 0.196014
0.446502 0.196014 0.445816 0.197202
0.445816 0.197202 0.444444 0.197202
0.444444 0.197202 0.445130 0.198390
0.445130 0.198390 0.444444 0.199578
0.444444 0.199578 0.445816 0.199578
0.445816 0.199578 0.446502 0.200766
0.446502 0.200766 0.447188 0.199578
0.447188 0.199578 0.448560 0.199578
0.448560 0.199578 0.449246 0.200766
0.449246 0.200766 0.448560 0.201954
0.448560 0.201954 0.449931 0.201954
0.449931 0.201954 0.450617 0.203142
0.450617 0.203142 0.449931 0.204330
0.449931 0.204330 0.448560 0.204330
0.448560 0.204330 0.449246 0.205518
0.449246 0.205518 0.448560 0.206706
0.448560 0.206706 0.447188 0.206706
0.447188 0.206706 0.446502 0.205518
0.446502 0.205518 0.445816 0.206706
0.445816 0.206706 0.444444 0.206706
0.444444 0.206706 0.445130 0.207894
0.445130 0.207894 0.444444 0.209082
0.444444 0.209082 0.445816 0.209082
0.445816 0.209082 0.446502 0.210270
0.446502 0.210270 0.445816 0.211458
0.445816 0.211458 0.444444 0.211458
0.444444 0.211458 0.445130 0.212645
0.445130 0.212645 0.444444 0.213833
0.444444 0.213833 0.445816 0.213833
0.445816 0.213833 0.446502 0.215021
0.446502 0.215021 0.447188 0.213833
0.447188 0.213833 0.448560 0.213833
0.448560 0.213833 0.449246 0.215021
0.449246 0.215021 0.448560 0.216209
0.448560 0.216209 0.449931 0.216209
0.449931 0.216209 0.450617 0.217397
0.450617 0.217397 0.451303 0.216209
0.451303 0.216209 0.452675 0.216209
0.452675 0.216209 0.451989 0.215021
0.451989 0.215021 0.452675 0.213833
0.452675 0.213833 0.454047 0.213833
0.454047 0.213833 0.454733 0.215021
0.454733 0.215021 0.455418 0.213833
0.455418 0.213833 0.456790 0.213833
0.456790 0.213833 0.457476 0.215021
0.457476 0.215021 0.456790 0.216209
0.456790 0.216209 0.458162 0.216209
0.458162 0.216209 0.458848 0.217397
0.458848 0.217397 0.458162 0.218585
0.458162 0.218585 0.456790 0.218585
0.456790 0.218585 0.457476 0.219773
0.457476 0.219773 0.456790 0.220961
0.456790 0.220961 0.458162 0.220961
0.458162 0.220961 0.458848 0.222149
0.458848 0.222149 0.459534 0.220961
0.459534 0.220961 0.460905 0.220961
0.460905 0.220961 0.461591 0.222149
0.461591 0.222149 0.460905 0.223337
0.460905 0.223337 0.462277 0.223337
0.462277 0.223337 0.462963 0.224525
0.462963 0.224525 0.462277 0.225713
0.462277 0.225713 0.460905 0.225713
0.460905 0.225713 0.461591 0.226901
0.461591 0.226901 0.460905 0.228089
0.460905 0.228089 0.459534 0.228089
0.459534 0.228089 0.458848 0.226901
0.458848 0.226901 0.458162 0.228089
0.458162 0.228089 0.456790 0.228089
0.456790 0.228089 0.457476 0.229277
0.457476 0.229277 0.456790 0.230465
0.456790 0.230465 0.458162 0.230465
0.458162 0.230465 0.458848 0.231653
0.458848 0.231653 0.458162 0.232841
0.458162 0.232841 0.456790 0.232841
0.456790 0.232841 0.457476 0.234029
0.457476 0.234029 0.456790 0.235217
0.456790 0.235217 0.455418 0.235217
0.455418 0.235217 0.454733 0.234029
0.454733 0.234029 0.454047 0.235217
0.454047 0.235217 0.452675 0.235217
0.452675 0.235217 0.451989 0.234029
0.451989 0.234029 0.452675 0.232841
0.452675 0.232841 0.451303 0.232841
0.451303 0.232841 0.450617 0.231653
0.450617 0.231653 0.449931 0.232841
0.449931 0.232841 0.448560 0.232841
0.448560 0.232841 0.449246 0.234029
0.449246 0.234029 0.448560 0.235217
0.448560 0.235217 0.447188 0.235217
0.447188 0.235217 0.446502 0.234029
0.446502 0.234029 0.445816 0.235217
0.445816 0.235217 0.444444 0.235217
0.444444 0.235217 0.445130 0.236405
0.445130 0.236405 0.444444 0.237593
0.444444 0.237593 0.445816 0.237593
0.445816 0.237593 0.446502 0.238781
0.446502 0.238781 0.445816 0.239969
0.445816 0.239969 0.444444 0.239969
0.444444 0.239969 0.445130 0.241157
0.445130 0.241157 0.444444 0.242345
0.444444 0.242345 0.445816 0.242345
0.445816 0.242345 0.446502 0.243533
0.446502 0.243533 0.447188 0.242345
0.447188 0.242345 0.448560 0.242345
0.448560 0.242345 0.449246 0.243533
0.449246 0.243533 0.448560 0.244720
0.448560 0.244720 0.449931 0.244720
0.449931 0.244720 0.450617 0.245908
0.450617 0.245908 0.449931 0.247096
0.449931 0.247096 0.448560 0.247096
0.448560 0.247096 0.449246 0.248284
0.449246 0.248284 0.448560 0.249472
0.448560 0.249472 0.447188 0.249472
0.447188 0.249472 0.446502 0.248284
0.446502 0.248284 0.445816 0.249472
0.445816 0.249472 0.444444 0.249472
0.444444 0.249472 0.445130 0.250660
0.445130 0.250660 0.444444 0.251848
0.444444 0.251848 0.445816 0.251848
0.445816 0.251848 0.446502 0.253036
0.446502 0.253036 0.445816 0.254224
0.445816 0.254224 0.444444 0.254224
0.444444 0.254224 0.445130 0.255412
0.445130 0.255412 0.444444 0.256600
0.444444 0.256600 0.445816 0.256600
0.445816 0.256600 0.446502 0.257788
0.446502 0.257788 0.447188 0.256600
0.447188 0.256600 0.448560 0.256600
0.448560 0.256600 0.449246 0.257788
0.449246 0.257788 0.448560 0.258976
0.448560 0.258976 0.449931 0.258976
0.449931 0.258976 0.450617 0.260164
0.450617 0.260164 0.451303 0.258976
0.451303 0.258976 0.452675 0.258976
0.452675 0.258976 0.451989 0.257788
0.451989 0.257788 0.452675 0.256600
0.452675 0.256600 0.454047 0.256600
0.454047 0.256600 0.454733 0.257788
0.454733 0.257788 0.455418 0.256600
0.455418 0.256600 0.456790 0.256600
0.456790 0.256600 0.457476 0.257788
0.457476 0.257788 0.456790 0.258976
0.456790 0.258976 0.458162 0.258976
0.458162 0.258976 0.458848 0.260164
0.458848 0.260164 0.458162 0.261352
0.458162 0.261352 0.456790 0.261352
0.456790 0.261352 0.457476 0.262540
0.457476 0.262540 0.456790 0.263728
0.456790 0.263728 0.458162 0.263728
0.458162 0.263728 0.458848 0.264916
0.458848 0.264916 0.459534 0.263728
0.459534 0.263728 0.460905 0.263728
0.460905 0.263728 0.461591 0.264916
0.461591 0.264916 0.460905 0.266104
0.460905 0.266104 0.462277 0.266104
0.462277 0.266104 0.462963 0.267292
0.462963 0.267292 0.463649 0.266104
0.463649 0.266104 0.465021 0.266104
0.465021 0.266104 0.464335 0.264916
0.464335 0.264916 0.465021 0.263728
0.465021 0.263728 0.466392 0.263728
0.466392 0.263728 0.467078 0.264916
0.467078 0.264916 0.467764 0.263728
0.467764 0.263728 0.469136 0.263728
0.469136 0.263728 0.468450 0.262540
0.468450 0.262540 0.469136 0.261352
0.469136 0.261352 0.467764 0.261352
0.467764 0.261352 0.467078 0.260164
0.467078 0.260164 0.467764 0.258976
0.467764 0.258976 0.469136 0.258976
0.469136 0.258976 0.468450 0.257788
0.468450 0.257788 0.469136 0.256600
0.469136 0.256600 0.470508 0.256600
0.470508 0.256600 0.471193 0.257788
0.471193 0.257788 0.471879 0.256600
0.471879 0.256600 0.473251 0.256600
0.473251 0.256600 0.473937 0.257788
0.473937 0.257788 0.473251 0.258976
0.473251 0.258976 0.474623 0.258976
0.474623 0.258976 0.475309 0.260164
0.475309 0.260164 0.475995 0.258976
0.475995 0.258976 0.477366 0.258976
0.477366 0.258976 0.476680 0.257788
0.476680 0.257788 0.477366 0.256600
0.477366 0.256600 0.478738 0.256600
0.478738 0.256600 0.479424 0.257788
0.479424 0.257788 0.480110 0.256600
0.480110 0.256600 0.481481 0.256600
0.481481 0.256600 0.482167 0.257788
0.482167 0.257788 0.481481 0.258976
0.481481 0.258976 0.482853 0.258976
0.482853 0.258976 0.483539 0.260164
0.483539 0.260164 0.482853 0.261352
0.482853 0.261352 0.481481 0.261352
0.481481 0.261352 0.482167 0.262540
0.482167 0.262540 0.481481 0.263728
0.481481 0.263728 0.482853 0.263728
0.482853 0.263728 0.483539 0.264916
0.483539 0.264916 0.484225 0.263728
0.484225 0.263728 0.485597 0.263728
0.485597 0.263728 0.486283 0.264916
0.486283 0.264916 0.485597 0.266104
0.485597 0.266104 0.486968 0.266104
0.486968 0.266104 0.487654 0.267292
0.487654 0.267292 0.486968 0.268480
0.486968 0.268480 0.485597 0.268480
0.485597 0.268480 0.486283 0.269668
0.486283 0.269668 0.485597 0.270856
0.485597 0.270856 0.484225 0.270856
0.484225 0.270856 0.483539 0.269668
0.483539 0.269668 0.482853 0.270856
0.482853 0.270856 0.481481 0.270856
0.481481 0.270856 0.482167 0.272044
0.482167 0.272044 0.481481 0.273232
0.481481 0.273232 0.482853 0.273232
0.482853 0.273232 0.483539 0.274420
0.483539 0.274420 0.482853 0.275608
0.482853 0.275608 0.481481 0.275608
0.481481 0.275608 0.482167 0.276795
0.482167 0.276795 0.481481 0.277983
0.481481 0.277983 0.482853 0.277983
0.482853 0.277983 0.483539 0.279171
0.483539 0.279171 0.484225 0.277983
0.484225 0.277983 0.485597 0.277983
0.485597 0.277983 0.486283 0.279171
0.486283 0.279171 0.485597 0.280359
0.485597 0.280359 0.486968 0.280359
0.486968 0.280359 0.487654 0.281547
0.487654 0.281547 0.488340 0.280359
0.488340 0.280359 0.489712 0.280359
0.489712 0.280359 0.489026 0.279171
0.489026 0.279171 0.489712 0.277983
0.489712 0.277983 0.491084 0.277983
0.491084 0.277983 0.491770 0.279171
0.491770 0.279171 0.492455 0.277983
0.492455 0.277983 0.493827 0.277983
0.493827 0.277983 0.494513 0.279171
0.494513 0.279171 0.493827 0.280359
0.493827 0.280359 0.495199 0.280359
0.495199 0.280359 0.495885 0.281547
0.495885 0.281547 0.495199 0.282735
0.495199 0.282735 0.493827 0.282735
0.493827 0.282735 0.494513 0.283923
0.494513 0.283923 0.493827 0.285111
0.493827 0.285111 0.495199 0.285111
0.495199 0.285111 0.495885 0.286299
0.495885 0.286299 0.496571 0.285111
0.496571 0.285111 0.497942 0.285111
0.497942 0.285111 0.498628 0.286299
0.498628 0.286299 0.497942 0.287487
0.497942 0.287487 0.499314 0.287487
0.499314 0.287487 0.500000 0.288675
0.500000 0.288675 0.500686 0.287487
0.500686 0.287487 0.502058 0.287487
0.502058 0.287487 0.501372 0.286299
0.501372 0.286299 0.502058 0.285111
0.502058 0.285111 0.503429 0.285111
0.503429 0.285111 0.504115 0.286299
0.504115 0.286299 0.504801 0.285111
0.504801 0.285111 0.506173 0.285111
0.506173 0.285111 0.505487 0.283923
0.505487 0.283923 0.506173 0.282735
0.506173 0.282735 0.504801 0.282735
0.504801 0.282735 0.504115 0.281547
0.504115 0.281547 0.504801 0.280359
0.504801 0.280359 0.506173 0.280359
0.506173 0.280359 0.505487 0.279171
0.505487 0.279171 0.506173 0.277983
0.506173 0.277983 0.507545 0.277983
0.507545 0.277983 0.508230 0.279171
0.508230 0.279171 0.508916 0.277983
0.508916 0.277983 0.510288 0.277983
0.510288 0.277983 0.510974 0.279171
0.510974 0.279171 0.510288 0.280359
0.510288 0.280359 0.511660 0.280359
0.511660 0.280359 0.512346 0.281547
0.512346 0.281547 0.513032 0.280359
0.513032 0.280359 0.514403 0.280359
0.514403 0.280359 0.513717 0.279171
0.513717 0.279171 0.514403 0.277983
0.514403 0.277983 0.515775 0.277983
0.515775 0.277983 0.516461 0.279171
0.516461 0.279171 0.517147 0.277983
0.517147 0.277983 0.518519 0.277983
0.518519 0.277983 0.517833 0.276795
0.517833 0.276795 0.518519 0.275608
0.518519 0.275608 0.517147 0.275608
0.517147 0.275608 0.516461 0.274420
0.516461 0.274420 0.517147 0.273232
0.517147 0.273232 0.518519 0.273232
0.518519 0.273232 0.517833 0.272044
0.517833 0.272044 0.518519 0.270856
0.518519 0.270856 0.517147 0.270856
0.517147 0.270856 0.516461 0.269668
0.516461 0.269668 0.515775 0.270856
0.515775 0.270856 0.514403 0.270856
0.514403 0.270856 0.513717 0.269668
0.513717 0.269668 0.514403 0.268480
0.514403 0.268480 0.513032 0.268480
0.513032 0.268480 0.512346 0.267292
0.512346 0.267292 0.513032 0.266104
0.513032 0.266104 0.514403 0.266104
0.514403 0.266104 0.513717 0.264916
0.513717 0.264916 0.514403 0.263728
0.514403 0.263728 0.515775 0.263728
0.515775 0.263728 0.516461 0.264916
0.516461 0.264916 0.517147 0.263728
0.517147 0.263728 0.518519 0.263728
0.518519 0.263728 0.517833 0.262540
0.517833 0.262540 0.518519 0.261352
0.518519 0.261352 0.517147 0.261352
0.517147 0.261352 0.516461 0.260164
0.516461 0.260164 0.517147 0.258976
0.517147 0.258976 0.518519 0.258976
0.518519 0.258976 0.517833 0.257788
0.517833 0.257788 0.518519 0.256600
0.518519 0.256600 0.519890 0.256600
0.519890 0.256600 0.520576 0.257788
0.520576 0.257788 0.521262 0.256600
0.521262 0.256600 0.522634 0.256600
0.522634 0.256600 0.523320 0.257788
0.523320 0.257788 0.522634 0.258976
0.522634 0.258976 0.524005 0.258976
0.524005 0.258976 0.524691 0.260164
0.524691 0.260164 0.525377 0.258976
0.525377 0.258976 0.526749 0.258976
0.526749 0.258976 0.526063 0.257788
0.526063 0.257788 0.526749 0.256600
0.526749 0.256600 0.528121 0.256600
0.528121 0.256600 0.528807 0.257788
0.528807 0.257788 0.529492 0.256600
0.529492 0.256600 0.530864 0.256600
0.530864 0.256600 0.531550 0.257788
0.531550 0.257788 0.530864 0.258976
0.530864 0.258976 0.532236 0.258976
0.532236 0.258976 0.532922 0.260164
0.532922 0.260164 0.532236 0.261352
0.532236 0.261352 0.530864 0.261352
0.530864 0.261352 0.531550 0.262540
0.531550 0.262540 0.530864 0.263728
0.530864 0.263728 0.532236 0.263728
0.532236 0.263728 0.532922 0.264916
0.532922 0.264916 0.533608 0.263728
0.533608 0.263728 0.534979 0.263728
0.534979 0.263728 0.535665 0.264916
0.535665 0.264916 0.534979 0.266104
0.534979 0.266104 0.536351 0.266104
0.536351 0.266104 0.537037 0.267292
0.537037 0.267292 0.537723 0.266104
0.537723 0.266104 0.539095 0.266104
0.539095 0.266104 0.538409 0.264916
0.538409 0.264916 0.539095 0.263728
0.539095 0.263728 0.540466 0.263728
0.540466 0.263728 0.541152 0.264916
0.541152 0.264916 0.541838 0.263728
0.541838 0.263728 0.543210 0.263728
0.543210 0.263728 0.542524 0.262540
0.542524 0.262540 0.543210 0.261352
0.543210 0.261352 0.541838 0.261352
0.541838 0.261352 0.541152 0.260164
0.541152 0.260164 0.541838 0.258976
0.541838 0.258976 0.543210 0.258976
0.543210 0.258976 0.542524 0.257788
0.542524 0.257788 0.543210 0.256600
0.543210 0.256600 0.544582 0.256600
0.544582 0.256600 0.545267 0.257788
0.545267 0.257788 0.545953 0.256600
0.545953 0.256600 0.547325 0.256600
0.547325 0.256600 0.548011 0.257788
0.548011 0.257788 0.547325 0.258976
0.547325 0.258976 0.548697 0.258976
0.548697 0.258976 0.549383 0.260164
0.549383 0.260164 0.550069 0.258976
0.550069 0.258976 0.551440 0.258976
0.551440 0.258976 0.550754 0.257788
0.550754 0.257788 0.551440 0.256600
0.551440 0.256600 0.552812 0.256600
0.552812 0.256600 0.553498 0.257788
0.553498 0.257788 0.554184 0.256600
0.554184 0.256600 0.555556 0.256600
0.555556 0.256600 0.554870 0.255412
0.554870 0.255412 0.555556 0.254224
0.555556 0.254224 0.554184 0.254224
0.554184 0.254224 0.553498 0.253036
0.553498 0.253036 0.554184 0.251848
0.554184 0.251848 0.555556 0.251848
0.555556 0.251848 0.554870 0.250660
0.554870 0.250660 0.555556 0.249472
0.555556 0.249472 0.554184 0.249472
0.554184 0.249472 0.553498 0.248284
0.553498 0.248284 0.552812 0.249472
0.552812 0.249472 0.551440 0.249472
0.551440 0.249472 0.550754 0.248284
0.550754 0.248284 0.551440 0.247096
0.551440 0.247096 0.550069 0.247096
0.550069 0.247096 0.549383 0.245908
0.549383 0.245908 0.550069 0.244720
0.550069 0.244720 0.551440 0.244720
0.551440 0.244720 0.550754 0.243533
0.550754 0.243533 0.551440 0.242345
0.551440 0.242345 0.552812 0.242345
0.552812 0.242345 0.553498 0.243533
0.553498 0.243533 0.554184 0.242345
0.554184 0.242345 0.555556 0.242345
0.555556 0.242345 0.554870 0.241157
0.554870 0.241157 0.555556 0.239969
0.555556 0.239969 0.554184 0.239969
0.554184 0.239969 0.553498 0.238781
0.553498 0.238781 0.554184 0.237593
0.554184 0.237593 0.555556 0.237593
0.555556 0.237593 0.554870 0.236405
0.554870 0.236405 0.555556 0.235217
0.555556 0.235217 0.554184 0.235217
0.554184 0.235217 0.553498 0.234029
0.553498 0.234029 0.552812 0.235217
0.552812 0.235217 0.551440 0.235217
0.551440 0.235217 0.550754 0.234029
0.550754 0.234029 0.551440 0.232841
0.551440 0.232841 0.550069 0.232841
0.550069 0.232841 0.549383 0.231653
0.549383 0.231653 0.548697 0.232841
0.548697 0.232841 0.547325 0.232841
0.547325 0.232841 0.548011 0.234029
0.548011 0.234029 0.547325 0.235217
0.547325 0.235217 0.545953 0.235217
0.545953 0.235217 0.545267 0.234029
0.545267 0.234029 0.544582 0.235217
0.544582 0.235217 0.543210 0.235217
0.543210 0.235217 0.542524 0.234029
0.542524 0.234029 0.543210 0.232841
0.543210 0.232841 0.541838 0.232841
0.541838 0.232841 0.541152 0.231653
0.541152 0.231653 0.541838 0.230465
0.541838 0.230465 0.543210 0.230465
0.543210 0.230465 0.542524 0.229277
0.542524 0.229277 0.543210 0.228089
0.543210 0.228089 0.541838 0.228089
0.541838 0.228089 0.541152 0.226901
0.541152 0.226901 0.540466 0.228089
0.540466 0.228089 0.539095 0.228089
0.539095 0.228089 0.538409 0.226901
0.538409 0.226901 0.539095 0.225713
0.539095 0.225713 0.537723 0.225713
0.537723 0.225713 0.537037 0.224525
0.537037 0.224525 0.537723 0.223337
0.537723 0.223337 0.539095 0.223337
0.539095 0.223337 0.538409 0.222149
0.538409 0.222149 0.539095 0.220961
0.539095 0.220961 0.540466 0.220961
0.540466 0.220961 0.541152 0.222149
0.541152 0.222149 0.541838 0.220961
0.541838 0.220961 0.543210 0.220961
0.543210 0.220961 0.542524 0.219773
0.542524 0.219773 0.543210 0.218585
0.543210 0.218585 0.541838 0.218585
0.541838 0.218585 0.541152 0.217397
0.541152 0.217397 0.541838 0.216209
0.541838 0.216209 0.543210 0.216209
0.543210 0.216209 0.542524 0.215021
0.542524 0.215021 0.543210 0.213833
0.543210 0.213833 0.544582 0.213833
0.544582 0.213833 0.545267 0.215021
0.545267 0.215021 0.545953 0.213833
0.545953 0.213833 0.547325 0.213833
0.547325 0.213833 0.548011 0.215021
0.548011 0.215021 0.547325 0.216209
0.547325 0.216209 0.548697 0.216209
0.548697 0.216209 0.549383 0.217397
0.549383 0.217397 0.550069 0.216209
0.550069 0.216209 0.551440 0.216209
0.551440 0.216209 0.550754 0.215021
0.550754 0.215021 0.551440 0.213833
0.551440 0.213833 0.552812 0.213833
0.552812 0.213833 0.553498 0.215021
0.553498 0.215021 0.554184 0.213833
0.554184 0.213833 0.555556 0.213833
0.555556 0.213833 0.554870 0.212645
0.554870 0.212645 0.555556 0.211458
0.555556 0.211458 0.554184 0.211458
0.554184 0.211458 0.553498 0.210270
0.553498 0.210270 0.554184 0.209082
0.554184 0.209082 0.555556 0.209082
0.555556 0.209082 0.554870 0.207894
0.554870 0.207894 0.555556 0.206706
0.555556 0.206706 0.554184 0.206706
0.554184 0.206706 0.553498 0.205518
0.553498 0.205518 0.552812 0.206706
0.552812 0.206706 0.551440 0.206706
0.551440 0.206706 0.550754 0.205518
0.550754 0.205518 0.551440 0.204330
0.551440 0.204330 0.550069 0.204330
0.550069 0.204330 0.549383 0.203142
0.549383 0.203142 0.550069 0.201954
0.550069 0.201954 0.551440 0.201954
0.551440 0.201954 0.550754 0.200766
0.550754 0.200766 0.551440 0.199578
0.551440 0.199578 0.552812 0.199578
0.552812 0.199578 0.553498 0.200766
0.553498 0.200766 0.554184 0.199578
0.554184 0.199578 0.555556 0.199578
0.555556 0.199578 0.554870 0.198390
0.554870 0.198390 0.555556 0.197202
0.555556 0.197202 0.554184 0.197202
0.554184 0.197202 0.553498 0.196014
0.553498 0.196014 0.554184 0.194826
0.554184 0.194826 0.555556 0.194826
0.555556 0.194826 0.554870 0.193638
0.554870 0.193638 0.555556 0.192450
0.555556 0.192450 0.556927 0.192450
0.556927 0.192450 0.557613 0.193638
0.557613 0.193638 0.558299 0.192450
0.558299 0.192450 0.559671 0.192450
0.559671 0.192450 0.560357 0.193638
0.560357 0.193638 0.559671 0.194826
0.559671 0.194826 0.561043 0.194826
0.561043 0.194826 0.561728 0.196014
0.561728 0.196014 0.562414 0.194826
0.562414 0.194826 0.563786 0.194826
0.563786 0.194826 0.563100 0.193638
0.563100 0.193638 0.563786 0.192450
0.563786 0.192450 0.565158 0.192450
0.565158 0.192450 0.565844 0.193638
0.565844 0.193638 0.566529 0.192450
0.566529 0.192450 0.567901 0.192450
0.567901 0.192450 0.568587 0.193638
0.568587 0.193638 0.567901 0.194826
0.567901 0.194826 0.569273 0.194826
0.569273 0.194826 0.569959 0.196014
0.569959 0.196014 0.569273 0.197202
0.569273 0.197202 0.567901 0.197202
0.567901 0.197202 0.568587 0.198390
0.568587 0.198390 0.567901 0.199578
0.567901 0.199578 0.569273 0.199578
0.569273 0.199578 0.569959 0.200766
0.569959 0.200766 0.570645 0.199578
0.570645 0.199578 0.572016 0.199578
0.572016 0.199578 0.572702 0.200766
0.572702 0.200766 0.572016 0.201954
0.572016 0.201954 0.573388 0.201954
0.573388 0.201954 0.574074 0.203142
0.574074 0.203142 0.574760 0.201954
0.574760 0.201954 0.576132 0.201954
0.576132 0.201954 0.575446 0.200766
0.575446 0.200766 0.576132 0.199578
0.576132 0.199578 0.577503 0.199578
0.577503 0.199578 0.578189 0.200766
0.578189 0.200766 0.578875 0.199578
0.578875 0.199578 0.580247 0.199578
0.580247 0.199578 0.579561 0.198390
0.579561 0.198390 0.580247 0.197202
0.580247 0.197202 0.578875 0.197202
0.578875 0.197202 0.578189 0.196014
0.578189 0.196014 0.578875 0.194826
0.578875 0.194826 0.580247 0.194826
0.580247 0.194826 0.579561 0.193638
0.579561 0.193638 0.580247 0.192450
0.580247 0.192450 0.581619 0.192450
0.581619 0.192450 0.582305 0.193638
0.582305 0.193638 0.582990 0.192450
0.582990 0.192450 0.584362 0.192450
0.584362 0.192450 0.585048 0.193638
0.585048 0.193638 0.584362 0.194826
0.584362 0.194826 0.585734 0.194826
0.585734 0.194826 0.586420 0.196014
0.586420 0.196014 0.587106 0.194826
0.587106 0.194826 0.588477 0.194826
0.588477 0.194826 0.587791 0.193638
0.587791 0.193638 0.588477 0.192450
0.588477 0.192450 0.589849 0.192450
0.589849 0.192450 0.590535 0.193638
0.590535 0.193638 0.591221 0.192450
0.591221 0.192450 0.592593 0.192450
0.592593 0.192450 0.593278 0.193638
0.593278 0.193638 0.592593 0.194826
0.592593 0.194826 0.593964 0.194826
0.593964 0.194826 0.594650 0.196014
0.594650 0.196014 0.593964 0.197202
0.593964 0.197202 0.592593 0.197202
0.592593 0.197202 0.593278 0.198390
0.593278 0.198390 0.592593 0.199578
0.592593 0.199578 0.593964 0.199578
0.593964 0.199578 0.594650 0.200766
0.594650 0.200766 0.595336 0.199578
0.595336 0.199578 0.596708 0.199578
0.596708 0.199578 0.597394 0.200766
0.597394 0.200766 0.596708 0.201954
0.596708 0.201954 0.598080 0.201954
0.598080 0.201954 0.598765 0.203142
0.598765 0.203142 0.598080 0.204330
0.598080 0.204330 0.596708 0.204330
0.596708 0.204330 0.597394 0.205518
0.597394 0.205518 0.596708 0.206706
0.596708 0.206706 0.595336 0.206706
0.595336 0.206706 0.594650 0.205518
0.594650 0.205518 0.593964 0.206706
0.593964 0.206706 0.592593 0.206706
0.592593 0.206706 0.593278 0.207894
0.593278 0.207894 0.592593 0.209082
0.592593 0.209082 0.593964 0.209082
0.593964 0.209082 0.594650 0.210270
0.594650 0.210270 0.593964 0.211458
0.593964 0.211458 0.592593 0.211458
0.592593 0.211458 0.593278 0.212645
0.593278 0.212645 0.592593 0.213833
0.592593 0.213833 0.593964 0.213833
0.593964 0.213833 0.594650 0.215021
0.594650 0.215021 0.595336 0.213833
0.595336 0.213833 0.596708 0.213833
0.596708 0.213833 0.597394 0.215021
0.597394 0.215021 0.596708 0.216209
0.596708 0.216209 0.598080 0.216209
0.598080 0.216209 0.598765 0.217397
0.598765 0.217397 0.599451 0.216209
0.599451 0.216209 0.600823 0.216209
0.600823 0.216209 0.600137 0.215021
0.600137 0.215021 0.600823 0.213833
0.600823 0.213833 0.602195 0.213833
0.602195 0.213833 0.602881 0.215021
0.602881 0.215021 0.603567 0.213833
0.603567 0.213833 0.604938 0.213833
0.604938 0.213833 0.605624 0.215021
0.605624 0.215021 0.604938 0.216209
0.604938 0.216209 0.606310 0.216209
0.606310 0.216209 0.606996 0.217397
0.606996 0.217397 0.606310 0.218585
0.606310 0.218585 0.604938 0.218585
0.604938 0.218585 0.605624 0.219773
0.605624 0.219773 0.604938 0.220961
0.604938 0.220961 0.606310 0.220961
0.606310 0.220961 0.606996 0.222149
0.606996 0.222149 0.607682 0.220961
0.607682 0.220961 0.609053 0.220961
0.609053 0.220961 0.609739 0.222149
0.609739 0.222149 0.609053 0.223337
0.609053 0.223337 0.610425 0.223337
0.610425 0.223337 0.611111 0.224525
0.611111 0.224525 0.611797 0.223337
0.611797 0.223337 0.613169 0.223337
0.613169 0.223337 0.612483 0.222149
0.612483 0.222149 0.613169 0.220961
0.613169 0.220961 0.614540 0.220961
0.614540 0.220961 0.615226 0.222149
0.615226 0.222149 0.615912 0.220961
0.615912 0.220961 0.617284 0.220961
0.617284 0.220961 0.616598 0.219773
0.616598 0.219773 0.617284 0.218585
0.617284 0.218585 0.615912 0.218585
0.615912 0.218585 0.615226 0.217397
0.615226 0.217397 0.615912 0.216209
0.615912 0.216209 0.617284 0.216209
0.617284 0.216209 0.616598 0.215021
0.616598 0.215021 0.617284 0.213833
0.617284 0.213833 0.618656 0.213833
0.618656 0.213833 0.619342 0.215021
0.619342 0.215021 0.620027 0.213833
0.620027 0.213833 0.621399 0.213833
0.621399 0.213833 0.622085 0.215021
0.622085 0.215021 0.621399 0.216209
0.621399 0.216209 0.622771 0.216209
0.622771 0.216209 0.623457 0.217397
0.623457 0.217397 0.624143 0.216209
0.624143 0.216209 0.625514 0.216209
0.625514 0.216209 0.624829 0.215021
0.624829 0.215021 0.625514 0.213833
0.625514 0.213833 0.626886 0.213833
0.626886 0.213833 0.627572 0.215021
0.627572 0.215021 0.628258 0.213833
0.628258 0.213833 0.629630 0.213833
0.629630 0.213833 0.628944 0.212645
0.628944 0.212645 0.629630 0.211458
0.629630 0.211458 0.628258 0.211458
0.628258 0.211458 0.627572 0.210270
0.627572 0.210270 0.628258 0.209082
0.628258 0.209082 0.629630 0.209082
0.629630 0.209082 0.628944 0.207894
0.628944 0.207894 0.629630 0.206706
0.629630 0.206706 0.628258 0.206706
0.628258 0.206706 0.627572 0.205518
0.627572 0.205518 0.626886 0.206706
0.626886 0.206706 0.625514 0.206706
0.625514 0.206706 0.624829 0.205518
0.624829 0.205518 0.625514 0.204330
0.625514 0.204330 0.624143 0.204330
0.624143 0.204330 0.623457 0.203142
0.623457 0.203142 0.624143 0.201954
0.624143 0.201954 0.625514 0.201954
0.625514 0.201954 0.624829 0.200766
0.624829 0.200766 0.625514 0.199578
0.625514 0.199578 0.626886 0.199578
0.626886 0.199578 0.627572 0.200766
0.627572 0.200766 0.628258 0.199578
0.628258 0.199578 0.629630 0.199578
0.629630 0.199578 0.628944 0.198390
0.628944 0.198390 0.629630 0.197202
0.629630 0.197202 0.628258 0.197202
0.628258 0.197202 0.627572 0.196014
0.627572 0.196014 0.628258 0.194826
0.628258 0.194826 0.629630 0.194826
0.629630 0.194826 0.628944 0.193638
0.628944 0.193638 0.629630 0.192450
0.629630 0.192450 0.631001 0.192450
0.631001 0.192450 0.631687 0.193638
0.631687 0.193638 0.632373 0.192450
0.632373 0.192450 0.633745 0.192450
0.633745 0.192450 0.634431 0.193638
0.634431 0.193638 0.633745 0.194826
0.633745 0.194826 0.635117 0.194826
0.635117 0.194826 0.635802 0.196014
0.635802 0.196014 0.636488 0.194826
0.636488 0.194826 0.637860 0.194826
0.637860 0.194826 0.637174 0.193638
0.637174 0.193638 0.637860 0.192450
0.637860 0.192450 0.639232 0.192450
0.639232 0.192450 0.639918 0.193638
0.639918 0.193638 0.640604 0.192450
0.640604 0.192450 0.641975 0.192450
0.641975 0.192450 0.642661 0.193638
0.642661 0.193638 0.641975 0.194826
0.641975 0.194826 0.643347 0.194826
0.643347 0.194826 0.644033 0.196014
0.644033 0.196014 0.643347 0.197202
0.643347 0.197202 0.641975 0.197202
0.641975 0.197202 0.642661 0.198390
0.642661 0.198390 0.641975 0.199578
0.641975 0.199578 0.643347 0.199578
0.643347 0.199578 0.644033 0.200766
0.644033 0.200766 0.644719 0.199578
0.644719 0.199578 0.646091 0.199578
0.646091 0.199578 0.646776 0.200766
0.646776 0.200766 0.646091 0.201954
0.646091 0.201954 0.647462 0.201954
0.647462 0.201954 0.648148 0.203142
0.648148 0.203142 0.648834 0.201954
0.648834 0.201954 0.650206 0.201954
0.650206 0.201954 0.649520 0.200766
0.649520 0.200766 0.650206 0.199578
0.650206 0.199578 0.651578 0.199578
0.651578 0.199578 0.652263 0.200766
0.652263 0.200766 0.652949 0.199578
0.652949 0.199578 0.654321 0.199578
0.654321 0.199578 0.653635 0.198390
0.653635 0.198390 0.654321 0.197202
0.654321 0.197202 0.652949 0.197202
0.652949 0.197202 0.652263 0.196014
0.652263 0.196014 0.652949 0.194826
0.652949 0.194826 0.654321 0.194826
0.654321 0.194826 0.653635 0.193638
0.653635 0.193638 0.654321 0.192450
0.654321 0.192450 0.655693 0.192450
0.655693 0.192450 0.656379 0.193638
0.656379 0.193638 0.657064 0.192450
0.657064 0.192450 0.658436 0.192450
0.658436 0.192450 0.659122 0.193638
0.659122 0.193638 0.658436 0.194826
0.658436 0.194826 0.659808 0.194826
0.659808 0.194826 0.660494 0.196014
0.660494 0.196014 0.661180 0.194826
0.661180 0.194826 0.662551 0.194826
0.662551 0.194826 0.661866 0.193638
0.661866 0.193638 0.662551 0.192450
0.662551 0.192450 0.663923 0.192450
0.663923 0.192450 0.664609 0.193638
0.664609 0.193638 0.665295 0.192450
0.665295 0.192450 0.666667 0.192450
0.666667 0.192450 0.665981 0.191262
0.665981 0.191262 0.666667 0.190074
0.666667 0.190074 0.665295 0.190074
0.665295 0.190074 0.664609 0.188886
0.664609 0.188886 0.665295 0.187698
0.665295 0.187698 0.666667 0.187698
0.666667 0.187698 0.665981 0.186510
0.665981 0.186510 0.666667 0.185322
0.666667 0.185322 0.665295 0.185322
0.665295 0.185322 0.664609 0.184134
0.664609 0.184134 0.663923 0.185322
0.663923 0.185322 0.662551 0.185322
0.662551 0.185322 0.661866 0.184134
0.661866 0.184134 0.662551 0.182946
0.662551 0.182946 0.661180 0.182946
0.661180 0.182946 0.660494 0.181758
0.660494 0.181758 0.661180 0.180570
0.661180 0.180570 0.662551 0.180570
0.662551 0.180570 0.661866 0.179382
0.661866 0.179382 0.662551 0.178195
0.662551 0.178195 0.663923 0.178195
0.663923 0.178195 0.664609 0.179382
0.664609 0.179382 0.665295 0.178195
0.665295 0.178195 0.666667 0.178195
0.666667 0.178195 0.665981 0.177007
0.665981 0.177007 0.666667 0.175819
0.666667 0.175819 0.665295 0.175819
0.665295 0.175819 0.664609 0.174631
0.664609 0.174631 0.665295 0.173443
0.665295 0.173443 0.666667 0.173443
0.666667 0.173443 0.665981 0.172255
0.665981 0.172255 0.666667 0.171067
0.666667 0.171067 0.665295 0.171067
0.665295 0.171067 0.664609 0.169879
0.664609 0.169879 0.663923 0.171067
0.663923 0.171067 0.662551 0.171067
0.662551 0.171067 0.661866 0.169879
0.661866 0.169879 0.662551 0.168691
0.662551 0.168691 0.661180 0.168691
0.661180 0.168691 0.660494 0.167503
0.660494 0.167503 0.659808 0.168691
0.659808 0.168691 0.658436 0.168691
0.658436 0.168691 0.659122 0.169879
0.659122 0.169879 0.658436 0.171067
0.658436 0.171067 0.657064 0.171067
0.657064 0.171067 0.656379 0.169879
0.656379 0.169879 0.655693 0.171067
0.655693 0.171067 0.654321 0.171067
0.654321 0.171067 0.653635 0.169879
0.653635 0.169879 0.654321 0.168691
0.654321 0.168691 0.652949 0.168691
0.652949 0.168691 0.652263 0.167503
0.652263 0.167503 0.652949 0.166315
0.652949 0.166315 0.654321 0.166315
0.654321 0.166315 0.653635 0.165127
0.653635 0.165127 0.654321 0.163939
0.654321 0.163939 0.652949 0.163939
0.652949 0.163939 0.652263 0.162751
0.652263 0.162751 0.651578 0.163939
0.651578 0.163939 0.650206 0.163939
0.650206 0.163939 0.649520 0.162751
0.649520 0.162751 0.650206 0.161563
0.650206 0.161563 0.648834 0.161563
0.648834 0.161563 0.648148 0.160375
0.648148 0.160375 0.648834 0.159187
0.648834 0.159187 0.650206 0.159187
0.650206 0.159187 0.649520 0.157999
0.649520 0.157999 0.650206 0.156811
0.650206 0.156811 0.651578 0.156811
0.651578 0.156811 0.652263 0.157999
0.652263 0.157999 0.652949 0.156811
0.652949 0.156811 0.654321 0.156811
0.654321 0.156811 0.653635 0.155623
0.653635 0.155623 0.654321 0.154435
0.654321 0.154435 0.652949 0.154435
0.652949 0.154435 0.652263 0.153247
0.652263 0.153247 0.652949 0.152059
0.652949 0.152059 0.654321 0.152059
0.654321 0.152059 0.653635 0.150871
0.653635 0.150871 0.654321 0.149683
0.654321 0.149683 0.655693 0.149683
0.655693 0.149683 0.656379 0.150871
0.656379 0.150871 0.657064 0.149683
0.657064 0.149683 0.658436 0.149683
0.658436 0.149683 0.659122 0.150871
0.659122 0.150871 0.658436 0.152059
0.658436 0.152059 0.659808 0.152059
0.659808 0.152059 0.660494 0.153247
0.660494 0.153247 0.661180 0.152059
0.661180 0.152059 0.662551 0.152059
0.662551 0.152059 0.661866 0.150871
0.661866 0.150871 0.662551 0.149683
0.662551 0.149683 0.663923 0.149683
0.663923 0.149683 0.664609 0.150871
0.664609 0.150871 0.665295 0.149683
0.665295 0.149683 0.666667 0.149683
0.666667 0.149683 0.665981 0.148495
0.665981 0.148495 0.666667 0.147307
0.666667 0.147307 0.665295 0.147307
0.665295 0.147307 0.664609 0.146120
0.664609 0.146120 0.665295 0.144932
0.665295 0.144932 0.666667 0.144932
0.666667 0.144932 0.665981 0.143744
0.665981 0.143744 0.666667 0.142556
0.666667 0.142556 0.665295 0.142556
0.665295 0.142556 0.664609 0.141368
0.664609 0.141368 0.663923 0.142556
0.663923 0.142556 0.662551 0.142556
0.662551 0.142556 0.661866 0.141368
0.661866 0.141368 0.662551 0.140180
0.662551 0.140180 0.661180 0.140180
0.661180 0.140180 0.660494 0.138992
0.660494 0.138992 0.661180 0.137804
0.661180 0.137804 0.662551 0.137804
0.662551 0.137804 0.661866 0.136616
0.661866 0.136616 0.662551 0.135428
0.662551 0.135428 0.663923 0.135428
0.663923 0.135428 0.664609 0.136616
0.664609 0.136616 0.665295 0.135428
0.665295 0.135428 0.666667 0.135428
0.666667 0.135428 0.665981 0.134240
0.665981 0.134240 0.666667 0.133052
0.666667 0.133052 0.665295 0.133052
0.665295 0.133052 0.664609 0.131864
0.664609 0.131864 0.665295 0.130676
0.665295 0.130676 0.666667 0.130676
0.666667 0.130676 0.665981 0.129488
0.665981 0.129488 0.666667 0.128300
0.666667 0.128300 0.665295 0.128300
0.665295 0.128300 0.664609 0.127112
0.664609 0.127112 0.663923 0.128300
0.663923 0.128300 0.662551 0.128300
0.662551 0.128300 0.661866 0.127112
0.661866 0.127112 0.662551 0.125924
0.662551 0.125924 0.661180 0.125924
0.661180 0.125924 0.660494 0.124736
0.660494 0.124736 0.659808 0.125924
0.659808 0.125924 0.658436 0.125924
0.658436 0.125924 0.659122 0.127112
0.659122 0.127112 0.658436 0.128300
0.658436 0.128300 0.657064 0.128300
0.657064 0.128300 0.656379 0.127112
0.656379 0.127112 0.655693 0.128300
0.655693 0.128300 0.654321 0.128300
0.654321 0.128300 0.653635 0.127112
0.653635 0.127112 0.654321 0.125924
0.654321 0.125924 0.652949 0.125924
0.652949 0.125924 0.652263 0.124736
0.652263 0.124736 0.652949 0.123548
0.652949 0.123548 0.654321 0.123548
0.654321 0.123548 0.653635 0.122360
0.653635 0.122360 0.654321 0.121172
0.654321 0.121172 0.652949 0.121172
0.652949 0.121172 0.652263 0.119984
0.652263 0.119984 0.651578 0.121172
0.651578 0.121172 0.650206 0.121172
0.650206 0.121172 0.649520 0.119984
0.649520 0.119984 0.650206 0.118796
0.650206 0.118796 0.648834 0.118796
0.648834 0.118796 0.648148 0.117608
0.648148 0.117608 0.647462 0.118796
0.647462 0.118796 0.646091 0.118796
0.646091 0.118796 0.646776 0.119984
0.646776 0.119984 0.646091 0.121172
0.646091 0.121172 0.644719 0.121172
0.644719 0.121172 0.644033 0.119984
0.644033 0.119984 0.643347 0.121172
0.643347 0.121172 0.641975 0.121172
0.641975 0.121172 0.642661 0.122360
0.642661 0.122360 0.641975 0.123548
0.641975 0.123548 0.643347 0.123548
0.643347 0.123548 0.644033 0.124736
0.644033 0.124736 0.643347 0.125924
0.643347 0.125924 0.641975 0.125924
0.641975 0.125924 0.642661 0.127112
0.642661 0.127112 0.641975 0.128300
0.641975 0.128300 0.640604 0.128300
0.640604 0.128300 0.639918 0.127112
0.639918 0.127112 0.639232 0.128300
0.639232 0.128300 0.637860 0.128300
0.637860 0.128300 0.637174 0.127112
0.637174 0.127112 0.637860 0.125924
0.637860 0.125924 0.636488 0.125924
0.636488 0.125924 0.635802 0.124736
0.635802 0.124736 0.635117 0.125924
0.635117 0.125924 0.633745 0.125924
0.633745 0.125924 0.634431 0.127112
0.634431 0.127112 0.633745 0.128300
0.633745 0.128300 0.632373 0.128300
0.632373 0.128300 0.631687 0.127112
0.631687 0.127112 0.631001 0.128300
0.631001 0.128300 0.629630 0.128300
0.629630 0.128300 0.628944 0.127112
0.628944 0.127112 0.629630 0.125924
0.629630 0.125924 0.628258 0.125924
0.628258 0.125924 0.627572 0.124736
0.627572 0.124736 0.628258 0.123548
0.628258 0.123548 0.629630 0.123548
0.629630 0.123548 0.628944 0.122360
0.628944 0.122360 0.629630 0.121172
0.629630 0.121172 0.628258 0.121172
0.628258 0.121172 0.627572 0.119984
0.627572 0.119984 0.626886 0.121172
0.626886 0.121172 0.625514 0.121172
0.625514 0.121172 0.624829 0.119984
0.624829 0.119984 0.625514 0.118796
0.625514 0.118796 0.624143 0.118796
0.624143 0.118796 0.623457 0.117608
0.623457 0.117608 0.624143 0.116420
0.624143 0.116420 0.625514 0.116420
0.625514 0.116420 0.624829 0.115232
0.624829 0.115232 0.625514 0.114044
0.625514 0.114044 0.626886 0.114044
0.626886 0.114044 0.627572 0.115232
0.627572 0.115232 0.628258 0.114044
0.628258 0.114044 0.629630 0.114044
0.629630 0.114044 0.628944 0.112857
0.628944 0.112857 0.629630 0.111669
0.629630 0.111669 0.628258 0.111669
0.628258 0.111669 0.627572 0.110481
0.627572 0.110481 0.628258 0.109293
0.628258 0.109293 0.629630 0.109293
0.629630 0.109293 0.628944 0.108105
0.628944 0.108105 0.629630 0.106917
0.629630 0.106917 0.628258 0.106917
0.628258 0.106917 0.627572 0.105729
0.627572 0.105729 0.626886 0.106917
0.626886 0.106917 0.625514 0.106917
0.625514 0.106917 0.624829 0.105729
0.624829 0.105729 0.625514 0.104541
0.625514 0.104541 0.624143 0.104541
0.624143 0.104541 0.623457 0.103353
0.623457 0.103353 0.622771 0.104541
0.622771 0.104541 0.621399 0.104541
0.621399 0.104541 0.622085 0.105729
0.622085 0.105729 0.621399 0.106917
0.621399 0.106917 0.620027 0.106917
0.620027 0.106917 0.619342 0.105729
0.619342 0.105729 0.618656 0.106917
0.618656 0.106917 0.617284 0.106917
0.617284 0.106917 0.616598 0.105729
0.616598 0.105729 0.617284 0.104541
0.617284 0.104541 0.615912 0.104541
0.615912 0.104541 0.615226 0.103353
0.615226 0.103353 0.615912 0.102165
0.615912 0.102165 0.617284 0.102165
0.617284 0.102165 0.616598 0.100977
0.616598 0.100977 0.617284 0.099789
0.617284 0.099789 0.615912 0.099789
0.615912 0.099789 0.615226 0.098601
0.615226 0.098601 0.614540 0.099789
0.614540 0.099789 0.613169 0.099789
0.613169 0.099789 0.612483 0.098601
0.612483 0.098601 0.613169 0.097413
0.613169 0.097413 0.611797 0.097413
0.611797 0.097413 0.611111 0.096225
0.611111 0.096225 0.611797 0.095037
0.611797 0.095037 0.613169 0.095037
0.613169 0.095037 0.612483 0.093849
0.612483 0.093849 0.613169 0.092661
0.613169 0.092661 0.614540 0.092661
0.614540 0.092661 0.615226 0.093849
0.615226 0.093849 0.615912 0.092661
0.615912 0.092661 0.617284 0.092661
0.617284 0.092661 0.616598 0.091473
0.616598 0.091473 0.617284 0.090285
0.617284 0.090285 0.615912 0.090285
0.615912 0.090285 0.615226 0.089097
0.615226 0.089097 0.615912 0.087909
0.615912 0.087909 0.617284 0.087909
0.617284 0.087909 0.616598 0.086721
0.616598 0.086721 0.617284 0.085533
0.617284 0.085533 0.618656 0.085533
0.618656 0.085533 0.619342 0.086721
0.619342 0.086721 0.620027 0.085533
0.620027 0.085533 0.621399 0.085533
0.621399 0.085533 0.622085 0.086721
0.622085 0.086721 0.621399 0.087909
0.621399 0.087909 0.622771 0.087909
0.622771 0.087909 0.623457 0.089097
0.623457 0.089097 0.624143 0.087909
0.624143 0.087909 0.625514 0.087909
0.625514 0.087909 0.624829 0.086721
0.624829 0.086721 0.625514 0.085533
0.625514 0.085533 0.626886 0.085533
0.626886 0.085533 0.627572 0.086721
0.627572 0.086721 0.628258 0.085533
0.628258 0.085533 0.629630 0.085533
0.629630 0.085533 0.628944 0.084345
0.628944 0.084345 0.629630 0.083157
0.629630 0.083157 0.628258 0.083157
0.628258 0.083157 0.627572 0.081969
0.627572 0.081969 0.628258 0.080782
0.628258 0.080782 0.629630 0.080782
0.629630 0.080782 0.628944 0.079594
0.628944 0.079594 0.629630 0.078406
0.629630 0.078406 0.628258 0.078406
0.628258 0.078406 0.627572 0.077218
0.627572 0.077218 0.626886 0.078406
0.626886 0.078406 0.625514 0.078406
0.625514 0.078406 0.624829 0.077218
0.624829 0.077218 0.625514 0.076030
0.625514 0.076030 0.624143 0.076030
0.624143 0.076030 0.623457 0.074842
0.623457 0.074842 0.624143 0.073654
0.624143 0.073654 0.625514 0.073654
0.625514 0.073654 0.624829 0.072466
0.624829 0.072466 0.625514 0.071278
0.625514 0.071278 0.626886 0.071278
0.626886 0.071278 0.627572 0.072466
0.627572 0.072466 0.628258 0.071278
0.628258 0.071278 0.629630 0.071278
0.629630 0.071278 0.628944 0.070090
0.628944 0.070090 0.629630 0.068902
0.629630 0.068902 0.628258 0.068902
0.628258 0.068902 0.627572 0.067714
0.627572 0.067714 0.628258 0.066526
0.628258 0.066526 0.629630 0.066526
0.629630 0.066526 0.628944 0.065338
0.628944 0.065338 0.629630 0.064150
0.629630 0.064150 0.631001 0.064150
0.631001 0.064150 0.631687 0.065338
0.631687 0.065338 0.632373 0.064150
0.632373 0.064150 0.633745 0.064150
0.633745 0.064150 0.634431 0.065338
0.634431 0.065338 0.633745 0.066526
0.633745 0.066526 0.635117 0.066526
0.635117 0.066526 0.635802 0.067714
0.635802 0.067714 0.636488 0.066526
0.636488 0.066526 0.637860 0.066526
0.637860 0.066526 0.637174 0.065338
0.637174 0.065338 0.637860 0.064150
0.637860 0.064150 0.639232 0.064150
0.639232 0.064150 0.639918 0.065338
0.639918 0.065338 0.640604 0.064150
0.640604 0.064150 0.641975 0.064150
0.641975 0.064150 0.642661 0.065338
0.642661 0.065338 0.641975 0.066526
0.641975 0.066526 0.643347 0.066526
0.643347 0.066526 0.644033 0.067714
0.644033 0.067714 0.643347 0.068902
0.643347 0.068902 0.641975 0.068902
0.641975 0.068902 0.642661 0.070090
0.642661 0.070090 0.641975 0.071278
0.641975 0.071278 0.643347 0.071278
0.643347 0.071278 0.644033 0.072466
0.644033 0.072466 0.644719 0.071278
0.644719 0.071278 0.646091 0.071278
0.646091 0.071278 0.646776 0.072466
0.646776 0.072466 0.646091 0.073654
0.646091 0.073654 0.647462 0.073654
0.647462 0.073654 0.648148 0.074842
0.648148 0.074842 0.648834 0.073654
0.648834 0.073654 0.650206 0.073654
0.650206 0.073654 0.649520 0.072466
0.649520 0.072466 0.650206 0.071278
0.650206 0.071278 0.651578 0.071278
0.651578 0.071278 0.652263 0.072466
0.652263 0.072466 0.652949 0.071278
0.652949 0.071278 0.654321 0.071278
0.654321 0.071278 0.653635 0.070090
0.653635 0.070090 0.654321 0.068902
0.654321 0.068902 0.652949 0.068902
0.652949 0.068902 0.652263 0.067714
0.652263 0.067714 0.652949 0.066526
0.652949 0.066526 0.654321 0.066526
0.654321 0.066526 0.653635 0.065338
0.653635 0.065338 0.654321 0.064150
0.654321 0.064150 0.655693 0.064150
0.655693 0.064150 0.656379 0.065338
0.656379 0.065338 0.657064 0.064150
0.657064 0.064150 0.658436 0.064150
0.658436 0.064150 0.659122 0.065338
0.659122 0.065338 0.658436 0.066526
0.658436 0.066526 0.659808 0.066526
0.659808 0.066526 0.660494 0.067714
0.660494 0.067714 0.661180 0.066526
0.661180 0.066526 0.662551 0.066526
0.662551 0.066526 0.661866 0.065338
0.661866 0.065338 0.662551 0.064150
0.662551 0.064150 0.663923 0.064150
0.663923 0.064150 0.664609 0.065338
0.664609 0.065338 0.665295 0.064150
0.665295 0.064150 0.666667 0.064150
0.666667 0.064150 0.665981 0.062962
0.665981 0.062962 0.666667 0.061774
0.666667 0.061774 0.665295 0.061774
0.665295 0.061774 0.664609 0.060586
0.664609 0.060586 0.665295 0.059398
0.665295 0.059398 0.666667 0.059398
0.666667 0.059398 0.665981 0.058210
0.665981 0.058210 0.666667 0.057022
0.666667 0.057022 0.665295 0.057022
0.665295 0.057022 0.664609 0.055834
0.664609 0.055834 0.663923 0.057022
0.663923 0.057022 0.662551 0.057022
0.662551 0.057022 0.661866 0.055834
0.661866 0.055834 0.662551 0.054646
0.662551 0.054646 0.661180 0.054646
0.661180 0.054646 0.660494 0.053458
0.660494 0.053458 0.661180 0.052270
0.661180 0.052270 0.662551 0.052270
0.662551 0.052270 0.661866 0.051082
0.661866 0.051082 0.662551 0.049894
0.662551 0.049894 0.663923 0.049894
0.663923 0.049894 0.664609 0.051082
0.664609 0.051082 0.665295 0.049894
0.665295 0.049894 0.666667 0.049894
0.666667 0.049894 0.665981 0.048707
0.665981 0.048707 0.666667 0.047519
0.666667 0.047519 0.665295 0.047519
0.665295 0.047519 0.664609 0.046331
0.664609 0.046331 0.665295 0.045143
0.665295 0.045143 0.666667 0.045143
0.666667 0.045143 0.665981 0.043955
0.665981 0.043955 0.666667 0.042767
0.666667 0.042767 0.665295 0.042767
0.665295 0.042767 0.664609 0.041579
0.664609 0.041579 0.663923 0.042767
0.663923 0.042767 0.662551 0.042767
0.662551 0.042767 0.661866 0.041579
0.661866 0.041579 0.662551 0.040391
0.662551 0.040391 0.661180 0.040391
0.661180 0.040391 0.660494 0.039203
0.660494 0.039203 0.659808 0.040391
0.659808 0.040391 0.658436 0.040391
0.658436 0.040391 0.659122 0.041579
0.659122 0.041579 0.658436 0.042767
0.658436 0.042767 0.657064 0.042767
0.657064 0.042767 0.656379 0.041579
0.656379 0.041579 0.655693 0.042767
0.655693 0.042767 0.654321 0.042767
0.654321 0.042767 0.653635 0.041579
0.653635 0.041579 0.654321 0.040391
0.654321 0.040391 0.652949 0.040391
0.652949 0.040391 0.652263 0.039203
0.652263 0.039203 0.652949 0.038015
0.652949 0.038015 0.654321 0.038015
0.654321 0.038015 0.653635 0.036827
0.653635 0.036827 0.654321 0.035639
0.654321 0.035639 0.652949 0.035639
0.652949 0.035639 0.652263 0.034451
0.652263 0.034451 0.651578 0.035639
0.651578 0.035639 0.650206 0.035639
0.650206 0.035639 0.649520 0.034451
0.649520 0.034451 0.650206 0.033263
0.650206 0.033263 0.648834 0.033263
0.648834 0.033263 0.648148 0.032075
0.648148 0.032075 0.648834 0.030887
0.648834 0.030887 0.650206 0.030887
0.650206 0.030887 0.649520 0.029699
0.649520 0.029699 0.650206 0.028511
0.650206 0.028511 0.651578 0.028511
0.651578 0.028511 0.652263 0.029699
0.652263 0.029699 0.652949 0.028511
0.652949 0.028511 0.654321 0.028511
0.654321 0.028511 0.653635 0.027323
0.653635 0.027323 0.654321 0.026135
0.654321 0.026135 0.652949 0.026135
0.652949 0.026135 0.652263 0.024947
0.652263 0.024947 0.652949 0.023759
0.652949 0.023759 0.654321 0.023759
0.654321 0.023759 0.653635 0.022571
0.653635 0.022571 0.654321 0.021383
0.654321 0.021383 0.655693 0.021383
0.655693 0.021383 0.656379 0.022571
0.656379 0.022571 0.657064 0.021383
0.657064 0.021383 0.658436 0.021383
0.658436 0.021383 0.659122 0.022571
0.659122 0.022571 0.658436 0.023759
0.658436 0.023759 0.659808 0.023759
0.659808 0.023759 0.660494 0.024947
0.660494 0.024947 0.661180 0.023759
0.661180 0.023759 0.662551 0.023759
0.662551 0.023759 0.661866 0.022571
0.661866 0.022571 0.662551 0.021383
0.662551 0.021383 0.663923 0.021383
0.663923 0.021383 0.664609 0.022571
0.664609 0.022571 0.665295 0.021383
0.665295 0.021383 0.666667 0.021383
0.666667 0.021383 0.665981 0.020195
0.665981 0.020195 0.666667 0.019007
0.666667 0.019007 0.665295 0.019007
0.665295 0.019007 0.664609 0.017819
0.664609 0.017819 0.665295 0.016631
0.665295 0.016631 0.666667 0.016631
0.666667 0.016631 0.665981 0.015444
0.665981 0.015444 0.666667 0.014256
0.666667 0.014256 0.665295 0.014256
0.665295 0.014256 0.664609 0.013068
0.664609 0.013068 0.663923 0.014256
0.663923 0.014256 0.662551 0.014256
0.662551 0.014256 0.661866 0.013068
0.661866 0.013068 0.662551 0.011880
0.662551 0.011880 0.661180 0.011880
0.661180 0.011880 0.660494 0.010692
0.660494 0.010692 0.661180 0.009504
0.661180 0.009504 0.662551 0.009504
0.662551 0.009504 0.661866 0.008316
0.661866 0.008316 0.662551 0.007128
0.662551 0.007128 0.663923 0.007128
0.663923 0.007128 0.664609 0.008316
0.664609 0.008316 0.665295 0.007128
0.665295 0.007128 0.666667 0.007128
0.666667 0.007128 0.665981 0.005940
0.665981 0.005940 0.666667 0.004752
0.666667 0.004752 0.665295 0.004752
0.665295 0.004752 0.664609 0.003564
0.664609 0.003564 0.665295 0.002376
0.665295 0.002376 0.666667 0.002376
0.666667 0.002376 0.665981 0.001188
0.665981 0.001188 0.666667 0.000000
0.666667 0.000000 0.668038 0.000000
0.668038 0.000000 0.668724 0.001188
0.668724 0.001188 0.669410 0.000000
0.669410 0.000000 0.670782 0.000000
0.670782 0.000000 0.671468 0.001188
0.671468 0.001188 0.670782 0.002376
0.670782 0.002376 0.672154 0.002376
0.672154 0.002376 0.672840 0.003564
0.672840 0.003564 0.673525 0.002376
0.673525 0.002376 0.674897 0.002376
0.674897 0.002376 0.674211 0.001188
0.674211 0.001188 0.674897 0.000000
0.674897 0.000000 0.676269 0.000000
0.676269 0.000000 0.676955 0.001188
0.676955 0.001188 0.677641 0.000000
0.677641 0.000000 0.679012 0.000000
0.679012 0.000000 0.679698 0.001188
0.679698 0.001188 0.679012 0.002376
0.679012 0.002376 0.680384 0.002376
0.680384 0.002376 0.681070 0.003564
0.681070 0.003564 0.680384 0.004752
0.680384 0.004752 0.679012 0.004752
0.679012 0.004752 0.679698 0.005940
0.679698 0.005940 0.679012 0.007128
0.679012 0.007128 0.680384 0.007128
0.680384 0.007128 0.681070 0.008316
0.681070 0.008316 0.681756 0.007128
0.681756 0.007128 0.683128 0.007128
0.683128 0.007128 0.683813 0.008316
0.683813 0.008316 0.683128 0.009504
0.683128 0.009504 0.684499 0.009504
0.684499 0.009504 0.685185 0.010692
0.685185 0.010692 0.685871 0.009504
0.685871 0.009504 0.687243 0.009504
0.687243 0.009504 0.686557 0.008316
0.686557 0.008316 0.687243 0.007128
0.687243 0.007128 0.688615 0.007128
0.688615 0.007128 0.689300 0.008316
0.689300 0.008316 0.689986 0.007128
0.689986 0.007128 0.691358 0.007128
0.691358 0.007128 0.690672 0.005940
0.690672 0.005940 0.691358 0.004752
0.691358 0.004752 0.689986 0.004752
0.689986 0.004752 0.689300 0.003564
0.689300 0.003564 0.689986 0.002376
0.689986 0.002376 0.691358 0.002376
0.691358 0.002376 0.690672 0.001188
0.690672 0.001188 0.691358 0.000000
0.691358 0.000000 0.692730 0.000000
0.692730 0.000000 0.693416 0.001188
0.693416 0.001188 0.694102 0.000000
0.694102 0.000000 0.695473 0.000000
0.695473 0.000000 0.696159 0.001188
0.696159 0.001188 0.695473 0.002376
0.695473 0.002376 0.696845 0.002376
0.696845 0.002376 0.697531 0.003564
0.697531 0.003564 0.698217 0.002376
0.698217 0.002376 0.699588 0.002376
0.699588 0.002376 0.698903 0.001188
0.698903 0.001188 0.699588 0.000000
0.699588 0.000000 0.700960 0.000000
0.700960 0.000000 0.701646 0.001188
0.701646 0.001188 0.702332 0.000000
0.702332 0.000000 0.703704 0.000000
0.703704 0.000000 0.704390 0.001188
0.704390 0.001188 0.703704 0.002376
0.703704 0.002376 0.705075 0.002376
0.705075 0.002376 0.705761 0.003564
0.705761 0.003564 0.705075 0.004752
0.705075 0.004752 0.703704 0.004752
0.703704 0.004752 0.704390 0.005940
0.704390 0.005940 0.703704 0.007128
0.703704 0.007128 0.705075 0.007128
0.705075 0.007128 0.705761 0.008316
0.705761 0.008316 0.706447 0.007128
0.706447 0.007128 0.707819 0.007128
0.707819 0.007128 0.708505 0.008316
0.708505 0.008316 0.707819 0.009504
0.707819 0.009504 0.709191 0.009504
0.709191 0.009504 0.709877 0.010692
0.709877 0.010692 0.709191 0.011880
0.709191 0.011880 0.707819 0.011880
0.707819 0.011880 0.708505 0.013068
0.708505 0.013068 0.707819 0.014256
0.707819 0.014256 0.706447 0.014256
0.706447 0.014256 0.705761 0.013068
0.705761 0.013068 0.705075 0.014256
0.705075 0.014256 0.703704 0.014256
0.703704 0.014256 0.704390 0.015444
0.704390 0.015444 0.703704 0.016631
0.703704 0.016631 0.705075 0.016631
0.705075 0.016631 0.705761 0.017819
0.705761 0.017819 0.705075 0.019007
0.705075 0.019007 0.703704 0.019007
0.703704 0.019007 0.704390 0.020195
0.704390 0.020195 0.703704 0.021383
0.703704 0.021383 0.705075 0.021383
0.705075 0.021383 0.705761 0.022571
0.705761 0.022571 0.706447 0.021383
0.706447 0.021383 0.707819 0.021383
0.707819 0.021383 0.708505 0.022571
0.708505 0.022571 0.707819 0.023759
0.707819 0.023759 0.709191 0.023759
0.709191 0.023759 0.709877 0.024947
0.709877 0.024947 0.710562 0.023759
0.710562 0.023759 0.711934 0.023759
0.711934 0.023759 0.711248 0.022571
0.711248 0.022571 0.711934 0.021383
0.711934 0.021383 0.713306 0.021383
0.713306 0.021383 0.713992 0.022571
0.713992 0.022571 0.714678 0.021383
0.714678 0.021383 0.716049 0.021383
0.716049 0.021383 0.716735 0.022571
0.716735 0.022571 0.716049 0.023759
0.716049 0.023759 0.717421 0.023759
0.717421 0.023759 0.718107 0.024947
0.718107 0.024947 0.717421 0.026135
0.717421 0.026135 0.716049 0.026135
0.716049 0.026135 0.716735 0.027323
0.716735 0.027323 0.716049 0.028511
0.716049 0.028511 0.717421 0.028511
0.717421 0.028511 0.718107 0.029699
0.718107 0.029699 0.718793 0.028511
0.718793 0.028511 0.720165 0.028511
0.720165 0.028511 0.720850 0.029699
0.720850 0.029699 0.720165 0.030887
0.720165 0.030887 0.721536 0.030887
0.721536 0.030887 0.722222 0.032075
0.722222 0.032075 0.722908 0.030887
0.722908 0.030887 0.724280 0.030887
0.724280 0.030887 0.723594 0.029699
0.723594 0.029699 0.724280 0.028511
0.724280 0.028511 0.725652 0.028511
0.725652 0.028511 0.726337 0.029699
0.726337 0.029699 0.727023 0.028511
0.727023 0.028511 0.728395 0.028511
0.728395 0.028511 0.727709 0.027323
0.727709 0.027323 0.728395 0.026135
0.728395 0.026135 0.727023 0.026135
0.727023 0.026135 0.726337 0.024947
0.726337 0.024947 0.727023 0.023759
0.727023 0.023759 0.728395 0.023759
0.728395 0.023759 0.727709 0.022571
0.727709 0.022571 0.728395 0.021383
0.728395 0.021383 0.729767 0.021383
0.729767 0.021383 0.730453 0.022571
0.730453 0.022571 0.731139 0.021383
0.731139 0.021383 0.732510 0.021383
0.732510 0.021383 0.733196 0.022571
0.733196 0.022571 0.732510 0.023759
0.732510 0.023759 0.733882 0.023759
0.733882 0.023759 0.734568 0.024947
0.734568 0.024947 0.735254 0.023759
0.735254 0.023759 0.736626 0.023759
0.736626 0.023759 0.735940 0.022571
0.735940 0.022571 0.736626 0.021383
0.736626 0.021383 0.737997 0.021383
0.737997 0.021383 0.738683 0.022571
0.738683 0.022571 0.739369 0.021383
0.739369 0.021383 0.740741 0.021383
0.740741 0.021383 0.740055 0.020195
0.740055 0.020195 0.740741 0.019007
0.740741 0.019007 0.739369 0.019007
0.739369 0.019007 0.738683 0.017819
0.738683 0.017819 0.739369 0.016631
0.739369 0.016631 0.740741 0.016631
0.740741 0.016631 0.740055 0.015444
0.740055 0.015444 0.740741 0.014256
0.740741 0.014256 0.739369 0.014256
0.739369 0.014256 0.738683 0.013068
0.738683 0.013068 0.737997 0.014256
0.737997 0.014256 0.736626 0.014256
0.736626 0.014256 0.735940 0.013068
0.735940 0.013068 0.736626 0.011880
0.736626 0.011880 0.735254 0.011880
0.735254 0.011880 0.734568 0.010692
0.734568 0.010692 0.735254 0.009504
0.735254 0.009504 0.736626 0.009504
0.736626 0.009504 0.735940 0.008316
0.735940 0.008316 0.736626 0.007128
0.736626 0.007128 0.737997 0.007128
0.737997 0.007128 0.738683 0.008316
0.738683 0.008316 0.739369 0.007128
0.739369 0.007128 0.740741 0.007128
0.740741 0.007128 0.740055 0.005940
0.740055 0.005940 0.740741 0.004752
0.740741 0.004752 0.739369 0.004752
0.739369 0.004752 0.738683 0.003564
0.738683 0.003564 0.739369 0.002376
0.739369 0.002376 0.740741 0.002376
0.740741 0.002376 0.740055 0.001188
0.740055 0.001188 0.740741 0.000000
0.740741 0.000000 0.742112 0.000000
0.742112 0.000000 0.742798 0.001188
0.742798 0.001188 0.743484 0.000000
0.743484 0.000000 0.744856 0.000000
0.744856 0.000000 0.745542 0.001188
0.745542 0.001188 0.744856 0.002376
0.744856 0.002376 0.746228 0.002376
0.746228 0.002376 0.746914 0.003564
0.746914 0.003564 0.747599 0.002376
0.747599 0.002376 0.748971 0.002376
0.748971 0.002376 0.748285 0.001188
0.748285 0.001188 0.748971 0.000000
0.748971 0.000000 0.750343 0.000000
0.750343 0.000000 0.751029 0.001188
0.751029 0.001188 0.751715 0.000000
0.751715 0.000000 0.753086 0.000000
0.753086 0.000000 0.753772 0.001188
0.753772 0.001188 0.753086 0.002376
0.753086 0.002376 0.754458 0.002376
0.754458 0.002376 0.755144 0.003564
0.755144 0.003564 0.754458 0.004752
0.754458 0.004752 0.753086 0.004752
0.753086 0.004752 0.753772 0.005940
0.753772 0.005940 0.753086 0.007128
0.753086 0.007128 0.754458 0.007128
0.754458 0.007128 0.755144 0.008316
0.755144 0.008316 0.755830 0.007128
0.755830 0.007128 0.757202 0.007128
0.757202 0.007128 0.757888 0.008316
0.757888 0.008316 0.757202 0.009504
0.757202 0.009504 0.758573 0.009504
0.758573 0.009504 0.759259 0.010692
0.759259 0.010692 0.759945 0.009504
0.759945 0.009504 0.761317 0.009504
0.761317 0.009504 0.760631 0.008316
0.760631 0.008316 0.761317 0.007128
0.761317 0.007128 0.762689 0.007128
0.762689 0.007128 0.763374 0.008316
0.763374 0.008316 0.764060 0.007128
0.764060 0.007128 0.765432 0.007128
0.765432 0.007128 0.764746 0.005940
0.764746 0.005940 0.765432 0.004752
0.765432 0.004752 0.764060 0.004752
0.764060 0.004752 0.763374 0.003564
0.763374 0.003564 0.764060 0.002376
0.764060 0.002376 0.765432 0.002376
0.765432 0.002376 0.764746 0.001188
0.764746 0.001188 0.765432 0.000000
0.765432 0.000000 0.766804 0.000000
0.766804 0.000000 0.767490 0.001188
0.767490 0.001188 0.768176 0.000000
0.768176 0.000000 0.769547 0.000000
0.769547 0.000000 0.770233 0.001188
0.770233 0.001188 0.769547 0.002376
0.769547 0.002376 0.770919 0.002376
0.770919 0.002376 0.771605 0.003564
0.771605 0.003564 0.772291 0.002376
0.772291 0.002376 0.773663 0.002376
0.773663 0.002376 0.772977 0.001188
0.772977 0.001188 0.773663 0.000000
0.773663 0.000000 0.775034 0.000000
0.775034 0.000000 0.775720 0.001188
0.775720 0.001188 0.776406 0.000000
0.776406 0.000000 0.777778 0.000000
0.777778 0.000000 0.778464 0.001188
0.778464 0.001188 0.777778 0.002376
0.777778 0.002376 0.779150 0.002376
0.779150 0.002376 0.779835 0.003564
0.779835 0.003564 0.779150 0.004752
0.779150 0.004752 0.777778 0.004752
0.777778 0.004752 0.778464 0.005940
0.778464 0.005940 0.777778 0.007128
0.777778 0.007128 0.779150 0.007128
0.779150 0.007128 0.779835 0.008316
0.779835 0.008316 0.780521 0.007128
0.780521 0.007128 0.781893 0.007128
0.781893 0.007128 0.782579 0.008316
0.782579 0.008316 0.781893 0.009504
0.781893 0.009504 0.783265 0.009504
0.783265 0.009504 0.783951 0.010692
0.783951 0.010692 0.783265 0.011880
0.783265 0.011880 0.781893 0.011880
0.781893 0.011880 0.782579 0.013068
0.782579 0.013068 0.781893 0.014256
0.781893 0.014256 0.780521 0.014256
0.780521 0.014256 0.779835 0.013068
0.779835 0.013068 0.779150 0.014256
0.779150 0.014256 0.777778 0.014256
0.777778 0.014256 0.778464 0.015444
0.778464 0.015444 0.777778 0.016631
0.777778 0.016631 0.779150 0.016631
0.779150 0.016631 0.779835 0.017819
0.779835 0.017819 0.779150 0.019007
0.779150 0.019007 0.777778 0.019007
0.777778 0.019007 0.778464 0.020195
0.778464 0.020195 0.777778 0.021383
0.777778 0.021383 0.779150 0.021383
0.779150 0.021383 0.779835 0.022571
0.779835 0.022571 0.780521 0.021383
0.780521 0.021383 0.781893 0.021383
0.781893 0.021383 0.782579 0.022571
0.782579 0.022571 0.781893 0.023759
0.781893 0.023759 0.783265 0.023759
0.783265 0.023759 0.783951 0.024947
0.783951 0.024947 0.784636 0.023759
0.784636 0.023759 0.786008 0.023759
0.786008 0.023759 0.785322 0.022571
0.785322 0.022571 0.786008 0.021383
0.786008 0.021383 0.787380 0.021383
0.787380 0.021383 0.788066 0.022571
0.788066 0.022571 0.788752 0.021383
0.788752 0.021383 0.790123 0.021383
0.790123 0.021383 0.790809 0.022571
0.790809 0.022571 0.790123 0.023759
0.790123 0.023759 0.791495 0.023759
0.791495 0.023759 0.792181 0.024947
0.792181 0.024947 0.791495 0.026135
0.791495 0.026135 0.790123 0.026135
0.790123 0.026135 0.790809 0.027323
0.790809 0.027323 0.790123 0.028511
0.790123 0.028511 0.791495 0.028511
0.791495 0.028511 0.792181 0.029699
0.792181 0.029699 0.792867 0.028511
0.792867 0.028511 0.794239 0.028511
0.794239 0.028511 0.794925 0.029699
0.794925 0.029699 0.794239 0.030887
0.794239 0.030887 0.795610 0.030887
0.795610 0.030887 0.796296 0.032075
0.796296 0.032075 0.795610 0.033263
0.795610 0.033263 0.794239 0.033263
0.794239 0.033263 0.794925 0.034451
0.794925 0.034451 0.794239 0.035639
0.794239 0.035639 0.792867 0.035639
0.792867 0.035639 0.792181 0.034451
0.792181 0.034451 0.791495 0.035639
0.791495 0.035639 0.790123 0.035639
0.790123 0.035639 0.790809 0.036827
0.790809 0.036827 0.790123 0.038015
0.790123 0.038015 0.791495 0.038015
0.791495 0.038015 0.792181 0.039203
0.792181 0.039203 0.791495 0.040391
0.791495 0.040391 0.790123 0.040391
0.790123 0.040391 0.790809 0.041579
0.790809 0.041579 0.790123 0.042767
0.790123 0.042767 0.788752 0.042767
0.788752 0.042767 0.788066 0.041579
0.788066 0.041579 0.787380 0.042767
0.787380 0.042767 0.786008 0.042767
0.786008 0.042767 0.785322 0.041579
0.785322 0.041579 0.786008 0.040391
0.786008 0.040391 0.784636 0.040391
0.784636 0.040391 0.783951 0.039203
0.783951 0.039203 0.783265 0.040391
0.783265 0.040391 0.781893 0.040391
0.781893 0.040391 0.782579 0.041579
0.782579 0.041579 0.781893 0.042767
0.781893 0.042767 0.780521 0.042767
0.780521 0.042767 0.779835 0.041579
0.779835 0.041579 0.779150 0.042767
0.779150 0.042767 0.777778 0.042767
0.777778 0.042767 0.778464 0.043955
0.778464 0.043955 0.777778 0.045143
0.777778 0.045143 0.779150 0.045143
0.779150 0.045143 0.779835 0.046331
0.779835 0.046331 0.779150 0.047519
0.779150 0.047519 0.777778 0.047519
0.777778 0.047519 0.778464 0.048707
0.778464 0.048707 0.777778 0.049894
0.777778 0.049894 0.779150 0.049894
0.779150 0.049894 0.779835 0.051082
0.779835 0.051082 0.780521 0.049894
0.780521 0.049894 0.781893 0.049894
0.781893 0.049894 0.782579 0.051082
0.782579 0.051082 0.781893 0.052270
0.781893 0.052270 0.783265 0.052270
0.783265 0.052270 0.783951 0.053458
0.783951 0.053458 0.783265 0.054646
0.783265 0.054646 0.781893 0.054646
0.781893 0.054646 0.782579 0.055834
0.782579 0.055834 0.781893 0.057022
0.781893 0.057022 0.780521 0.057022
0.780521 0.057022 0.779835 0.055834
0.779835 0.055834 0.779150 0.057022
0.779150 0.057022 0.777778 0.057022
0.777778 0.057022 0.778464 0.058210
0.778464 0.058210 0.777778 0.059398
0.777778 0.059398 0.779150 0.059398
0.779150 0.059398 0.779835 0.060586
0.779835 0.060586 0.779150 0.061774
0.779150 0.061774 0.777778 0.061774
0.777778 0.061774 0.778464 0.062962
0.778464 0.062962 0.777778 0.064150
0.777778 0.064150 0.779150 0.064150
0.779150 0.064150 0.779835 0.065338
0.779835 0.065338 0.780521 0.064150
0.780521 0.064150 0.781893 0.064150
0.781893 0.064150 0.782579 0.065338
0.782579 0.065338 0.781893 0.066526
0.781893 0.066526 0.783265 0.066526
0.783265 0.066526 0.783951 0.067714
0.783951 0.067714 0.784636 0.066526
0.784636 0.066526 0.786008 0.066526
0.786008 0.066526 0.785322 0.065338
0.785322 0.065338 0.786008 0.064150
0.786008 0.064150 0.787380 0.064150
0.787380 0.064150 0.788066 0.065338
0.788066 0.065338 0.788752 0.064150
0.788752 0.064150 0.790123 0.064150
0.790123 0.064150 0.790809 0.065338
0.790809 0.065338 0.790123 0.066526
0.790123 0.066526 0.791495 0.066526
0.791495 0.066526 0.792181 0.067714
0.792181 0.067714 0.791495 0.068902
0.791495 0.068902 0.790123 0.068902
0.790123 0.068902 0.790809 0.070090
0.790809 0.070090 0.790123 0.071278
0.790123 0.071278 0.791495 0.071278
0.791495 0.071278 0.792181 0.072466
0.792181 0.072466 0.792867 0.071278
0.792867 0.071278 0.794239 0.071278
0.794239 0.071278 0.794925 0.072466
0.794925 0.072466 0.794239 0.073654
0.794239 0.073654 0.795610 0.073654
0.795610 0.073654 0.796296 0.074842
0.796296 0.074842 0.796982 0.073654
0.796982 0.073654 0.798354 0.073654
0.798354 0.073654 0.797668 0.072466
0.797668 0.072466 0.798354 0.071278
0.798354 0.071278 0.799726 0.071278
0.799726 0.071278 0.800412 0.072466
0.800412 0.072466 0.801097 0.071278
0.801097 0.071278 0.802469 0.071278
0.802469 0.071278 0.801783 0.070090
0.801783 0.070090 0.802469 0.068902
0.802469 0.068902 0.801097 0.068902
0.801097 0.068902 0.800412 0.067714
0.800412 0.067714 0.801097 0.066526
0.801097 0.066526 0.802469 0.066526
0.802469 0.066526 0.801783 0.065338
0.801783 0.065338 0.802469 0.064150
0.802469 0.064150 0.803841 0.064150
0.803841 0.064150 0.804527 0.065338
0.804527 0.065338 0.805213 0.064150
0.805213 0.064150 0.806584 0.064150
0.806584 0.064150 0.807270 0.065338
0.807270 0.065338 0.806584 0.066526
0.806584 0.066526 0.807956 0.066526
0.807956 0.066526 0.808642 0.067714
0.808642 0.067714 0.809328 0.066526
0.809328 0.066526 0.810700 0.066526
0.810700 0.066526 0.810014 0.065338
0.810014 0.065338 0.810700 0.064150
0.810700 0.064150 0.812071 0.064150
0.812071 0.064150 0.812757 0.065338
0.812757 0.065338 0.813443 0.064150
0.813443 0.064150 0.814815 0.064150
0.814815 0.064150 0.815501 0.065338
0.815501 0.065338 0.814815 0.066526
0.814815 0.066526 0.816187 0.066526
0.816187 0.066526 0.816872 0.067714
0.816872 0.067714 0.816187 0.068902
0.816187 0.068902 0.814815 0.068902
0.814815 0.068902 0.815501 0.070090
0.815501 0.070090 0.814815 0.071278
0.814815 0.071278 0.816187 0.071278
0.816187 0.071278 0.816872 0.072466
0.816872 0.072466 0.817558 0.071278
0.817558 0.071278 0.818930 0.071278
0.818930 0.071278 0.819616 0.072466
0.819616 0.072466 0.818930 0.073654
0.818930 0.073654 0.820302 0.073654
0.820302 0.073654 0.820988 0.074842
0.820988 0.074842 0.820302 0.076030
0.820302 0.076030 0.818930 0.076030
0.818930 0.076030 0.819616 0.077218
0.819616 0.077218 0.818930 0.078406
0.818930 0.078406 0.817558 0.078406
0.817558 0.078406 0.816872 0.077218
0.816872 0.077218 0.816187 0.078406
0.816187 0.078406 0.814815 0.078406
0.814815 0.078406 0.815501 0.079594
0.815501 0.079594 0.814815 0.080782
0.814815 0.080782 0.816187 0.080782
0.816187 0.080782 0.816872 0.081969
0.816872 0.081969 0.816187 0.083157
0.816187 0.083157 0.814815 0.083157
0.814815 0.083157 0.815501 0.084345
0.815501 0.084345 0.814815 0.085533
0.814815 0.085533 0.816187 0.085533
0.816187 0.085533 0.816872 0.086721
0.816872 0.086721 0.817558 0.085533
0.817558 0.085533 0.818930 0.085533
0.818930 0.085533 0.819616 0.086721
0.819616 0.086721 0.818930 0.087909
0.818930 0.087909 0.820302 0.087909
0.820302 0.087909 0.820988 0.089097
0.820988 0.089097 0.821674 0.087909
0.821674 0.087909 0.823045 0.087909
0.823045 0.087909 0.822359 0.086721
0.822359 0.086721 0.823045 0.085533
0.823045 0.085533 0.824417 0.085533
0.824417 0.085533 0.825103 0.086721
0.825103 0.086721 0.825789 0.085533
0.825789 0.085533 0.827160 0.085533
0.827160 0.085533 0.827846 0.086721
0.827846 0.086721 0.827160 0.087909
0.827160 0.087909 0.828532 0.087909
0.828532 0.087909 0.829218 0.089097
0.829218 0.089097 0.828532 0.090285
0.828532 0.090285 0.827160 0.090285
0.827160 0.090285 0.827846 0.091473
0.827846 0.091473 0.827160 0.092661
0.827160 0.092661 0.828532 0.092661
0.828532 0.092661 0.829218 0.093849
0.829218 0.093849 0.829904 0.092661
0.829904 0.092661 0.831276 0.092661
0.831276 0.092661 0.831962 0.093849
0.831962 0.093849 0.831276 0.095037
0.831276 0.095037 0.832647 0.095037
0.832647 0.095037 0.833333 0.096225
0.833333 0.096225 0.834019 0.095037
0.834019 0.095037 0.835391 0.095037
0.835391 0.095037 0.834705 0.093849
0.834705 0.093849 0.835391 0.092661
0.835391 0.092661 0.836763 0.092661
0.836763 0.092661 0.837449 0.093849
0.837449 0.093849 0.838134 0.092661
0.838134 0.092661 0.839506 0.092661
0.839506 0.092661 0.838820 0.091473
0.838820 0.091473 0.839506 0.090285
0.839506 0.090285 0.838134 0.090285
0.838134 0.090285 0.837449 0.089097
0.837449 0.089097 0.838134 0.087909
0.838134 0.087909 0.839506 0.087909
0.839506 0.087909 0.838820 0.086721
0.838820 0.086721 0.839506 0.085533
0.839506 0.085533 0.840878 0.085533
0.840878 0.085533 0.841564 0.086721
0.841564 0.086721 0.842250 0.085533
0.842250 0.085533 0.843621 0.085533
0.843621 0.085533 0.844307 0.086721
0.844307 0.086721 0.843621 0.087909
0.843621 0.087909 0.844993 0.087909
0.844993 0.087909 0.845679 0.089097
0.845679 0.089097 0.846365 0.087909
0.846365 0.087909 0.847737 0.087909
0.847737 0.087909 0.847051 0.086721
0.847051 0.086721 0.847737 0.085533
0.847737 0.085533 0.849108 0.085533
0.849108 0.085533 0.849794 0.086721
0.849794 0.086721 0.850480 0.085533
0.850480 0.085533 0.851852 0.085533
0.851852 0.085533 0.851166 0.084345
0.851166 0.084345 0.851852 0.083157
0.851852 0.083157 0.850480 0.083157
0.850480 0.083157 0.849794 0.081969
0.849794 0.081969 0.850480 0.080782
0.850480 0.080782 0.851852 0.080782
0.851852 0.080782 0.851166 0.079594
0.851166 0.079594 0.851852 0.078406
0.851852 0.078406 0.850480 0.078406
0.850480 0.078406 0.849794 0.077218
0.849794 0.077218 0.849108 0.078406
0.849108 0.078406 0.847737 0.078406
0.847737 0.078406 0.847051 0.077218
0.847051 0.077218 0.847737 0.076030
0.847737 0.076030 0.846365 0.076030
0.846365 0.076030 0.845679 0.074842
0.845679 0.074842 0.846365 0.073654
0.846365 0.073654 0.847737 0.073654
0.847737 0.073654 0.847051 0.072466
0.847051 0.072466 0.847737 0.071278
0.847737 0.071278 0.849108 0.071278
0.849108 0.071278 0.849794 0.072466
0.849794 0.072466 0.850480 0.071278
0.850480 0.071278 0.851852 0.071278
0.851852 0.071278 0.851166 0.070090
0.851166 0.070090 0.851852 0.068902
0.851852 0.068902 0.850480 0.068902
0.850480 0.068902 0.849794 0.067714
0.849794 0.067714 0.850480 0.066526
0.850480 0.066526 0.851852 0.066526
0.851852 0.066526 0.851166 0.065338
0.851166 0.065338 0.851852 0.064150
0.851852 0.064150 0.853224 0.064150
0.853224 0.064150 0.853909 0.065338
0.853909 0.065338 0.854595 0.064150
0.854595 0.064150 0.855967 0.064150
0.855967 0.064150 0.856653 0.065338
0.856653 0.065338 0.855967 0.066526
0.855967 0.066526 0.857339 0.066526
0.857339 0.066526 0.858025 0.067714
0.858025 0.067714 0.858711 0.066526
0.858711 0.066526 0.860082 0.066526
0.860082 0.066526 0.859396 0.065338
0.859396 0.065338 0.860082 0.064150
0.860082 0.064150 0.861454 0.064150
0.861454 0.064150 0.862140 0.065338
0.862140 0.065338 0.862826 0.064150
0.862826 0.064150 0.864198 0.064150
0.864198 0.064150 0.864883 0.065338
0.864883 0.065338 0.864198 0.066526
0.864198 0.066526 0.865569 0.066526
0.865569 0.066526 0.866255 0.067714
0.866255 0.067714 0.865569 0.068902
0.865569 0.068902 0.864198 0.068902
0.864198 0.068902 0.864883 0.070090
0.864883 0.070090 0.864198 0.071278
0.864198 0.071278 0.865569 0.071278
0.865569 0.071278 0.866255 0.072466
0.866255 0.072466 0.866941 0.071278
0.866941 0.071278 0.868313 0.071278
0.868313 0.071278 0.868999 0.072466
0.868999 0.072466 0.868313 0.073654
0.868313 0.073654 0.869684 0.073654
0.869684 0.073654 0.870370 0.074842
0.870370 0.074842 0.871056 0.073654
0.871056 0.073654 0.872428 0.073654
0.872428 0.073654 0.871742 0.072466
0.871742 0.072466 0.872428 0.071278
0.872428 0.071278 0.873800 0.071278
0.873800 0.071278 0.874486 0.072466
0.874486 0.072466 0.875171 0.071278
0.875171 0.071278 0.876543 0.071278
0.876543 0.071278 0.875857 0.070090
0.875857 0.070090 0.876543 0.068902
0.876543 0.068902 0.875171 0.068902
0.875171 0.068902 0.874486 0.067714
0.874486 0.067714 0.875171 0.066526
0.875171 0.066526 0.876543 0.066526
0.876543 0.066526 0.875857 0.065338
0.875857 0.065338 0.876543 0.064150
0.876543 0.064150 0.877915 0.064150
0.877915 0.064150 0.878601 0.065338
0.878601 0.065338 0.879287 0.064150
0.879287 0.064150 0.880658 0.064150
0.880658 0.064150 0.881344 0.065338
0.881344 0.065338 0.880658 0.066526
0.880658 0.066526 0.882030 0.066526
0.882030 0.066526 0.882716 0.067714
0.882716 0.067714 0.883402 0.066526
0.883402 0.066526 0.884774 0.066526
0.884774 0.066526 0.884088 0.065338
0.884088 0.065338 0.884774 0.064150
0.884774 0.064150 0.886145 0.064150
0.886145 0.064150 0.886831 0.065338
0.886831 0.065338 0.887517 0.064150
0.887517 0.064150 0.888889 0.064150
0.888889 0.064150 0.888203 0.062962
0.888203 0.062962 0.888889 0.061774
0.888889 0.061774 0.887517 0.061774
0.887517 0.061774 0.886831 0.060586
0.886831 0.060586 0.887517 0.059398
0.887517 0.059398 0.888889 0.059398
0.888889 0.059398 0.888203 0.058210
0.888203 0.058210 0.888889 0.057022
0.888889 0.057022 0.887517 0.057022
0.887517 0.057022 0.886831 0.055834
0.886831 0.055834 0.886145 0.057022
0.886145 0.057022 0.884774 0.057022
0.884774 0.057022 0.884088 0.055834
0.884088 0.055834 0.884774 0.054646
0.884774 0.054646 0.883402 0.054646
0.883402 0.054646 0.882716 0.053458
0.882716 0.053458 0.883402 0.052270
0.883402 0.052270 0.884774 0.052270
0.884774 0.052270 0.884088 0.051082
0.884088 0.051082 0.884774 0.049894
0.884774 0.049894 0.886145 0.049894
0.886145 0.049894 0.886831 0.051082
0.886831 0.051082 0.887517 0.049894
0.887517 0.049894 0.888889 0.049894
0.888889 0.049894 0.888203 0.048707
0.888203 0.048707 0.888889 0.047519
0.888889 0.047519 0.887517 0.047519
0.887517 0.047519 0.886831 0.046331
0.886831 0.046331 0.887517 0.045143
0.887517 0.045143 0.888889 0.045143
0.888889 0.045143 0.888203 0.043955
0.888203 0.043955 0.888889 0.042767
0.888889 0.042767 0.887517 0.042767
0.887517 0.042767 0.886831 0.041579
0.886831 0.041579 0.886145 0.042767
0.886145 0.042767 0.884774 0.042767
0.884774 0.042767 0.884088 0.041579
0.884088 0.041579 0.884774 0.040391
0.884774 0.040391 0.883402 0.040391
0.883402 0.040391 0.882716 0.039203
0.882716 0.039203 0.882030 0.040391
0.882030 0.040391 0.880658 0.040391
0.880658 0.040391 0.881344 0.041579
0.881344 0.041579 0.880658 0.042767
0.880658 0.042767 0.879287 0.042767
0.879287 0.042767 0.878601 0.041579
0.878601 0.041579 0.877915 0.042767
0.877915 0.042767 0.876543 0.042767
0.876543 0.042767 0.875857 0.041579
0.875857 0.041579 0.876543 0.040391
0.876543 0.040391 0.875171 0.040391
0.875171 0.040391 0.874486 0.039203
0.874486 0.039203 0.875171 0.038015
0.875171 0.038015 0.876543 0.038015
0.876543 0.038015 0.875857 0.036827
0.875857 0.036827 0.876543 0.035639
0.876543 0.035639 0.875171 0.035639
0.875171 0.035639 0.874486 0.034451
0.874486 0.034451 0.873800 0.035639
0.873800 0.035639 0.872428 0.035639
0.872428 0.035639 0.871742 0.034451
0.871742 0.034451 0.872428 0.033263
0.872428 0.033263 0.871056 0.033263
0.871056 0.033263 0.870370 0.032075
0.870370 0.032075 0.871056 0.030887
0.871056 0.030887 0.872428 0.030887
0.872428 0.030887 0.871742 0.029699
0.871742 0.029699 0.872428 0.028511
0.872428 0.028511 0.873800 0.028511
0.873800 0.028511 0.874486 0.029699
0.874486 0.029699 0.875171 0.028511
0.875171 0.028511 0.876543 0.028511
0.876543 0.028511 0.875857 0.027323
0.875857 0.027323 0.876543 0.026135
0.876543 0.026135 0.875171 0.026135
0.875171 0.026135 0.874486 0.024947
0.874486 0.024947 0.875171 0.023759
0.875171 0.023759 0.876543 0.023759
0.876543 0.023759 0.875857 0.022571
0.875857 0.022571 0.876543 0.021383
0.876543 0.021383 0.877915 0.021383
0.877915 0.021383 0.878601 0.022571
0.878601 0.022571 0.879287 0.021383
0.879287 0.021383 0.880658 0.021383
0.880658 0.021383 0.881344 0.022571
0.881344 0.022571 0.880658 0.023759
0.880658 0.023759 0.882030 0.023759
0.882030 0.023759 0.882716 0.024947
0.882716 0.024947 0.883402 0.023759
0.883402 0.023759 0.884774 0.023759
0.884774 0.023759 0.884088 0.022571
0.884088 0.022571 0.884774 0.021383
0.884774 0.021383 0.886145 0.021383
0.886145 0.021383 0.886831 0.022571
0.886831 0.022571 0.887517 0.021383
0.887517 0.021383 0.888889 0.021383
0.888889 0.021383 0.888203 0.020195
0.888203 0.020195 0.888889 0.019007
0.888889 0.019007 0.887517 0.019007
0.887517 0.019007 0.886831 0.017819
0.886831 0.017819 0.887517 0.016631
0.887517 0.016631 0.888889 0.016631
0.888889 0.016631 0.888203 0.015444
0.888203 0.015444 0.888889 0.014256
0.888889 0.014256 0.887517 0.014256
0.887517 0.014256 0.886831 0.013068
0.886831 0.013068 0.886145 0.014256
0.886145 0.014256 0.884774 0.014256
0.884774 0.014256 0.884088 0.013068
0.884088 0.013068 0.884774 0.011880
0.884774 0.011880 0.883402 0.011880
0.883402 0.011880 0.882716 0.010692
0.882716 0.010692 0.883402 0.009504
0.883402 0.009504 0.884774 0.009504
0.884774 0.009504 0.884088 0.008316
0.884088 0.008316 0.884774 0.007128
0.884774 0.007128 0.886145 0.007128
0.886145 0.007128 0.886831 0.008316
0.886831 0.008316 0.887517 0.007128
0.887517 0.007128 0.888889 0.007128
0.888889 0.007128 0.888203 0.005940
0.888203 0.005940 0.888889 0.004752
0.888889 0.004752 0.887517 0.004752
0.887517 0.004752 0.886831 0.003564
0.886831 0.003564 0.887517 0.002376
0.887517 0.002376 0.888889 0.002376
0.888889 0.002376 0.888203 0.001188
0.888203 0.001188 0.888889 0.000000
0.888889 0.000000 0.890261 0.000000
0.890261 0.000000 0.890947 0.001188
0.890947 0.001188 0.891632 0.000000
0.891632 0.000000 0.893004 0.000000
0.893004 0.000000 0.893690 0.001188
0.893690 0.001188 0.893004 0.002376
0.893004 0.002376 0.894376 0.002376
0.894376 0.002376 0.895062 0.003564
0.895062 0.003564 0.895748 0.002376
0.895748 0.002376 0.897119 0.002376
0.897119 0.002376 0.896433 0.001188
0.896433 0.001188 0.897119 0.000000
0.897119 0.000000 0.898491 0.000000
0.898491 0.000000 0.899177 0.001188
0.899177 0.001188 0.899863 0.000000
0.899863 0.000000 0.901235 0.000000
0.901235 0.000000 0.901920 0.001188
0.901920 0.001188 0.901235 0.002376
0.901235 0.002376 0.902606 0.002376
0.902606 0.002376 0.903292 0.003564
0.903292 0.003564 0.902606 0.004752
0.902606 0.004752 0.901235 0.004752
0.901235 0.004752 0.901920 0.005940
0.901920 0.005940 0.901235 0.007128
0.901235 0.007128 0.902606 0.007128
0.902606 0.007128 0.903292 0.008316
0.903292 0.008316 0.903978 0.007128
0.903978 0.007128 0.905350 0.007128
0.905350 0.007128 0.906036 0.008316
0.906036 0.008316 0.905350 0.009504
0.905350 0.009504 0.906722 0.009504
0.906722 0.009504 0.907407 0.010692
0.907407 0.010692 0.908093 0.009504
0.908093 0.009504 0.909465 0.009504
0.909465 0.009504 0.908779 0.008316
0.908779 0.008316 0.909465 0.007128
0.909465 0.007128 0.910837 0.007128
0.910837 0.007128 0.911523 0.008316
0.911523 0.008316 0.912209 0.007128
0.912209 0.007128 0.913580 0.007128
0.913580 0.007128 0.912894 0.005940
0.912894 0.005940 0.913580 0.004752
0.913580 0.004752 0.912209 0.004752
0.912209 0.004752 0.911523 0.003564
0.911523 0.003564 0.912209 0.002376
0.912209 0.002376 0.913580 0.002376
0.913580 0.002376 0.912894 0.001188
0.912894 0.001188 0.913580 0.000000
0.913580 0.000000 0.914952 0.000000
0.914952 0.000000 0.915638 0.001188
0.915638 0.001188 0.916324 0.000000
0.916324 0.000000 0.917695 0.000000
0.917695 0.000000 0.918381 0.001188
0.918381 0.001188 0.917695 0.002376
0.917695 0.002376 0.919067 0.002376
0.919067 0.002376 0.919753 0.003564
0.919753 0.003564 0.920439 0.002376
0.920439 0.002376 0.921811 0.002376
0.921811 0.002376 0.921125 0.001188
0.921125 0.001188 0.921811 0.000000
0.921811 0.000000 0.923182 0.000000
0.923182 0.000000 0.923868 0.001188
0.923868 0.001188 0.924554 0.000000
0.924554 0.000000 0.925926 0.000000
0.925926 0.000000 0.926612 0.001188
0.926612 0.001188 0.925926 0.002376
0.925926 0.002376 0.927298 0.002376
0.927298 0.002376 0.927984 0.003564
0.927984 0.003564 0.927298 0.004752
0.927298 0.004752 0.925926 0.004752
0.925926 0.004752 0.926612 0.005940
0.926612 0.005940 0.925926 0.007128
0.925926 0.007128 0.927298 0.007128
0.927298 0.007128 0.927984 0.008316
0.927984 0.008316 0.928669 0.007128
0.928669 0.007128 0.930041 0.007128
0.930041 0.007128 0.930727 0.008316
0.930727 0.008316 0.930041 0.009504
0.930041 0.009504 0.931413 0.009504
0.931413 0.009504 0.932099 0.010692
0.932099 0.010692 0.931413 0.011880
0.931413 0.011880 0.930041 0.011880
0.930041 0.011880 0.930727 0.013068
0.930727 0.013068 0.930041 0.014256
0.930041 0.014256 0.928669 0.014256
0.928669 0.014256 0.927984 0.013068
0.927984 0.013068 0.927298 0.014256
0.927298 0.014256 0.925926 0.014256
0.925926 0.014256 0.926612 0.015444
0.926612 0.015444 0.925926 0.016631
0.925926 0.016631 0.927298 0.016631
0.927298 0.016631 0.927984 0.017819
0.927984 0.017819 0.927298 0.019007
0.927298 0.019007 0.925926 0.019007
0.925926 0.019007 0.926612 0.020195
0.926612 0.020195 0.925926 0.021383
0.925926 0.021383 0.927298 0.021383
0.927298 0.021383 0.927984 0.022571
0.927984 0.022571 0.928669 0.021383
0.928669 0.021383 0.930041 0.021383
0.930041 0.021383 0.930727 0.022571
0.930727 0.022571 0.930041 0.023759
0.930041 0.023759 0.931413 0.023759
0.931413 0.023759 0.932099 0.024947
0.932099 0.024947 0.932785 0.023759
0.932785 0.023759 0.934156 0.023759
0.934156 0.023759 0.933471 0.022571
0.933471 0.022571 0.934156 0.021383
0.934156 0.021383 0.935528 0.021383
0.935528 0.021383 0.936214 0.022571
0.936214 0.022571 0.936900 0.021383
0.936900 0.021383 0.938272 0.021383
0.938272 0.021383 0.938957 0.022571
0.938957 0.022571 0.938272 0.023759
0.938272 0.023759 0.939643 0.023759
0.939643 0.023759 0.940329 0.024947
0.940329 0.024947 0.939643 0.026135
0.939643 0.026135 0.938272 0.026135
0.938272 0.026135 0.938957 0.027323
0.938957 0.027323 0.938272 0.028511
0.938272 0.028511 0.939643 0.028511
0.939643 0.028511 0.940329 0.029699
0.940329 0.029699 0.941015 0.028511
0.941015 0.028511 0.942387 0.028511
0.942387 0.028511 0.943073 0.029699
0.943073 0.029699 0.942387 0.030887
0.942387 0.030887 0.943759 0.030887
0.943759 0.030887 0.944444 0.032075
0.944444 0.032075 0.945130 0.030887
0.945130 0.030887 0.946502 0.030887
0.946502 0.030887 0.945816 0.029699
0.945816 0.029699 0.946502 0.028511
0.946502 0.028511 0.947874 0.028511
0.947874 0.028511 0.948560 0.029699
0.948560 0.029699 0.949246 0.028511
0.949246 0.028511 0.950617 0.028511
0.950617 0.028511 0.949931 0.027323
0.949931 0.027323 0.950617 0.026135
0.950617 0.026135 0.949246 0.026135
0.949246 0.026135 0.948560 0.024947
0.948560 0.024947 0.949246 0.023759
0.949246 0.023759 0.950617 0.023759
0.950617 0.023759 0.949931 0.022571
0.949931 0.022571 0.950617 0.021383
0.950617 0.021383 0.951989 0.021383
0.951989 0.021383 0.952675 0.022571
0.952675 0.022571 0.953361 0.021383
0.953361 0.021383 0.954733 0.021383
0.954733 0.021383 0.955418 0.022571
0.955418 0.022571 0.954733 0.023759
0.954733 0.023759 0.956104 0.023759
0.956104 0.023759 0.956790 0.024947
0.956790 0.024947 0.957476 0.023759
0.957476 0.023759 0.958848 0.023759
0.958848 0.023759 0.958162 0.022571
0.958162 0.022571 0.958848 0.021383
0.958848 0.021383 0.960219 0.021383
0.960219 0.021383 0.960905 0.022571
0.960905 0.022571 0.961591 0.021383
0.961591 0.021383 0.962963 0.021383
0.962963 0.021383 0.962277 0.020195
0.962277 0.020195 0.962963 0.019007
0.962963 0.019007 0.961591 0.019007
0.961591 0.019007 0.960905 0.017819
0.960905 0.017819 0.961591 0.016631
0.961591 0.016631 0.962963 0.016631
0.962963 0.016631 0.962277 0.015444
0.962277 0.015444 0.962963 0.014256
0.962963 0.014256 0.961591 0.014256
0.961591 0.014256 0.960905 0.013068
0.960905 0.013068 0.960219 0.014256
0.960219 0.014256 0.958848 0.014256
0.958848 0.014256 0.958162 0.013068
0.958162 0.013068 0.958848 0.011880
0.958848 0.011880 0.957476 0.011880
0.957476 0.011880 0.956790 0.010692
0.956790 0.010692 0.957476 0.009504
0.957476 0.009504 0.958848 0.009504
0.958848 0.009504 0.958162 0.008316
0.958162 0.008316 0.958848 0.007128
0.958848 0.007128 0.960219 0.007128
0.960219 0.007128 0.960905 0.008316
0.960905 0.008316 0.961591 0.007128
0.961591 0.007128 0.962963 0.007128
0.962963 0.007128 0.962277 0.005940
0.962277 0.005940 0.962963 0.004752
0.962963 0.004752 0.961591 0.004752
0.961591 0.004752 0.960905 0.003564
0.960905 0.003564 0.961591 0.002376
0.961591 0.002376 0.962963 0.002376
0.962963 0.002376 0.962277 0.001188
0.962277 0.001188 0.962963 0.000000
0.962963 0.000000 0.964335 0.000000
0.964335 0.000000 0.965021 0.001188
0.965021 0.001188 0.965706 0.000000
0.965706 0.000000 0.967078 0.000000
0.967078 0.000000 0.967764 0.001188
0.967764 0.001188 0.967078 0.002376
0.967078 0.002376 0.968450 0.002376
0.968450 0.002376 0.969136 0.003564
0.969136 0.003564 0.969822 0.002376
0.969822 0.002376 0.971193 0.002376
0.971193 0.002376 0.970508 0.001188
0.970508 0.001188 0.971193 0.000000
0.971193 0.000000 0.972565 0.000000
0.972565 0.000000 0.973251 0.001188
0.973251 0.001188 0.973937 0.000000
0.973937 0.000000 0.975309 0.000000
0.975309 0.000000 0.975995 0.001188
0.975995 0.001188 0.975309 0.002376
0.975309 0.002376 0.976680 0.002376
0.976680 0.002376 0.977366 0.003564
0.977366 0.003564 0.976680 0.004752
0.976680 0.004752 0.975309 0.004752
0.975309 0.004752 0.975995 0.005940
0.975995 0.005940 0.975309 0.007128
0.975309 0.007128 0.976680 0.007128
0.976680 0.007128 0.977366 0.008316
0.977366 0.008316 0.978052 0.007128
0.978052 0.007128 0.979424 0.007128
0.979424 0.007128 0.980110 0.008316
0.980110 0.008316 0.979424 0.009504
0.979424 0.009504 0.980796 0.009504
0.980796 0.009504 0.981481 0.010692
0.981481 0.010692 0.982167 0.009504
0.982167 0.009504 0.983539 0.009504
0.983539 0.009504 0.982853 0.008316
0.982853 0.008316 0.983539 0.007128
0.983539 0.007128 0.984911 0.007128
0.984911 0.007128 0.985597 0.008316
0.985597 0.008316 0.986283 0.007128
0.986283 0.007128 0.987654 0.007128
0.987654 0.007128 0.986968 0.005940
0.986968 0.005940 0.987654 0.004752
0.987654 0.004752 0.986283 0.004752
0.986283 0.004752 0.985597 0.003564
0.985597 0.003564 0.986283 0.002376
0.986283 0.002376 0.987654 0.002376
0.987654 0.002376 0.986968 0.001188
0.986968 0.001188 0.987654 0.000000
0.987654 0.000000 0.989026 0.000000
0.989026 0.000000 0.989712 0.001188
0.989712 0.001188 0.990398 0.000000
0.990398 0.000000 0.991770 0.000000
0.991770 0.000000 0.992455 0.001188
0.992455 0.001188 0.991770 0.002376
0.991770 0.002376 0.993141 0.002376
0.993141 0.002376 0.993827 0.003564
0.993827 0.003564 0.994513 0.002376
0.994513 0.002376 0.995885 0.002376
0.995885 0.002376 0.995199 0.001188
0.995199 0.001188 0.995885 0.000000
0.995885 0.000000 0.997257 0.000000
0.997257 0.000000 0.997942 0.001188
0.997942 0.001188 0.998628 0.000000
0.998628 0.000000 1.000000 0.000000
1.000000 0.000000 1.000686 0.001188
1.000686 0.001188 1.000000 0.002376
1.000000 0.002376 1.001372 0.002376
1.001372 0.002376 1.002058 0.003564
1.002058 0.003564 1.001372 0.004752
1.001372 0.004752 1.000000 0.004752
1.000000 0.004752 1.000686 0.005940
1.000686 0.005940 1.000000 0.007128
1.000000 0.007128 1.001372 0.007128
1.001372 0.007128 1.002058 0.008316
1.002058 0.008316 1.002743 0.007128
1.002743 0.007128 1.004115 0.007128
1.004115 0.007128 1.004801 0.008316
1.004801 0.008316 1.004115 0.009504
1.004115 0.009504 1.005487 0.009504
1.005487 0.009504 1.006173 0.010692
1.006173 0.010692 1.005487 0.011880
1.005487 0.011880 1.004115 0.011880
1.004115 0.011880 1.004801 0.013068
1.004801 0.013068 1.004115 0.014256
1.004115 0.014256 1.002743 0.014256
1.002743 0.014256 1.002058 0.013068
1.002058 0.013068 1.001372 0.014256
1.001372 0.014256 1.000000 0.014256
1.000000 0.014256 1.000686 0.015444
1.000686 0.015444 1.000000 0.016631
1.000000 0.016631 1.001372 0.016631
1.001372 0.016631 1.002058 0.017819
1.002058 0.017819 1.001372 0.019007
1.001372 0.019007 1.000000 0.019007
1.000000 0.019007 1.000686 0.020195
1.000686 0.020195 1.000000 0.021383
1.000000 0.021383 1.001372 0.021383
1.001372 0.021383 1.002058 0.022571
1.002058 0.022571 1.002743 0.021383
1.002743 0.021383 1.004115 0.021383
1.004115 0.021383 1.004801 0.022571
1.004801 0.022571 1.004115 0.023759
1.004115 0.023759 1.005487 0.023759
1.005487 0.023759 1.006173 0.024947
1.006173 0.024947 1.006859 0.023759
1.006859 0.023759 1.008230 0.023759
1.008230 0.023759 1.007545 0.022571
1.007545 0.022571 1.008230 0.021383
1.008230 0.021383 1.009602 0.021383
1.009602 0.021383 1.010288 0.022571
1.010288 0.022571 1.010974 0.021383
1.010974 0.021383 1.012346 0.021383
1.012346 0.021383 1.013032 0.022571
1.013032 0.022571 1.012346 0.023759
1.012346 0.023759 1.013717 0.023759
1.013717 0.023759 1.014403 0.024947
1.014403 0.024947 1.013717 0.026135
1.013717 0.026135 1.012346 0.026135
1.012346 0.026135 1.013032 0.027323
1.013032 0.027323 1.012346 0.028511
1.012346 0.028511 1.013717 0.028511
1.013717 0.028511 1.014403 0.029699
1.014403 0.029699 1.015089 0.028511
1.015089 0.028511 1.016461 0.028511
1.016461 0.028511 1.017147 0.029699
1.017147 0.029699 1.016461 0.030887
1.016461 0.030887 1.017833 0.030887
1.017833 0.030887 1.018519 0.032075
1.018519 0.032075 1.017833 0.033263
1.017833 0.033263 1.016461 0.033263
1.016461 0.033263 1.017147 0.034451
1.017147 0.034451 1.016461 0.035639
1.016461 0.035639 1.015089 0.035639
1.015089 0.035639 1.014403 0.034451
1.014403 0.034451 1.013717 0.035639
1.013717 0.035639 1.012346 0.035639
1.012346 0.035639 1.013032 0.036827
1.013032 0.036827 1.012346 0.038015
1.012346 0.038015 1.013717 0.038015
1.013717 0.038015 1.014403 0.039203
1.014403 0.039203 1.013717 0.040391
1.013717 0.040391 1.012346 0.040391
1.012346 0.040391 1.013032 0.041579
1.013032 0.041579 1.012346 0.042767
1.012346 0.042767 1.010974 0.042767
1.010974 0.042767 1.010288 0.041579
1.010288 0.041579 1.009602 0.042767
1.009602 0.042767 1.008230 0.042767
1.008230 0.042767 1.007545 0.041579
1.007545 0.041579 1.008230 0.040391
1.008230 0.040391 1.006859 0.040391
1.006859 0.040391 1.006173 0.039203
1.006173 0.039203 1.005487 0.040391
1.005487 0.040391 1.004115 0.040391
1.004115 0.040391 1.004801 0.041579
1.004801 0.041579 1.004115 0.042767
1.004115 0.042767 1.002743 0.042767
1.002743 0.042767 1.002058 0.041579
1.002058 0.041579 1.001372 0.042767
1.001372 0.042767 1.000000 0.042767
1.000000 0.042767 1.000686 0.043955
1.000686 0.043955 1.000000 0.045143
1.000000 0.045143 1.001372 0.045143
1.001372 0.045143 1.002058 0.046331
1.002058 0.046331 1.001372 0.047519
1.001372 0.047519 1.000000 0.047519
1.000000 0.047519 1.000686 0.048707
1.000686 0.048707 1.000000 0.049894
1.000000 0.049894 1.001372 0.049894
1.001372 0.049894 1.002058 0.051082
1.002058 0.051082 1.002743 0.049894
1.002743 0.049894 1.004115 0.049894
1.004115 0.049894 1.004801 0.051082
1.004801 0.051082 1.004115 0.052270
1.004115 0.052270 1.005487 0.052270
1.005487 0.052270 1.006173 0.053458
1.006173 0.053458 1.005487 0.054646
1.005487 0.054646 1.004115 0.054646
1.004115 0.054646 1.004801 0.055834
1.004801 0.055834 1.004115 0.057022
1.004115 0.057022 1.002743 0.057022
1.002743 0.057022 1.002058 0.055834
1.002058 0.055834 1.001372 0.057022
1.001372 0.057022 1.000000 0.057022
1.000000 0.057022 1.000686 0.058210
1.000686 0.058210 1.000000 0.059398
1.000000 0.059398 1.001372 0.059398
1.001372 0.059398 1.002058 0.060586
1.002058 0.060586 1.001372 0.061774
1.001372 0.061774 1.000000 0.061774
1.000000 0.061774 1.000686 0.062962
1.000686 0.062962 1.000000 0.064150
1.000000 0.064150 1.001372 0.064150
1.001372 0.064150 1.002058 0.065338
1.002058 0.065338 1.002743 0.064150
1.002743 0.064150 1.004115 0.064150
1.004115 0.064150 1.004801 0.065338
1.004801 0.065338 1.004115 0.066526
1.004115 0.066526 1.005487 0.066526
1.005487 0.066526 1.006173 0.067714
1.006173 0.067714 1.006859 0.066526
1.006859 0.066526 1.008230 0.066526
1.008230 0.066526 1.007545 0.065338
1.007545 0.065338 1.008230 0.064150
1.008230 0.064150 1.009602 0.064150
1.009602 0.064150 1.010288 0.065338
1.010288 0.065338 1.010974 0.064150
1.010974 0.064150 1.012346 0.064150
1.012346 0.064150 1.013032 0.065338
1.013032 0.065338 1.012346 0.066526
1.012346 0.066526 1.013717 0.066526
1.013717 0.066526 1.014403 0.067714
1.014403 0.067714 1.013717 0.068902
1.013717 0.068902 1.012346 0.068902
1.012346 0.068902 1.013032 0.070090
1.013032 0.070090 1.012346 0.071278
1.012346 0.071278 1.013717 0.071278
1.013717 0.071278 1.014403 0.072466
1.014403 0.072466 1.015089 0.071278
1.015089 0.071278 1.016461 0.071278
1.016461 0.071278 1.017147 0.072466
1.017147 0.072466 1.016461 0.073654
1.016461 0.073654 1.017833 0.073654
1.017833 0.073654 1.018519 0.074842
1.018519 0.074842 1.019204 0.073654
1.019204 0.073654 1.020576 0.073654
1.020576 0.073654 1.019890 0.072466
1.019890 0.072466 1.020576 0.071278
1.020576 0.071278 1.021948 0.071278
1.021948 0.071278 1.022634 0.072466
1.022634 0.072466 1.023320 0.071278
1.023320 0.071278 1.024691 0.071278
1.024691 0.071278 1.024005 0.070090
1.024005 0.070090 1.024691 0.068902
1.024691 0.068902 1.023320 0.068902
1.023320 0.068902 1.022634 0.067714
1.022634 0.067714 1.023320 0.066526
1.023320 0.066526 1.024691 0.066526
1.024691 0.066526 1.024005 0.065338
1.024005 0.065338 1.024691 0.064150
1.024691 0.064150 1.026063 0.064150
1.026063 0.064150 1.026749 0.065338
1.026749 0.065338 1.027435 0.064150
1.027435 0.064150 1.028807 0.064150
1.028807 0.064150 1.029492 0.065338
1.029492 0.065338 1.028807 0.066526
1.028807 0.066526 1.030178 0.066526
1.030178 0.066526 1.030864 0.067714
1.030864 0.067714 1.031550 0.066526
1.031550 0.066526 1.032922 0.066526
1.032922 0.066526 1.032236 0.065338
1.032236 0.065338 1.032922 0.064150
1.032922 0.064150 1.034294 0.064150
1.034294 0.064150 1.034979 0.065338
1.034979 0.065338 1.035665 0.064150
1.035665 0.064150 1.037037 0.064150
1.037037 0.064150 1.037723 0.065338
1.037723 0.065338 1.037037 0.066526
1.037037 0.066526 1.038409 0.066526
1.038409 0.066526 1.039095 0.067714
1.039095 0.067714 1.038409 0.068902
1.038409 0.068902 1.037037 0.068902
1.037037 0.068902 1.037723 0.070090
1.037723 0.070090 1.037037 0.071278
1.037037 0.071278 1.038409 0.071278
1.038409 0.071278 1.039095 0.072466
1.039095 0.072466 1.039781 0.071278
1.039781 0.071278 1.041152 0.071278
1.041152 0.071278 1.041838 0.072466
1.041838 0.072466 1.041152 0.073654
1.041152 0.073654 1.042524 0.073654
1.042524 0.073654 1.043210 0.074842
1.043210 0.074842 1.042524 0.076030
1.042524 0.076030 1.041152 0.076030
1.041152 0.076030 1.041838 0.077218
1.041838 0.077218 1.041152 0.078406
1.041152 0.078406 1.039781 0.078406
1.039781 0.078406 1.039095 0.077218
1.039095 0.077218 1.038409 0.078406
1.038409 0.078406 1.037037 0.078406
1.037037 0.078406 1.037723 0.079594
1.037723 0.079594 1.037037 0.080782
1.037037 0.080782 1.038409 0.080782
1.038409 0.080782 1.039095 0.081969
1.039095 0.081969 1.038409 0.083157
1.038409 0.083157 1.037037 0.083157
1.037037 0.083157 1.037723 0.084345
1.037723 0.084345 1.037037 0.085533
1.037037 0.085533 1.038409 0.085533
1.038409 0.085533 1.039095 0.086721
1.039095 0.086721 1.039781 0.085533
1.039781 0.085533 1.041152 0.085533
1.041152 0.085533 1.041838 0.086721
1.041838 0.086721 1.041152 0.087909
1.041152 0.087909 1.042524 0.087909
1.042524 0.087909 1.043210 0.089097
1.043210 0.089097 1.043896 0.087909
1.043896 0.087909 1.045267 0.087909
1.045267 0.087909 1.044582 0.086721
1.044582 0.086721 1.045267 0.085533
1.045267 0.085533 1.046639 0.085533
1.046639 0.085533 1.047325 0.086721
1.047325 0.086721 1.048011 0.085533
1.048011 0.085533 1.049383 0.085533
1.049383 0.085533 1.050069 0.086721
1.050069 0.086721 1.049383 0.087909
1.049383 0.087909 1.050754 0.087909
1.050754 0.087909 1.051440 0.089097
1.051440 0.089097 1.050754 0.090285
1.050754 0.090285 1.049383 0.090285
1.049383 0.090285 1.050069 0.091473
1.050069 0.091473 1.049383 0.092661
1.049383 0.092661 1.050754 0.092661
1.050754 0.092661 1.051440 0.093849
1.051440 0.093849 1.052126 0.092661
1.052126 0.092661 1.053498 0.092661
1.053498 0.092661 1.054184 0.093849
1.054184 0.093849 1.053498 0.095037
1.053498 0.095037 1.054870 0.095037
1.054870 0.095037 1.055556 0.096225
1.055556 0.096225 1.054870 0.097413
1.054870 0.097413 1.053498 0.097413
1.053498 0.097413 1.054184 0.098601
1.054184 0.098601 1.053498 0.099789
1.053498 0.099789 1.052126 0.099789
1.052126 0.099789 1.051440 0.098601
1.051440 0.098601 1.050754 0.099789
1.050754 0.099789 1.049383 0.099789
1.049383 0.099789 1.050069 0.100977
1.050069 0.100977 1.049383 0.102165
1.049383 0.102165 1.050754 0.102165
1.050754 0.102165 1.051440 0.103353
1.051440 0.103353 1.050754 0.104541
1.050754 0.104541 1.049383 0.104541
1.049383 0.104541 1.050069 0.105729
1.050069 0.105729 1.049383 0.106917
1.049383 0.106917 1.048011 0.106917
1.048011 0.106917 1.047325 0.105729
1.047325 0.105729 1.046639 0.106917
1.046639 0.106917 1.045267 0.106917
1.045267 0.106917 1.044582 0.105729
1.044582 0.105729 1.045267 0.104541
1.045267 0.104541 1.043896 0.104541
1.043896 0.104541 1.043210 0.103353
1.043210 0.103353 1.042524 0.104541
1.042524 0.104541 1.041152 0.104541
1.041152 0.104541 1.041838 0.105729
1.041838 0.105729 1.041152 0.106917
1.041152 0.106917 1.039781 0.106917
1.039781 0.106917 1.039095 0.105729
1.039095 0.105729 1.038409 0.106917
1.038409 0.106917 1.037037 0.106917
1.037037 0.106917 1.037723 0.108105
1.037723 0.108105 1.037037 0.109293
1.037037 0.109293 1.038409 0.109293
1.038409 0.109293 1.039095 0.110481
1.039095 0.110481 1.038409 0.111669
1.038409 0.111669 1.037037 0.111669
1.037037 0.111669 1.037723 0.112857
1.037723 0.112857 1.037037 0.114044
1.037037 0.114044 1.038409 0.114044
1.038409 0.114044 1.039095 0.115232
1.039095 0.115232 1.039781 0.114044
1.039781 0.114044 1.041152 0.114044
1.041152 0.114044 1.041838 0.115232
1.041838 0.115232 1.041152 0.116420
1.041152 0.116420 1.042524 0.116420
1.042524 0.116420 1.043210 0.117608
1.043210 0.117608 1.042524 0.118796
1.042524 0.118796 1.041152 0.118796
1.041152 0.118796 1.041838 0.119984
1.041838 0.119984 1.041152 0.121172
1.041152 0.121172 1.039781 0.121172
1.039781 0.121172 1.039095 0.119984
1.039095 0.119984 1.038409 0.121172
1.038409 0.121172 1.037037 0.121172
1.037037 0.121172 1.037723 0.122360
1.037723 0.122360 1.037037 0.123548
1.037037 0.123548 1.038409 0.123548
1.038409 0.123548 1.039095 0.124736
1.039095 0.124736 1.038409 0.125924
1.038409 0.125924 1.037037 0.125924
1.037037 0.125924 1.037723 0.127112
1.037723 0.127112 1.037037 0.128300
1.037037 0.128300 1.035665 0.128300
1.035665 0.128300 1.034979 0.127112
1.034979 0.127112 1.034294 0.128300
1.034294 0.128300 1.032922 0.128300
1.032922 0.128300 1.032236 0.127112
1.032236 0.127112 1.032922 0.125924
1.032922 0.125924 1.031550 0.125924
1.031550 0.125924 1.030864 0.124736
1.030864 0.124736 1.030178 0.125924
1.030178 0.125924 1.028807 0.125924
1.028807 0.125924 1.029492 0.127112
1.029492 0.127112 1.028807 0.128300
1.028807 0.128300 1.027435 0.128300
1.027435 0.128300 1.026749 0.127112
1.026749 0.127112 1.026063 0.128300
1.026063 0.128300 1.024691 0.128300
1.024691 0.128300 1.024005 0.127112
1.024005 0.127112 1.024691 0.125924
1.024691 0.125924 1.023320 0.125924
1.023320 0.125924 1.022634 0.124736
1.022634 0.124736 1.023320 0.123548
1.023320 0.123548 1.024691 0.123548
1.024691 0.123548 1.024005 0.122360
1.024005 0.122360 1.024691 0.121172
1.024691 0.121172 1.023320 0.121172
1.023320 0.121172 1.022634 0.119984
1.022634 0.119984 1.021948 0.121172
1.021948 0.121172 1.020576 0.121172
1.020576 0.121172 1.019890 0.119984
1.019890 0.119984 1.020576 0.118796
1.020576 0.118796 1.019204 0.118796
1.019204 0.118796 1.018519 0.117608
1.018519 0.117608 1.017833 0.118796
1.017833 0.118796 1.016461 0.118796
1.016461 0.118796 1.017147 0.119984
1.017147 0.119984 1.016461 0.121172
1.016461 0.121172 1.015089 0.121172
1.015089 0.121172 1.014403 0.119984
1.014403 0.119984 1.013717 0.121172
1.013717 0.121172 1.012346 0.121172
1.012346 0.121172 1.013032 0.122360
1.013032 0.122360 1.012346 0.123548
1.012346 0.123548 1.013717 0.123548
1.013717 0.123548 1.014403 0.124736
1.014403 0.124736 1.013717 0.125924
1.013717 0.125924 1.012346 0.125924
1.012346 0.125924 1.013032 0.127112
1.013032 0.127112 1.012346 0.128300
1.012346 0.128300 1.010974 0.128300
1.010974 0.128300 1.010288 0.127112
1.010288 0.127112 1.009602 0.128300
1.009602 0.128300 1.008230 0.128300
1.008230 0.128300 1.007545 0.127112
1.007545 0.127112 1.008230 0.125924
1.008230 0.125924 1.006859 0.125924
1.006859 0.125924 1.006173 0.124736
1.006173 0.124736 1.005487 0.125924
1.005487 0.125924 1.004115 0.125924
1.004115 0.125924 1.004801 0.127112
1.004801 0.127112 1.004115 0.128300
1.004115 0.128300 1.002743 0.128300
1.002743 0.128300 1.002058 0.127112
1.002058 0.127112 1.001372 0.128300
1.001372 0.128300 1.000000 0.128300
1.000000 0.128300 1.000686 0.129488
1.000686 0.129488 1.000000 0.130676
1.000000 0.130676 1.001372 0.130676
1.001372 0.130676 1.002058 0.131864
1.002058 0.131864 1.001372 0.133052
1.001372 0.133052 1.000000 0.133052
1.000000 0.133052 1.000686 0.134240
1.000686 0.134240 1.000000 0.135428
1.000000 0.135428 1.001372 0.135428
1.001372 0.135428 1.002058 0.136616
1.002058 0.136616 1.002743 0.135428
1.002743 0.135428 1.004115 0.135428
1.004115 0.135428 1.004801 0.136616
1.004801 0.136616 1.004115 0.137804
1.004115 0.137804 1.005487 0.137804
1.005487 0.137804 1.006173 0.138992
1.006173 0.138992 1.005487 0.140180
1.005487 0.140180 1.004115 0.140180
1.004115 0.140180 1.004801 0.141368
1.004801 0.141368 1.004115 0.142556
1.004115 0.142556 1.002743 0.142556
1.002743 0.142556 1.002058 0.141368
1.002058 0.141368 1.001372 0.142556
1.001372 0.142556 1.000000 0.142556
1.000000 0.142556 1.000686 0.143744
1.000686 0.143744 1.000000 0.144932
1.000000 0.144932 1.001372 0.144932
1.001372 0.144932 1.002058 0.146120
1.002058 0.146120 1.001372 0.147307
1.001372 0.147307 1.000000 0.147307
1.000000 0.147307 1.000686 0.148495
1.000686 0.148495 1.000000 0.149683
1.000000 0.149683 1.001372 0.149683
1.001372 0.149683 1.002058 0.150871
1.002058 0.150871 1.002743 0.149683
1.002743 0.149683 1.004115 0.149683
1.004115 0.149683 1.004801 0.150871
1.004801 0.150871 1.004115 0.152059
1.004115 0.152059 1.005487 0.152059
1.005487 0.152059 1.006173 0.153247
1.006173 0.153247 1.006859 0.152059
1.006859 0.152059 1.008230 0.152059
1.008230 0.152059 1.007545 0.150871
1.007545 0.150871 1.008230 0.149683
1.008230 0.149683 1.009602 0.149683
1.009602 0.149683 1.010288 0.150871
1.010288 0.150871 1.010974 0.149683
1.010974 0.149683 1.012346 0.149683
1.012346 0.149683 1.013032 0.150871
1.013032 0.150871 1.012346 0.152059
1.012346 0.152059 1.013717 0.152059
1.013717 0.152059 1.014403 0.153247
1.014403 0.153247 1.013717 0.154435
1.013717 0.154435 1.012346 0.154435
1.012346 0.154435 1.013032 0.155623
1.013032 0.155623 1.012346 0.156811
1.012346 0.156811 1.013717 0.156811
1.013717 0.156811 1.014403 0.157999
1.014403 0.157999 1.015089 0.156811
1.015089 0.156811 1.016461 0.156811
1.016461 0.156811 1.017147 0.157999
1.017147 0.157999 1.016461 0.159187
1.016461 0.159187 1.017833 0.159187
1.017833 0.159187 1.018519 0.160375
1.018519 0.160375 1.017833 0.161563
1.017833 0.161563 1.016461 0.161563
1.016461 0.161563 1.017147 0.162751
1.017147 0.162751 1.016461 0.163939
1.016461 0.163939 1.015089 0.163939
1.015089 0.163939 1.014403 0.162751
1.014403 0.162751 1.013717 0.163939
1.013717 0.163939 1.012346 0.163939
1.012346 0.163939 1.013032 0.165127
1.013032 0.165127 1.012346 0.166315
1.012346 0.166315 1.013717 0.166315
1.013717 0.166315 1.014403 0.167503
1.014403 0.167503 1.013717 0.168691
1.013717 0.168691 1.012346 0.168691
1.012346 0.168691 1.013032 0.169879
1.013032 0.169879 1.012346 0.171067
1.012346 0.171067 1.010974 0.171067
1.010974 0.171067 1.010288 0.169879
1.010288 0.169879 1.009602 0.171067
1.009602 0.171067 1.008230 0.171067
1.008230 0.171067 1.007545 0.169879
1.007545 0.169879 1.008230 0.168691
1.008230 0.168691 1.006859 0.168691
1.006859 0.168691 1.006173 0.167503
1.006173 0.167503 1.005487 0.168691
1.005487 0.168691 1.004115 0.168691
1.004115 0.168691 1.004801 0.169879
1.004801 0.169879 1.004115 0.171067
1.004115 0.171067 1.002743 0.171067
1.002743 0.171067 1.002058 0.169879
1.002058 0.169879 1.001372 0.171067
1.001372 0.171067 1.000000 0.171067
1.000000 0.171067 1.000686 0.172255
1.000686 0.172255 1.000000 0.173443
1.000000 0.173443 1.001372 0.173443
1.001372 0.173443 1.002058 0.174631
1.002058 0.174631 1.001372 0.175819
1.001372 0.175819 1.000000 0.175819
1.000000 0.175819 1.000686 0.177007
1.000686 0.177007 1.000000 0.178195
1.000000 0.178195 1.001372 0.178195
1.001372 0.178195 1.002058 0.179382
1.002058 0.179382 1.002743 0.178195
1.002743 0.178195 1.004115 0.178195
1.004115 0.178195 1.004801 0.179382
1.004801 0.179382 1.004115 0.180570
1.004115 0.180570 1.005487 0.180570
1.005487 0.180570 1.006173 0.181758
1.006173 0.181758 1.005487 0.182946
1.005487 0.182946 1.004115 0.182946
1.004115 0.182946 1.004801 0.184134
1.004801 0.184134 1.004115 0.185322
1.004115 0.185322 1.002743 0.185322
1.002743 0.185322 1.002058 0.184134
1.002058 0.184134 1.001372 0.185322
1.001372 0.185322 1.000000 0.185322
1.000000 0.185322 1.000686 0.186510
1.000686 0.186510 1.000000 0.187698
1.000000 0.187698 1.001372 0.187698
1.001372 0.187698 1.002058 0.188886
1.002058 0.188886 1.001372 0.190074
1.001372 0.190074 1.000000 0.190074
1.000000 0.190074 1.000686 0.191262
1.000686 0.191262 1.000000 0.192450
1.000000 0.192450 1.001372 0.192450
1.001372 0.192450 1.002058 0.193638
1.002058 0.193638 1.002743 0.192450
1.002743 0.192450 1.004115 0.192450
1.004115 0.192450 1.004801 0.193638
1.004801 0.193638 1.004115 0.194826
1.004115 0.194826 1.005487 0.194826
1.005487 0.194826 1.006173 0.196014
1.006173 0.196014 1.006859 0.194826
1.006859 0.194826 1.008230 0.194826
1.008230 0.194826 1.007545 0.193638
1.007545 0.193638 1.008230 0.192450
1.008230 0.192450 1.009602 0.192450
1.009602 0.192450 1.010288 0.193638
1.010288 0.193638 1.010974 0.192450
1.010974 0.192450 1.012346 0.192450
1.012346 0.192450 1.013032 0.193638
1.013032 0.193638 1.012346 0.194826
1.012346 0.194826 1.013717 0.194826
1.013717 0.194826 1.014403 0.196014
1.014403 0.196014 1.013717 0.197202
1.013717 0.197202 1.012346 0.197202
1.012346 0.197202 1.013032 0.198390
1.013032 0.198390 1.012346 0.199578
1.012346 0.199578 1.013717 0.199578
1.013717 0.199578 1.014403 0.200766
1.014403 0.200766 1.015089 0.199578
1.015089 0.199578 1.016461 0.199578
1.016461 0.199578 1.017147 0.200766
1.017147 0.200766 1.016461 0.201954
1.016461 0.201954 1.017833 0.201954
1.017833 0.201954 1.018519 0.203142
1.018519 0.203142 1.019204 0.201954
1.019204 0.201954 1.020576 0.201954
1.020576 0.201954 1.019890 0.200766
1.019890 0.200766 1.020576 0.199578
1.020576 0.199578 1.021948 0.199578
1.021948 0.199578 1.022634 0.200766
1.022634 0.200766 1.023320 0.199578
1.023320 0.199578 1.024691 0.199578
1.024691 0.199578 1.024005 0.198390
1.024005 0.198390 1.024691 0.197202
1.024691 0.197202 1.023320 0.197202
1.023320 0.197202 1.022634 0.196014
1.022634 0.196014 1.023320 0.194826
1.023320 0.194826 1.024691 0.194826
1.024691 0.194826 1.024005 0.193638
1.024005 0.193638 1.024691 0.192450
1.024691 0.192450 1.026063 0.192450
1.026063 0.192450 1.026749 0.193638
1.026749 0.193638 1.027435 0.192450
1.027435 0.192450 1.028807 0.192450
1.028807 0.192450 1.029492 0.193638
1.029492 0.193638 1.028807 0.194826
1.028807 0.194826 1.030178 0.194826
1.030178 0.194826 1.030864 0.196014
1.030864 0.196014 1.031550 0.194826
1.031550 0.194826 1.032922 0.194826
1.032922 0.194826 1.032236 0.193638
1.032236 0.193638 1.032922 0.192450
1.032922 0.192450 1.034294 0.192450
1.034294 0.192450 1.034979 0.193638
1.034979 0.193638 1.035665 0.192450
1.035665 0.192450 1.037037 0.192450
1.037037 0.192450 1.037723 0.193638
1.037723 0.193638 1.037037 0.194826
1.037037 0.194826 1.038409 0.194826
1.038409 0.194826 1.039095 0.196014
1.039095 0.196014 1.038409 0.197202
1.038409 0.197202 1.037037 0.197202
1.037037 0.197202 1.037723 0.198390
1.037723 0.198390 1.037037 0.199578
1.037037 0.199578 1.038409 0.199578
1.038409 0.199578 1.039095 0.200766
1.039095 0.200766 1.039781 0.199578
1.039781 0.199578 1.041152 0.199578
1.041152 0.199578 1.041838 0.200766
1.041838 0.200766 1.041152 0.201954
1.041152 0.201954 1.042524 0.201954
1.042524 0.201954 1.043210 0.203142
1.043210 0.203142 1.042524 0.204330
1.042524 0.204330 1.041152 0.204330
1.041152 0.204330 1.041838 0.205518
1.041838 0.205518 1.041152 0.206706
1.041152 0.206706 1.039781 0.206706
1.039781 0.206706 1.039095 0.205518
1.039095 0.205518 1.038409 0.206706
1.038409 0.206706 1.037037 0.206706
1.037037 0.206706 1.037723 0.207894
1.037723 0.207894 1.037037 0.209082
1.037037 0.209082 1.038409 0.209082
1.038409 0.209082 1.039095 0.210270
1.039095 0.210270 1.038409 0.211458
1.038409 0.211458 1.037037 0.211458
1.037037 0.211458 1.037723 0.212645
1.037723 0.212645 1.037037 0.213833
1.037037 0.213833 1.038409 0.213833
1.038409 0.213833 1.039095 0.215021
1.039095 0.215021 1.039781 0.213833
1.039781 0.213833 1.041152 0.213833
1.041152 0.213833 1.041838 0.215021
1.041838 0.215021 1.041152 0.216209
1.041152 0.216209 1.042524 0.216209
1.042524 0.216209 1.043210 0.217397
1.043210 0.217397 1.043896 0.216209
1.043896 0.216209 1.045267 0.216209
1.045267 0.216209 1.044582 0.215021
1.044582 0.215021 1.045267 0.213833
1.045267 0.213833 1.046639 0.213833
1.046639 0.213833 1.047325 0.215021
1.047325 0.215021 1.048011 0.213833
1.048011 0.213833 1.049383 0.213833
1.049383 0.213833 1.050069 0.215021
1.050069 0.215021 1.049383 0.216209
1.049383 0.216209 1.050754 0.216209
1.050754 0.216209 1.051440 0.217397
1.051440 0.217397 1.050754 0.218585
1.050754 0.218585 1.049383 0.218585
1.049383 0.218585 1.050069 0.219773
1.050069 0.219773 1.049383 0.220961
1.049383 0.220961 1.050754 0.220961
1.050754 0.220961 1.051440 0.222149
1.051440 0.222149 1.052126 0.220961
1.052126 0.220961 1.053498 0.220961
1.053498 0.220961 1.054184 0.222149
1.054184 0.222149 1.053498 0.223337
1.053498 0.223337 1.054870 0.223337
1.054870 0.223337 1.055556 0.224525
1.055556 0.224525 1.056241 0.223337
1.056241 0.223337 1.057613 0.223337
1.057613 0.223337 1.056927 0.222149
1.056927 0.222149 1.057613 0.220961
1.057613 0.220961 1.058985 0.220961
1.058985 0.220961 1.059671 0.222149
1.059671 0.222149 1.060357 0.220961
1.060357 0.220961 1.061728 0.220961
1.061728 0.220961 1.061043 0.219773
1.061043 0.219773 1.061728 0.218585
1.061728 0.218585 1.060357 0.218585
1.060357 0.218585 1.059671 0.217397
1.059671 0.217397 1.060357 0.216209
1.060357 0.216209 1.061728 0.216209
1.061728 0.216209 1.061043 0.215021
1.061043 0.215021 1.061728 0.213833
1.061728 0.213833 1.063100 0.213833
1.063100 0.213833 1.063786 0.215021
1.063786 0.215021 1.064472 0.213833
1.064472 0.213833 1.065844 0.213833
1.065844 0.213833 1.066529 0.215021
1.066529 0.215021 1.065844 0.216209
1.065844 0.216209 1.067215 0.216209
1.067215 0.216209 1.067901 0.217397
1.067901 0.217397 1.068587 0.216209
1.068587 0.216209 1.069959 0.216209
1.069959 0.216209 1.069273 0.215021
1.069273 0.215021 1.069959 0.213833
1.069959 0.213833 1.071331 0.213833
1.071331 0.213833 1.072016 0.215021
1.072016 0.215021 1.072702 0.213833
1.072702 0.213833 1.074074 0.213833
1.074074 0.213833 1.073388 0.212645
1.073388 0.212645 1.074074 0.211458
1.074074 0.211458 1.072702 0.211458
1.072702 0.211458 1.072016 0.210270
1.072016 0.210270 1.072702 0.209082
1.072702 0.209082 1.074074 0.209082
1.074074 0.209082 1.073388 0.207894
1.073388 0.207894 1.074074 0.206706
1.074074 0.206706 1.072702 0.206706
1.072702 0.206706 1.072016 0.205518
1.072016 0.205518 1.071331 0.206706
1.071331 0.206706 1.069959 0.206706
1.069959 0.206706 1.069273 0.205518
1.069273 0.205518 1.069959 0.204330
1.069959 0.204330 1.068587 0.204330
1.068587 0.204330 1.067901 0.203142
1.067901 0.203142 1.068587 0.201954
1.068587 0.201954 1.069959 0.201954
1.069959 0.201954 1.069273 0.200766
1.069273 0.200766 1.069959 0.199578
1.069959 0.199578 1.071331 0.199578
1.071331 0.199578 1.072016 0.200766
1.072016 0.200766 1.072702 0.199578
1.072702 0.199578 1.074074 0.199578
1.074074 0.199578 1.073388 0.198390
1.073388 0.198390 1.074074 0.197202
1.074074 0.197202 1.072702 0.197202
1.072702 0.197202 1.072016 0.196014
1.072016 0.196014 1.072702 0.194826
1.072702 0.194826 1.074074 0.194826
1.074074 0.194826 1.073388 0.193638
1.073388 0.193638 1.074074 0.192450
1.074074 0.192450 1.075446 0.192450
1.075446 0.192450 1.076132 0.193638
1.076132 0.193638 1.076818 0.192450
1.076818 0.192450 1.078189 0.192450
1.078189 0.192450 1.078875 0.193638
1.078875 0.193638 1.078189 0.194826
1.078189 0.194826 1.079561 0.194826
1.079561 0.194826 1.080247 0.196014
1.080247 0.196014 1.080933 0.194826
1.080933 0.194826 1.082305 0.194826
1.082305 0.194826 1.081619 0.193638
1.081619 0.193638 1.082305 0.192450
1.082305 0.192450 1.083676 0.192450
1.083676 0.192450 1.084362 0.193638
1.084362 0.193638 1.085048 0.192450
1.085048 0.192450 1.086420 0.192450
1.086420 0.192450 1.087106 0.193638
1.087106 0.193638 1.086420 0.194826
1.086420 0.194826 1.087791 0.194826
1.087791 0.194826 1.088477 0.196014
1.088477 0.196014 1.087791 0.197202
1.087791 0.197202 1.086420 0.197202
1.086420 0.197202 1.087106 0.198390
1.087106 0.198390 1.086420 0.199578
1.086420 0.199578 1.087791 0.199578
1.087791 0.199578 1.088477 0.200766
1.088477 0.200766 1.089163 0.199578
1.089163 0.199578 1.090535 0.199578
1.090535 0.199578 1.091221 0.200766
1.091221 0.200766 1.090535 0.201954
1.090535 0.201954 1.091907 0.201954
1.091907 0.201954 1.092593 0.203142
1.092593 0.203142 1.093278 0.201954
1.093278 0.201954 1.094650 0.201954
1.094650 0.201954 1.093964 0.200766
1.093964 0.200766 1.094650 0.199578
1.094650 0.199578 1.096022 0.199578
1.096022 0.199578 1.096708 0.200766
1.096708 0.200766 1.097394 0.199578
1.097394 0.199578 1.098765 0.199578
1.098765 0.199578 1.098080 0.198390
1.098080 0.198390 1.098765 0.197202
1.098765 0.197202 1.097394 0.197202
1.097394 0.197202 1.096708 0.196014
1.096708 0.196014 1.097394 0.194826
1.097394 0.194826 1.098765 0.194826
1.098765 0.194826 1.098080 0.193638
1.098080 0.193638 1.098765 0.192450
1.098765 0.192450 1.100137 0.192450
1.100137 0.192450 1.100823 0.193638
1.100823 0.193638 1.101509 0.192450
1.101509 0.192450 1.102881 0.192450
1.102881 0.192450 1.103567 0.193638
1.103567 0.193638 1.102881 0.194826
1.102881 0.194826 1.104252 0.194826
1.104252 0.194826 1.104938 0.196014
1.104938 0.196014 1.105624 0.194826
1.105624 0.194826 1.106996 0.194826
1.106996 0.194826 1.106310 0.193638
1.106310 0.193638 1.106996 0.192450
1.106996 0.192450 1.108368 0.192450
1.108368 0.192450 1.109053 0.193638
1.109053 0.193638 1.109739 0.192450
1.109739 0.192450 1.111111 0.192450
1.111111 0.192450 1.111797 0.193638
1.111797 0.193638 1.111111 0.194826
1.111111 0.194826 1.112483 0.194826
1.112483 0.194826 1.113169 0.196014
1.113169 0.196014 1.112483 0.197202
1.112483 0.197202 1.111111 0.197202
1.111111 0.197202 1.111797 0.198390
1.111797 0.198390 1.111111 0.199578
1.111111 0.199578 1.112483 0.199578
1.112483 0.199578 1.113169 0.200766
1.113169 0.200766 1.113855 0.199578
1.113855 0.199578 1.115226 0.199578
1.115226 0.199578 1.115912 0.200766
1.115912 0.200766 1.115226 0.201954
1.115226 0.201954 1.116598 0.201954
1.116598 0.201954 1.117284 0.203142
1.117284 0.203142 1.116598 0.204330
1.116598 0.204330 1.115226 0.204330
1.115226 0.204330 1.115912 0.205518
1.115912 0.205518 1.115226 0.206706
1.115226 0.206706 1.113855 0.206706
1.113855 0.206706 1.113169 0.205518
1.113169 0.205518 1.112483 0.206706
1.112483 0.206706 1.111111 0.206706
1.111111 0.206706 1.111797 0.207894
1.111797 0.207894 1.111111 0.209082
1.111111 0.209082 1.112483 0.209082
1.112483 0.209082 1.113169 0.210270
1.113169 0.210270 1.112483 0.211458
1.112483 0.211458 1.111111 0.211458
1.111111 0.211458 1.111797 0.212645
1.111797 0.212645 1.111111 0.213833
1.111111 0.213833 1.112483 0.213833
1.112483 0.213833 1.113169 0.215021
1.113169 0.215021 1.113855 0.213833
1.113855 0.213833 1.115226 0.213833
1.115226 0.213833 1.115912 0.215021
1.115912 0.215021 1.115226 0.216209
1.115226 0.216209 1.116598 0.216209
1.116598 0.216209 1.117284 0.217397
1.117284 0.217397 1.117970 0.216209
1.117970 0.216209 1.119342 0.216209
1.119342 0.216209 1.118656 0.215021
1.118656 0.215021 1.119342 0.213833
1.119342 0.213833 1.120713 0.213833
1.120713 0.213833 1.121399 0.215021
1.121399 0.215021 1.122085 0.213833
1.122085 0.213833 1.123457 0.213833
1.123457 0.213833 1.124143 0.215021
1.124143 0.215021 1.123457 0.216209
1.123457 0.216209 1.124829 0.216209
1.124829 0.216209 1.125514 0.217397
1.125514 0.217397 1.124829 0.218585
1.124829 0.218585 1.123457 0.218585
1.123457 0.218585 1.124143 0.219773
1.124143 0.219773 1.123457 0.220961
1.123457 0.220961 1.124829 0.220961
1.124829 0.220961 1.125514 0.222149
1.125514 0.222149 1.126200 0.220961
1.126200 0.220961 1.127572 0.220961
1.127572 0.220961 1.128258 0.222149
1.128258 0.222149 1.127572 0.223337
1.127572 0.223337 1.128944 0.223337
1.128944 0.223337 1.129630 0.224525
1.129630 0.224525 1.128944 0.225713
1.128944 0.225713 1.127572 0.225713
1.127572 0.225713 1.128258 0.226901
1.128258 0.226901 1.127572 0.228089
1.127572 0.228089 1.126200 0.228089
1.126200 0.228089 1.125514 0.226901
1.125514 0.226901 1.124829 0.228089
1.124829 0.228089 1.123457 0.228089
1.123457 0.228089 1.124143 0.229277
1.124143 0.229277 1.123457 0.230465
1.123457 0.230465 1.124829 0.230465
1.124829 0.230465 1.125514 0.231653
1.125514 0.231653 1.124829 0.232841
1.124829 0.232841 1.123457 0.232841
1.123457 0.232841 1.124143 0.234029
1.124143 0.234029 1.123457 0.235217
1.123457 0.235217 1.122085 0.235217
1.122085 0.235217 1.121399 0.234029
1.121399 0.234029 1.120713 0.235217
1.120713 0.235217 1.119342 0.235217
1.119342 0.235217 1.118656 0.234029
1.118656 0.234029 1.119342 0.232841
1.119342 0.232841 1.117970 0.232841
1.117970 0.232841 1.117284 0.231653
1.117284 0.231653 1.116598 0.232841
1.116598 0.232841 1.115226 0.232841
1.115226 0.232841 1.115912 0.234029
1.115912 0.234029 1.115226 0.235217
1.115226 0.235217 1.113855 0.235217
1.113855 0.235217 1.113169 0.234029
1.113169 0.234029 1.112483 0.235217
1.112483 0.235217 1.111111 0.235217
1.111111 0.235217 1.111797 0.236405
1.111797 0.236405 1.111111 0.237593
1.111111 0.237593 1.112483 0.237593
1.112483 0.237593 1.113169 0.238781
1.113169 0.238781 1.112483 0.239969
1.112483 0.239969 1.111111 0.239969
1.111111 0.239969 1.111797 0.241157
1.111797 0.241157 1.111111 0.242345
1.111111 0.242345 1.112483 0.242345
1.112483 0.242345 1.113169 0.243533
1.113169 0.243533 1.113855 0.242345
1.113855 0.242345 1.115226 0.242345
1.115226 0.242345 1.115912 0.243533
1.115912 0.243533 1.115226 0.244720
1.115226 0.244720 1.116598 0.244720
1.116598 0.244720 1.117284 0.245908
1.117284 0.245908 1.116598 0.247096
1.116598 0.247096 1.115226 0.247096
1.115226 0.247096 1.115912 0.248284
1.115912 0.248284 1.115226 0.249472
1.115226 0.249472 1.113855 0.249472
1.113855 0.249472 1.113169 0.248284
1.113169 0.248284 1.112483 0.249472
1.112483 0.249472 1.111111 0.249472
1.111111 0.249472 1.111797 0.250660
1.111797 0.250660 1.111111 0.251848
1.111111 0.251848 1.112483 0.251848
1.112483 0.251848 1.113169 0.253036
1.113169 0.253036 1.112483 0.254224
1.112483 0.254224 1.111111 0.254224
1.111111 0.254224 1.111797 0.255412
1.111797 0.255412 1.111111 0.256600
1.111111 0.256600 1.112483 0.256600
1.112483 0.256600 1.113169 0.257788
1.113169 0.257788 1.113855 0.256600
1.113855 0.256600 1.115226 0.256600
1.115226 0.256600 1.115912 0.257788
1.115912 0.257788 1.115226 0.258976
1.115226 0.258976 1.116598 0.258976
1.116598 0.258976 1.117284 0.260164
1.117284 0.260164 1.117970 0.258976
1.117970 0.258976 1.119342 0.258976
1.119342 0.258976 1.118656 0.257788
1.118656 0.257788 1.119342 0.256600
1.119342 0.256600 1.120713 0.256600
1.120713 0.256600 1.121399 0.257788
1.121399 0.257788 1.122085 0.256600
1.122085 0.256600 1.123457 0.256600
1.123457 0.256600 1.124143 0.257788
1.124143 0.257788 1.123457 0.258976
1.123457 0.258976 1.124829 0.258976
1.124829 0.258976 1.125514 0.260164
1.125514 0.260164 1.124829 0.261352
1.124829 0.261352 1.123457 0.261352
1.123457 0.261352 1.124143 0.262540
1.124143 0.262540 1.123457 0.263728
1.123457 0.263728 1.124829 0.263728
1.124829 0.263728 1.125514 0.264916
1.125514 0.264916 1.126200 0.263728
1.126200 0.263728 1.127572 0.263728
1.127572 0.263728 1.128258 0.264916
1.128258 0.264916 1.127572 0.266104
1.127572 0.266104 1.128944 0.266104
1.128944 0.266104 1.129630 0.267292
1.129630 0.267292 1.130316 0.266104
1.130316 0.266104 1.131687 0.266104
1.131687 0.266104 1.131001 0.264916
1.131001 0.264916 1.131687 0.263728
1.131687 0.263728 1.133059 0.263728
1.133059 0.263728 1.133745 0.264916
1.133745 0.264916 1.134431 0.263728
1.134431 0.263728 1.135802 0.263728
1.135802 0.263728 1.135117 0.262540
1.135117 0.262540 1.135802 0.261352
1.135802 0.261352 1.134431 0.261352
1.134431 0.261352 1.133745 0.260164
1.133745 0.260164 1.134431 0.258976
1.134431 0.258976 1.135802 0.258976
1.135802 0.258976 1.135117 0.257788
1.135117 0.257788 1.135802 0.256600
1.135802 0.256600 1.137174 0.256600
1.137174 0.256600 1.137860 0.257788
1.137860 0.257788 1.138546 0.256600
1.138546 0.256600 1.139918 0.256600
1.139918 0.256600 1.140604 0.257788
1.140604 0.257788 1.139918 0.258976
1.139918 0.258976 1.141289 0.258976
1.141289 0.258976 1.141975 0.260164
1.141975 0.260164 1.142661 0.258976
1.142661 0.258976 1.144033 0.258976
1.144033 0.258976 1.143347 0.257788
1.143347 0.257788 1.144033 0.256600
1.144033 0.256600 1.145405 0.256600
1.145405 0.256600 1.146091 0.257788
1.146091 0.257788 1.146776 0.256600
1.146776 0.256600 1.148148 0.256600
1.148148 0.256600 1.148834 0.257788
1.148834 0.257788 1.148148 0.258976
1.148148 0.258976 1.149520 0.258976
1.149520 0.258976 1.150206 0.260164
1.150206 0.260164 1.149520 0.261352
1.149520 0.261352 1.148148 0.261352
1.148148 0.261352 1.148834 0.262540
1.148834 0.262540 1.148148 0.263728
1.148148 0.263728 1.149520 0.263728
1.149520 0.263728 1.150206 0.264916
1.150206 0.264916 1.150892 0.263728
1.150892 0.263728 1.152263 0.263728
1.152263 0.263728 1.152949 0.264916
1.152949 0.264916 1.152263 0.266104
1.152263 0.266104 1.153635 0.266104
1.153635 0.266104 1.154321 0.267292
1.154321 0.267292 1.153635 0.268480
1.153635 0.268480 1.152263 0.268480
1.152263 0.268480 1.152949 0.269668
1.152949 0.269668 1.152263 0.270856
1.152263 0.270856 1.150892 0.270856
1.150892 0.270856 1.150206 0.269668
1.150206 0.269668 1.149520 0.270856
1.149520 0.270856 1.148148 0.270856
1.148148 0.270856 1.148834 0.272044
1.148834 0.272044 1.148148 0.273232
1.148148 0.273232 1.149520 0.273232
1.149520 0.273232 1.150206 0.274420
1.150206 0.274420 1.149520 0.275608
1.149520 0.275608 1.148148 0.275608
1.148148 0.275608 1.148834 0.276795
1.148834 0.276795 1.148148 0.277983
1.148148 0.277983 1.149520 0.277983
1.149520 0.277983 1.150206 0.279171
1.150206 0.279171 1.150892 0.277983
1.150892 0.277983 1.152263 0.277983
1.152263 0.277983 1.152949 0.279171
1.152949 0.279171 1.152263 0.280359
1.152263 0.280359 1.153635 0.280359
1.153635 0.280359 1.154321 0.281547
1.154321 0.281547 1.155007 0.280359
1.155007 0.280359 1.156379 0.280359
1.156379 0.280359 1.155693 0.279171
1.155693 0.279171 1.156379 0.277983
1.156379 0.277983 1.157750 0.277983
1.157750 0.277983 1.158436 0.279171
1.158436 0.279171 1.159122 0.277983
1.159122 0.277983 1.160494 0.277983
1.160494 0.277983 1.161180 0.279171
1.161180 0.279171 1.160494 0.280359
1.160494 0.280359 1.161866 0.280359
1.161866 0.280359 1.162551 0.281547
1.162551 0.281547 1.161866 0.282735
1.161866 0.282735 1.160494 0.282735
1.160494 0.282735 1.161180 0.283923
1.161180 0.283923 1.160494 0.285111
1.160494 0.285111 1.161866 0.285111
1.161866 0.285111 1.162551 0.286299
1.162551 0.286299 1.163237 0.285111
1.163237 0.285111 1.164609 0.285111
1.164609 0.285111 1.165295 0.286299
1.165295 0.286299 1.164609 0.287487
1.164609 0.287487 1.165981 0.287487
1.165981 0.287487 1.166667 0.288675
1.166667 0.288675 1.165981 0.289863
1.165981 0.289863 1.164609 0.289863
1.164609 0.289863 1.165295 0.291051
1.165295 0.291051 1.164609 0.292239
1.164609 0.292239 1.163237 0.292239
1.163237 0.292239 1.162551 0.291051
1.162551 0.291051 1.161866 0.292239
1.161866 0.292239 1.160494 0.292239
1.160494 0.292239 1.161180 0.293427
1.161180 0.293427 1.160494 0.294615
1.160494 0.294615 1.161866 0.294615
1.161866 0.294615 1.162551 0.295803
1.162551 0.295803 1.161866 0.296991
1.161866 0.296991 1.160494 0.296991
1.160494 0.296991 1.161180 0.298179
1.161180 0.298179 1.160494 0.299367
1.160494 0.299367 1.159122 0.299367
1.159122 0.299367 1.158436 0.298179
1.158436 0.298179 1.157750 0.299367
1.157750 0.299367 1.156379 0.299367
1.156379 0.299367 1.155693 0.298179
1.155693 0.298179 1.156379 0.296991
1.156379 0.296991 1.155007 0.296991
1.155007 0.296991 1.154321 0.295803
1.154321 0.295803 1.153635 0.296991
1.153635 0.296991 1.152263 0.296991
1.152263 0.296991 1.152949 0.298179
1.152949 0.298179 1.152263 0.299367
1.152263 0.299367 1.150892 0.299367
1.150892 0.299367 1.150206 0.298179
1.150206 0.298179 1.149520 0.299367
1.149520 0.299367 1.148148 0.299367
1.148148 0.299367 1.148834 0.300555
1.148834 0.300555 1.148148 0.301743
1.148148 0.301743 1.149520 0.301743
1.149520 0.301743 1.150206 0.302931
1.150206 0.302931 1.149520 0.304119
1.149520 0.304119 1.148148 0.304119
1.148148 0.304119 1.148834 0.305307
1.148834 0.305307 1.148148 0.306495
1.148148 0.306495 1.149520 0.306495
1.149520 0.306495 1.150206 0.307683
1.150206 0.307683 1.150892 0.306495
1.150892 0.306495 1.152263 0.306495
1.152263 0.306495 1.152949 0.307683
1.152949 0.307683 1.152263 0.308871
1.152263 0.308871 1.153635 0.308871
1.153635 0.308871 1.154321 0.310058
1.154321 0.310058 1.153635 0.311246
1.153635 0.311246 1.152263 0.311246
1.152263 0.311246 1.152949 0.312434
1.152949 0.312434 1.152263 0.313622
1.152263 0.313622 1.150892 0.313622
1.150892 0.313622 1.150206 0.312434
1.150206 0.312434 1.149520 0.313622
1.149520 0.313622 1.148148 0.313622
1.148148 0.313622 1.148834 0.314810
1.148834 0.314810 1.148148 0.315998
1.148148 0.315998 1.149520 0.315998
1.149520 0.315998 1.150206 0.317186
1.150206 0.317186 1.149520 0.318374
1.149520 0.318374 1.148148 0.318374
1.148148 0.318374 1.148834 0.319562
1.148834 0.319562 1.148148 0.320750
1.148148 0.320750 1.146776 0.320750
1.146776 0.320750 1.146091 0.319562
1.146091 0.319562 1.145405 0.320750
1.145405 0.320750 1.144033 0.320750
1.144033 0.320750 1.143347 0.319562
1.143347 0.319562 1.144033 0.318374
1.144033 0.318374 1.142661 0.318374
1.142661 0.318374 1.141975 0.317186
1.141975 0.317186 1.141289 0.318374
1.141289 0.318374 1.139918 0.318374
1.139918 0.318374 1.140604 0.319562
1.140604 0.319562 1.139918 0.320750
1.139918 0.320750 1.138546 0.320750
1.138546 0.320750 1.137860 0.319562
1.137860 0.319562 1.137174 0.320750
1.137174 0.320750 1.135802 0.320750
1.135802 0.320750 1.135117 0.319562
1.135117 0.319562 1.135802 0.318374
1.135802 0.318374 1.134431 0.318374
1.134431 0.318374 1.133745 0.317186
1.133745 0.317186 1.134431 0.315998
1.134431 0.315998 1.135802 0.315998
1.135802 0.315998 1.135117 0.314810
1.135117 0.314810 1.135802 0.313622
1.135802 0.313622 1.134431 0.313622
1.134431 0.313622 1.133745 0.312434
1.133745 0.312434 1.133059 0.313622
1.133059 0.313622 1.131687 0.313622
1.131687 0.313622 1.131001 0.312434
1.131001 0.312434 1.131687 0.311246
1.131687 0.311246 1.130316 0.311246
1.130316 0.311246 1.129630 0.310058
1.129630 0.310058 1.128944 0.311246
1.128944 0.311246 1.127572 0.311246
1.127572 0.311246 1.128258 0.312434
1.128258 0.312434 1.127572 0.313622
1.127572 0.313622 1.126200 0.313622
1.126200 0.313622 1.125514 0.312434
1.125514 0.312434 1.124829 0.313622
1.124829 0.313622 1.123457 0.313622
1.123457 0.313622 1.124143 0.314810
1.124143 0.314810 1.123457 0.315998
1.123457 0.315998 1.124829 0.315998
1.124829 0.315998 1.125514 0.317186
1.125514 0.317186 1.124829 0.318374
1.124829 0.318374 1.123457 0.318374
1.123457 0.318374 1.124143 0.319562
1.124143 0.319562 1.123457 0.320750
1.123457 0.320750 1.122085 0.320750
1.122085 0.320750 1.121399 0.319562
1.121399 0.319562 1.120713 0.320750
1.120713 0.320750 1.119342 0.320750
1.119342 0.320750 1.118656 0.319562
1.118656 0.319562 1.119342 0.318374
1.119342 0.318374 1.117970 0.318374
1.117970 0.318374 1.117284 0.317186
1.117284 0.317186 1.116598 0.318374
1.116598 0.318374 1.115226 0.318374
1.115226 0.318374 1.115912 0.319562
1.115912 0.319562 1.115226 0.320750
1.115226 0.320750 1.113855 0.320750
1.113855 0.320750 1.113169 0.319562
1.113169 0.319562 1.112483 0.320750
1.112483 0.320750 1.111111 0.320750
1.111111 0.320750 1.111797 0.321938
1.111797 0.321938 1.111111 0.323126
1.111111 0.323126 1.112483 0.323126
1.112483 0.323126 1.113169 0.324314
1.113169 0.324314 1.112483 0.325502
1.112483 0.325502 1.111111 0.325502
1.111111 0.325502 1.111797 0.326690
1.111797 0.326690 1.111111 0.327878
1.111111 0.327878 1.112483 0.327878
1.112483 0.327878 1.113169 0.329066
1.113169 0.329066 1.113855 0.327878
1.113855 0.327878 1.115226 0.327878
1.115226 0.327878 1.115912 0.329066
1.115912 0.329066 1.115226 0.330254
1.115226 0.330254 1.116598 0.330254
1.116598 0.330254 1.117284 0.331442
1.117284 0.331442 1.116598 0.332630
1.116598 0.332630 1.115226 0.332630
1.115226 0.332630 1.115912 0.333818
1.115912 0.333818 1.115226 0.335006
1.115226 0.335006 1.113855 0.335006
1.113855 0.335006 1.113169 0.333818
1.113169 0.333818 1.112483 0.335006
1.112483 0.335006 1.111111 0.335006
1.111111 0.335006 1.111797 0.336194
1.111797 0.336194 1.111111 0.337382
1.111111 0.337382 1.112483 0.337382
1.112483 0.337382 1.113169 0.338570
1.113169 0.338570 1.112483 0.339758
1.112483 0.339758 1.111111 0.339758
1.111111 0.339758 1.111797 0.340946
1.111797 0.340946 1.111111 0.342133
1.111111 0.342133 1.112483 0.342133
1.112483 0.342133 1.113169 0.343321
1.113169 0.343321 1.113855 0.342133
1.113855 0.342133 1.115226 0.342133
1.115226 0.342133 1.115912 0.343321
1.115912 0.343321 1.115226 0.344509
1.115226 0.344509 1.116598 0.344509
1.116598 0.344509 1.117284 0.345697
1.117284 0.345697 1.117970 0.344509
1.117970 0.344509 1.119342 0.344509
1.119342 0.344509 1.118656 0.343321
1.118656 0.343321 1.119342 0.342133
1.119342 0.342133 1.120713 0.342133
1.120713 0.342133 1.121399 0.343321
1.121399 0.343321 1.122085 0.342133
1.122085 0.342133 1.123457 0.342133
1.123457 0.342133 1.124143 0.343321
1.124143 0.343321 1.123457 0.344509
1.123457 0.344509 1.124829 0.344509
1.124829 0.344509 1.125514 0.345697
1.125514 0.345697 1.124829 0.346885
1.124829 0.346885 1.123457 0.346885
1.123457 0.346885 1.124143 0.348073
1.124143 0.348073 1.123457 0.349261
1.123457 0.349261 1.124829 0.349261
1.124829 0.349261 1.125514 0.350449
1.125514 0.350449 1.126200 0.349261
1.126200 0.349261 1.127572 0.349261
1.127572 0.349261 1.128258 0.350449
1.128258 0.350449 1.127572 0.351637
1.127572 0.351637 1.128944 0.351637
1.128944 0.351637 1.129630 0.352825
1.129630 0.352825 1.128944 0.354013
1.128944 0.354013 1.127572 0.354013
1.127572 0.354013 1.128258 0.355201
1.128258 0.355201 1.127572 0.356389
1.127572 0.356389 1.126200 0.356389
1.126200 0.356389 1.125514 0.355201
1.125514 0.355201 1.124829 0.356389
1.124829 0.356389 1.123457 0.356389
1.123457 0.356389 1.124143 0.357577
1.124143 0.357577 1.123457 0.358765
1.123457 0.358765 1.124829 0.358765
1.124829 0.358765 1.125514 0.359953
1.125514 0.359953 1.124829 0.361141
1.124829 0.361141 1.123457 0.361141
1.123457 0.361141 1.124143 0.362329
1.124143 0.362329 1.123457 0.363517
1.123457 0.363517 1.122085 0.363517
1.122085 0.363517 1.121399 0.362329
1.121399 0.362329 1.120713 0.363517
1.120713 0.363517 1.119342 0.363517
1.119342 0.363517 1.118656 0.362329
1.118656 0.362329 1.119342 0.361141
1.119342 0.361141 1.117970 0.361141
1.117970 0.361141 1.117284 0.359953
1.117284 0.359953 1.116598 0.361141
1.116598 0.361141 1.115226 0.361141
1.115226 0.361141 1.115912 0.362329
1.115912 0.362329 1.115226 0.363517
1.115226 0.363517 1.113855 0.363517
1.113855 0.363517 1.113169 0.362329
1.113169 0.362329 1.112483 0.363517
1.112483 0.363517 1.111111 0.363517
1.111111 0.363517 1.111797 0.364705
1.111797 0.364705 1.111111 0.365893
1.111111 0.365893 1.112483 0.365893
1.112483 0.365893 1.113169 0.367081
1.113169 0.367081 1.112483 0.368269
1.112483 0.368269 1.111111 0.368269
1.111111 0.368269 1.111797 0.369457
1.111797 0.369457 1.111111 0.370645
1.111111 0.370645 1.112483 0.370645
1.112483 0.370645 1.113169 0.371833
1.113169 0.371833 1.113855 0.370645
1.113855 0.370645 1.115226 0.370645
1.115226 0.370645 1.115912 0.371833
1.115912 0.371833 1.115226 0.373021
1.115226 0.373021 1.116598 0.373021
1.116598 0.373021 1.117284 0.374209
1.117284 0.374209 1.116598 0.375396
1.116598 0.375396 1.115226 0.375396
1.115226 0.375396 1.115912 0.376584
1.115912 0.376584 1.115226 0.377772
1.115226 0.377772 1.113855 0.377772
1.113855 0.377772 1.113169 0.376584
1.113169 0.376584 1.112483 0.377772
1.112483 0.377772 1.111111 0.377772
1.111111 0.377772 1.111797 0.378960
1.111797 0.378960 1.111111 0.380148
1.111111 0.380148 1.112483 0.380148
1.112483 0.380148 1.113169 0.381336
1.113169 0.381336 1.112483 0.382524
1.112483 0.382524 1.111111 0.382524
1.111111 0.382524 1.111797 0.383712
1.111797 0.383712 1.111111 0.384900
1.111111 0.384900 1.109739 0.384900
1.109739 0.384900 1.109053 0.383712
1.109053 0.383712 1.108368 0.384900
1.108368 0.384900 1.106996 0.384900
1.106996 0.384900 1.106310 0.383712
1.106310 0.383712 1.106996 0.382524
1.106996 0.382524 1.105624 0.382524
1.105624 0.382524 1.104938 0.381336
1.104938 0.381336 1.104252 0.382524
1.104252 0.382524 1.102881 0.382524
1.102881 0.382524 1.103567 0.383712
1.103567 0.383712 1.102881 0.384900
1.102881 0.384900 1.101509 0.384900
1.101509 0.384900 1.100823 0.383712
1.100823 0.383712 1.100137 0.384900
1.100137 0.384900 1.098765 0.384900
1.098765 0.384900 1.098080 0.383712
1.098080 0.383712 1.098765 0.382524
1.098765 0.382524 1.097394 0.382524
1.097394 0.382524 1.096708 0.381336
1.096708 0.381336 1.097394 0.380148
1.097394 0.380148 1.098765 0.380148
1.098765 0.380148 1.098080 0.378960
1.098080 0.378960 1.098765 0.377772
1.098765 0.377772 1.097394 0.377772
1.097394 0.377772 1.096708 0.376584
1.096708 0.376584 1.096022 0.377772
1.096022 0.377772 1.094650 0.377772
1.094650 0.377772 1.093964 0.376584
1.093964 0.376584 1.094650 0.375396
1.094650 0.375396 1.093278 0.375396
1.093278 0.375396 1.092593 0.374209
1.092593 0.374209 1.091907 0.375396
1.091907 0.375396 1.090535 0.375396
1.090535 0.375396 1.091221 0.376584
1.091221 0.376584 1.090535 0.377772
1.090535 0.377772 1.089163 0.377772
1.089163 0.377772 1.088477 0.376584
1.088477 0.376584 1.087791 0.377772
1.087791 0.377772 1.086420 0.377772
1.086420 0.377772 1.087106 0.378960
1.087106 0.378960 1.086420 0.380148
1.086420 0.380148 1.087791 0.380148
1.087791 0.380148 1.088477 0.381336
1.088477 0.381336 1.087791 0.382524
1.087791 0.382524 1.086420 0.382524
1.086420 0.382524 1.087106 0.383712
1.087106 0.383712 1.086420 0.384900
1.086420 0.384900 1.085048 0.384900
1.085048 0.384900 1.084362 0.383712
1.084362 0.383712 1.083676 0.384900
1.083676 0.384900 1.082305 0.384900
1.082305 0.384900 1.081619 0.383712
1.081619 0.383712 1.082305 0.382524
1.082305 0.382524 1.080933 0.382524
1.080933 0.382524 1.080247 0.381336
1.080247 0.381336 1.079561 0.382524
1.079561 0.382524 1.078189 0.382524
1.078189 0.382524 1.078875 0.383712
1.078875 0.383712 1.078189 0.384900
1.078189 0.384900 1.076818 0.384900
1.076818 0.384900 1.076132 0.383712
1.076132 0.383712 1.075446 0.384900
1.075446 0.384900 1.074074 0.384900
1.074074 0.384900 1.073388 0.383712
1.073388 0.383712 1.074074 0.382524
1.074074 0.382524 1.072702 0.382524
1.072702 0.382524 1.072016 0.381336
1.072016 0.381336 1.072702 0.380148
1.072702 0.380148 1.074074 0.380148
1.074074 0.380148 1.073388 0.378960
1.073388 0.378960 1.074074 0.377772
1.074074 0.377772 1.072702 0.377772
1.072702 0.377772 1.072016 0.376584
1.072016 0.376584 1.071331 0.377772
1.071331 0.377772 1.069959 0.377772
1.069959 0.377772 1.069273 0.376584
1.069273 0.376584 1.069959 0.375396
1.069959 0.375396 1.068587 0.375396
1.068587 0.375396 1.067901 0.374209
1.067901 0.374209 1.068587 0.373021
1.068587 0.373021 1.069959 0.373021
1.069959 0.373021 1.069273 0.371833
1.069273 0.371833 1.069959 0.370645
1.069959 0.370645 1.071331 0.370645
1.071331 0.370645 1.072016 0.371833
1.072016 0.371833 1.072702 0.370645
1.072702 0.370645 1.074074 0.370645
1.074074 0.370645 1.073388 0.369457
1.073388 0.369457 1.074074 0.368269
1.074074 0.368269 1.072702 0.368269
1.072702 0.368269 1.072016 0.367081
1.072016 0.367081 1.072702 0.365893
1.072702 0.365893 1.074074 0.365893
1.074074 0.365893 1.073388 0.364705
1.073388 0.364705 1.074074 0.363517
1.074074 0.363517 1.072702 0.363517
1.072702 0.363517 1.072016 0.362329
1.072016 0.362329 1.071331 0.363517
1.071331 0.363517 1.069959 0.363517
1.069959 0.363517 1.069273 0.362329
1.069273 0.362329 1.069959 0.361141
1.069959 0.361141 1.068587 0.361141
1.068587 0.361141 1.067901 0.359953
1.067901 0.359953 1.067215 0.361141
1.067215 0.361141 1.065844 0.361141
1.065844 0.361141 1.066529 0.362329
1.066529 0.362329 1.065844 0.363517
1.065844 0.363517 1.064472 0.363517
1.064472 0.363517 1.063786 0.362329
1.063786 0.362329 1.063100 0.363517
1.063100 0.363517 1.061728 0.363517
1.061728 0.363517 1.061043 0.362329
1.061043 0.362329 1.061728 0.361141
1.061728 0.361141 1.060357 0.361141
1.060357 0.361141 1.059671 0.359953
1.059671 0.359953 1.060357 0.358765
1.060357 0.358765 1.061728 0.358765
1.061728 0.358765 1.061043 0.357577
1.061043 0.357577 1.061728 0.356389
1.061728 0.356389 1.060357 0.356389
1.060357 0.356389 1.059671 0.355201
1.059671 0.355201 1.058985 0.356389
1.058985 0.356389 1.057613 0.356389
1.057613 0.356389 1.056927 0.355201
1.056927 0.355201 1.057613 0.354013
1.057613 0.354013 1.056241 0.354013
1.056241 0.354013 1.055556 0.352825
1.055556 0.352825 1.054870 0.354013
1.054870 0.354013 1.053498 0.354013
1.053498 0.354013 1.054184 0.355201
1.054184 0.355201 1.053498 0.356389
1.053498 0.356389 1.052126 0.356389
1.052126 0.356389 1.051440 0.355201
1.051440 0.355201 1.050754 0.356389
1.050754 0.356389 1.049383 0.356389
1.049383 0.356389 1.050069 0.357577
1.050069 0.357577 1.049383 0.358765
1.049383 0.358765 1.050754 0.358765
1.050754 0.358765 1.051440 0.359953
1.051440 0.359953 1.050754 0.361141
1.050754 0.361141 1.049383 0.361141
1.049383 0.361141 1.050069 0.362329
1.050069 0.362329 1.049383 0.363517
1.049383 0.363517 1.048011 0.363517
1.048011 0.363517 1.047325 0.362329
1.047325 0.362329 1.046639 0.363517
1.046639 0.363517 1.045267 0.363517
1.045267 0.363517 1.044582 0.362329
1.044582 0.362329 1.045267 0.361141
1.045267 0.361141 1.043896 0.361141
1.043896 0.361141 1.043210 0.359953
1.043210 0.359953 1.042524 0.361141
1.042524 0.361141 1.041152 0.361141
1.041152 0.361141 1.041838 0.362329
1.041838 0.362329 1.041152 0.363517
1.041152 0.363517 1.039781 0.363517
1.039781 0.363517 1.039095 0.362329
1.039095 0.362329 1.038409 0.363517
1.038409 0.363517 1.037037 0.363517
1.037037 0.363517 1.037723 0.364705
1.037723 0.364705 1.037037 0.365893
1.037037 0.365893 1.038409 0.365893
1.038409 0.365893 1.039095 0.367081
1.039095 0.367081 1.038409 0.368269
1.038409 0.368269 1.037037 0.368269
1.037037 0.368269 1.037723 0.369457
1.037723 0.369457 1.037037 0.370645
1.037037 0.370645 1.038409 0.370645
1.038409 0.370645 1.039095 0.371833
1.039095 0.371833 1.039781 0.370645
1.039781 0.370645 1.041152 0.370645
1.041152 0.370645 1.041838 0.371833
1.041838 0.371833 1.041152 0.373021
1.041152 0.373021 1.042524 0.373021
1.042524 0.373021 1.043210 0.374209
1.043210 0.374209 1.042524 0.375396
1.042524 0.375396 1.041152 0.375396
1.041152 0.375396 1.041838 0.376584
1.041838 0.376584 1.041152 0.377772
1.041152 0.377772 1.039781 0.377772
1.039781 0.377772 1.039095 0.376584
1.039095 0.376584 1.038409 0.377772
1.038409 0.377772 1.037037 0.377772
1.037037 0.377772 1.037723 0.378960
1.037723 0.378960 1.037037 0.380148
1.037037 0.380148 1.038409 0.380148
1.038409 0.380148 1.039095 0.381336
1.039095 0.381336 1.038409 0.382524
1.038409 0.382524 1.037037 0.382524
1.037037 0.382524 1.037723 0.383712
1.037723 0.383712 1.037037 0.384900
1.037037 0.384900 1.035665 0.384900
1.035665 0.384900 1.034979 0.383712
1.034979 0.383712 1.034294 0.384900
1.034294 0.384900 1.032922 0.384900
1.032922 0.384900 1.032236 0.383712
1.032236 0.383712 1.032922 0.382524
1.032922 0.382524 1.031550 0.382524
1.031550 0.382524 1.030864 0.381336
1.030864 0.381336 1.030178 0.382524
1.030178 0.382524 1.028807 0.382524
1.028807 0.382524 1.029492 0.383712
1.029492 0.383712 1.028807 0.384900
1.028807 0.384900 1.027435 0.384900
1.027435 0.384900 1.026749 0.383712
1.026749 0.383712 1.026063 0.384900
1.026063 0.384900 1.024691 0.384900
1.024691 0.384900 1.024005 0.383712
1.024005 0.383712 1.024691 0.382524
1.024691 0.382524 1.023320 0.382524
1.023320 0.382524 1.022634 0.381336
1.022634 0.381336 1.023320 0.380148
1.023320 0.380148 1.024691 0.380148
1.024691 0.380148 1.024005 0.378960
1.024005 0.378960 1.024691 0.377772
1.024691 0.377772 1.023320 0.377772
1.023320 0.377772 1.022634 0.376584
1.022634 0.376584 1.021948 0.377772
1.021948 0.377772 1.020576 0.377772
1.020576 0.377772 1.019890 0.376584
1.019890 0.376584 1.020576 0.375396
1.020576 0.375396 1.019204 0.375396
1.019204 0.375396 1.018519 0.374209
1.018519 0.374209 1.017833 0.375396
1.017833 0.375396 1.016461 0.375396
1.016461 0.375396 1.017147 0.376584
1.017147 0.376584 1.016461 0.377772
1.016461 0.377772 1.015089 0.377772
1.015089 0.377772 1.014403 0.376584
1.014403 0.376584 1.013717 0.377772
1.013717 0.377772 1.012346 0.377772
1.012346 0.377772 1.013032 0.378960
1.013032 0.378960 1.012346 0.380148
1.012346 0.380148 1.013717 0.380148
1.013717 0.380148 1.014403 0.381336
1.014403 0.381336 1.013717 0.382524
1.013717 0.382524 1.012346 0.382524
1.012346 0.382524 1.013032 0.383712
1.013032 0.383712 1.012346 0.384900
1.012346 0.384900 1.010974 0.384900
1.010974 0.384900 1.010288 0.383712
1.010288 0.383712 1.009602 0.384900
1.009602 0.384900 1.008230 0.384900
1.008230 0.384900 1.007545 0.383712
1.007545 0.383712 1.008230 0.382524
1.008230 0.382524 1.006859 0.382524
1.006859 0.382524 1.006173 0.381336
1.006173 0.381336 1.005487 0.382524
1.005487 0.382524 1.004115 0.382524
1.004115 0.382524 1.004801 0.383712
1.004801 0.383712 1.004115 0.384900
1.004115 0.384900 1.002743 0.384900
1.002743 0.384900 1.002058 0.383712
1.002058 0.383712 1.001372 0.384900
1.001372 0.384900 1.000000 0.384900
1.000000 0.384900 1.000686 0.386088
1.000686 0.386088 1.000000 0.387276
1.000000 0.387276 1.001372 0.387276
1.001372 0.387276 1.002058 0.388464
1.002058 0.388464 1.001372 0.389652
1.001372 0.389652 1.000000 0.389652
1.000000 0.389652 1.000686 0.390840
1.000686 0.390840 1.000000 0.392028
1.000000 0.392028 1.001372 0.392028
1.001372 0.392028 1.002058 0.393216
1.002058 0.393216 1.002743 0.392028
1.002743 0.392028 1.004115 0.392028
1.004115 0.392028 1.004801 0.393216
1.004801 0.393216 1.004115 0.394404
1.004115 0.394404 1.005487 0.394404
1.005487 0.394404 1.006173 0.395592
1.006173 0.395592 1.005487 0.396780
1.005487 0.396780 1.004115 0.396780
1.004115 0.396780 1.004801 0.397968
1.004801 0.397968 1.004115 0.399156
1.004115 0.399156 1.002743 0.399156
1.002743 0.399156 1.002058 0.397968
1.002058 0.397968 1.001372 0.399156
1.001372 0.399156 1.000000 0.399156
1.000000 0.399156 1.000686 0.400344
1.000686 0.400344 1.000000 0.401532
1.000000 0.401532 1.001372 0.401532
1.001372 0.401532 1.002058 0.402720
1.002058 0.402720 1.001372 0.403908
1.001372 0.403908 1.000000 0.403908
1.000000 0.403908 1.000686 0.405096
1.000686 0.405096 1.000000 0.406284
1.000000 0.406284 1.001372 0.406284
1.001372 0.406284 1.002058 0.407471
1.002058 0.407471 1.002743 0.406284
1.002743 0.406284 1.004115 0.406284
1.004115 0.406284 1.004801 0.407471
1.004801 0.407471 1.004115 0.408659
1.004115 0.408659 1.005487 0.408659
1.005487 0.408659 1.006173 0.409847
1.006173 0.409847 1.006859 0.408659
1.006859 0.408659 1.008230 0.408659
1.008230 0.408659 1.007545 0.407471
1.007545 0.407471 1.008230 0.406284
1.008230 0.406284 1.009602 0.406284
1.009602 0.406284 1.010288 0.407471
1.010288 0.407471 1.010974 0.406284
1.010974 0.406284 1.012346 0.406284
1.012346 0.406284 1.013032 0.407471
1.013032 0.407471 1.012346 0.408659
1.012346 0.408659 1.013717 0.408659
1.013717 0.408659 1.014403 0.409847
1.014403 0.409847 1.013717 0.411035
1.013717 0.411035 1.012346 0.411035
1.012346 0.411035 1.013032 0.412223
1.013032 0.412223 1.012346 0.413411
1.012346 0.413411 1.013717 0.413411
1.013717 0.413411 1.014403 0.414599
1.014403 0.414599 1.015089 0.413411
1.015089 0.413411 1.016461 0.413411
1.016461 0.413411 1.017147 0.414599
1.017147 0.414599 1.016461 0.415787
1.016461 0.415787 1.017833 0.415787
1.017833 0.415787 1.018519 0.416975
1.018519 0.416975 1.017833 0.418163
1.017833 0.418163 1.016461 0.418163
1.016461 0.418163 1.017147 0.419351
1.017147 0.419351 1.016461 0.420539
1.016461 0.420539 1.015089 0.420539
1.015089 0.420539 1.014403 0.419351
1.014403 0.419351 1.013717 0.420539
1.013717 0.420539 1.012346 0.420539
1.012346 0.420539 1.013032 0.421727
1.013032 0.421727 1.012346 0.422915
1.012346 0.422915 1.013717 0.422915
1.013717 0.422915 1.014403 0.424103
1.014403 0.424103 1.013717 0.425291
1.013717 0.425291 1.012346 0.425291
1.012346 0.425291 1.013032 0.426479
1.013032 0.426479 1.012346 0.427667
1.012346 0.427667 1.010974 0.427667
1.010974 0.427667 1.010288 0.426479
1.010288 0.426479 1.009602 0.427667
1.009602 0.427667 1.008230 0.427667
1.008230 0.427667 1.007545 0.426479
1.007545 0.426479 1.008230 0.425291
1.008230 0.425291 1.006859 0.425291
1.006859 0.425291 1.006173 0.424103
1.006173 0.424103 1.005487 0.425291
1.005487 0.425291 1.004115 0.425291
1.004115 0.425291 1.004801 0.426479
1.004801 0.426479 1.004115 0.427667
1.004115 0.427667 1.002743 0.427667
1.002743 0.427667 1.002058 0.426479
1.002058 0.426479 1.001372 0.427667
1.001372 0.427667 1.000000 0.427667
1.000000 0.427667 1.000686 0.428855
1.000686 0.428855 1.000000 0.430043
1.000000 0.430043 1.001372 0.430043
1.001372 0.430043 1.002058 0.431231
1.002058 0.431231 1.001372 0.432419
1.001372 0.432419 1.000000 0.432419
1.000000 0.432419 1.000686 0.433607
1.000686 0.433607 1.000000 0.434795
1.000000 0.434795 1.001372 0.434795
1.001372 0.434795 1.002058 0.435983
1.002058 0.435983 1.002743 0.434795
1.002743 0.434795 1.004115 0.434795
1.004115 0.434795 1.004801 0.435983
1.004801 0.435983 1.004115 0.437171
1.004115 0.437171 1.005487 0.437171
1.005487 0.437171 1.006173 0.438359
1.006173 0.438359 1.005487 0.439547
1.005487 0.439547 1.004115 0.439547
1.004115 0.439547 1.004801 0.440734
1.004801 0.440734 1.004115 0.441922
1.004115 0.441922 1.002743 0.441922
1.002743 0.441922 1.002058 0.440734
1.002058 0.440734 1.001372 0.441922
1.001372 0.441922 1.000000 0.441922
1.000000 0.441922 1.000686 0.443110
1.000686 0.443110 1.000000 0.444298
1.000000 0.444298 1.001372 0.444298
1.001372 0.444298 1.002058 0.445486
1.002058 0.445486 1.001372 0.446674
1.001372 0.446674 1.000000 0.446674
1.000000 0.446674 1.000686 0.447862
1.000686 0.447862 1.000000 0.449050
1.000000 0.449050 1.001372 0.449050
1.001372 0.449050 1.002058 0.450238
1.002058 0.450238 1.002743 0.449050
1.002743 0.449050 1.004115 0.449050
1.004115 0.449050 1.004801 0.450238
1.004801 0.450238 1.004115 0.451426
1.004115 0.451426 1.005487 0.451426
1.005487 0.451426 1.006173 0.452614
1.006173 0.452614 1.006859 0.451426
1.006859 0.451426 1.008230 0.451426
1.008230 0.451426 1.007545 0.450238
1.007545 0.450238 1.008230 0.449050
1.008230 0.449050 1.009602 0.449050
1.009602 0.449050 1.010288 0.450238
1.010288 0.450238 1.010974 0.449050
1.010974 0.449050 1.012346 0.449050
1.012346 0.449050 1.013032 0.450238
1.013032 0.450238 1.012346 0.451426
1.012346 0.451426 1.013717 0.451426
1.013717 0.451426 1.014403 0.452614
1.014403 0.452614 1.013717 0.453802
1.013717 0.453802 1.012346 0.453802
1.012346 0.453802 1.013032 0.454990
1.013032 0.454990 1.012346 0.456178
1.012346 0.456178 1.013717 0.456178
1.013717 0.456178 1.014403 0.457366
1.014403 0.457366 1.015089 0.456178
1.015089 0.456178 1.016461 0.456178
1.016461 0.456178 1.017147 0.457366
1.017147 0.457366 1.016461 0.458554
1.016461 0.458554 1.017833 0.458554
1.017833 0.458554 1.018519 0.459742
1.018519 0.459742 1.019204 0.458554
1.019204 0.458554 1.020576 0.458554
1.020576 0.458554 1.019890 0.457366
1.019890 0.457366 1.020576 0.456178
1.020576 0.456178 1.021948 0.456178
1.021948 0.456178 1.022634 0.457366
1.022634 0.457366 1.023320 0.456178
1.023320 0.456178 1.024691 0.456178
1.024691 0.456178 1.024005 0.454990
1.024005 0.454990 1.024691 0.453802
1.024691 0.453802 1.023320 0.453802
1.023320 0.453802 1.022634 0.452614
1.022634 0.452614 1.023320 0.451426
1.023320 0.451426 1.024691 0.451426
1.024691 0.451426 1.024005 0.450238
1.024005 0.450238 1.024691 0.449050
1.024691 0.449050 1.026063 0.449050
1.026063 0.449050 1.026749 0.450238
1.026749 0.450238 1.027435 0.449050
1.027435 0.449050 1.028807 0.449050
1.028807 0.449050 1.029492 0.450238
1.029492 0.450238 1.028807 0.451426
1.028807 0.451426 1.030178 0.451426
1.030178 0.451426 1.030864 0.452614
1.030864 0.452614 1.031550 0.451426
1.031550 0.451426 1.032922 0.451426
1.032922 0.451426 1.032236 0.450238
1.032236 0.450238 1.032922 0.449050
1.032922 0.449050 1.034294 0.449050
1.034294 0.449050 1.034979 0.450238
1.034979 0.450238 1.035665 0.449050
1.035665 0.449050 1.037037 0.449050
1.037037 0.449050 1.037723 0.450238
1.037723 0.450238 1.037037 0.451426
1.037037 0.451426 1.038409 0.451426
1.038409 0.451426 1.039095 0.452614
1.039095 0.452614 1.038409 0.453802
1.038409 0.453802 1.037037 0.453802
1.037037 0.453802 1.037723 0.454990
1.037723 0.454990 1.037037 0.456178
1.037037 0.456178 1.038409 0.456178
1.038409 0.456178 1.039095 0.457366
1.039095 0.457366 1.039781 0.456178
1.039781 0.456178 1.041152 0.456178
1.041152 0.456178 1.041838 0.457366
1.041838 0.457366 1.041152 0.458554
1.041152 0.458554 1.042524 0.458554
1.042524 0.458554 1.043210 0.459742
1.043210 0.459742 1.042524 0.460930
1.042524 0.460930 1.041152 0.460930
1.041152 0.460930 1.041838 0.462118
1.041838 0.462118 1.041152 0.463306
1.041152 0.463306 1.039781 0.463306
1.039781 0.463306 1.039095 0.462118
1.039095 0.462118 1.038409 0.463306
1.038409 0.463306 1.037037 0.463306
1.037037 0.463306 1.037723 0.464494
1.037723 0.464494 1.037037 0.465682
1.037037 0.465682 1.038409 0.465682
1.038409 0.465682 1.039095 0.466870
1.039095 0.466870 1.038409 0.468058
1.038409 0.468058 1.037037 0.468058
1.037037 0.468058 1.037723 0.469246
1.037723 0.469246 1.037037 0.470434
1.037037 0.470434 1.038409 0.470434
1.038409 0.470434 1.039095 0.471622
1.039095 0.471622 1.039781 0.470434
1.039781 0.470434 1.041152 0.470434
1.041152 0.470434 1.041838 0.471622
1.041838 0.471622 1.041152 0.472809
1.041152 0.472809 1.042524 0.472809
1.042524 0.472809 1.043210 0.473997
1.043210 0.473997 1.043896 0.472809
1.043896 0.472809 1.045267 0.472809
1.045267 0.472809 1.044582 0.471622
1.044582 0.471622 1.045267 0.470434
1.045267 0.470434 1.046639 0.470434
1.046639 0.470434 1.047325 0.471622
1.047325 0.471622 1.048011 0.470434
1.048011 0.470434 1.049383 0.470434
1.049383 0.470434 1.050069 0.471622
1.050069 0.471622 1.049383 0.472809
1.049383 0.472809 1.050754 0.472809
1.050754 0.472809 1.051440 0.473997
1.051440 0.473997 1.050754 0.475185
1.050754 0.475185 1.049383 0.475185
1.049383 0.475185 1.050069 0.476373
1.050069 0.476373 1.049383 0.477561
1.049383 0.477561 1.050754 0.477561
1.050754 0.477561 1.051440 0.478749
1.051440 0.478749 1.052126 0.477561
1.052126 0.477561 1.053498 0.477561
1.053498 0.477561 1.054184 0.478749
1.054184 0.478749 1.053498 0.479937
1.053498 0.479937 1.054870 0.479937
1.054870 0.479937 1.055556 0.481125
1.055556 0.481125 1.054870 0.482313
1.054870 0.482313 1.053498 0.482313
1.053498 0.482313 1.054184 0.483501
1.054184 0.483501 1.053498 0.484689
1.053498 0.484689 1.052126 0.484689
1.052126 0.484689 1.051440 0.483501
1.051440 0.483501 1.050754 0.484689
1.050754 0.484689 1.049383 0.484689
1.049383 0.484689 1.050069 0.485877
1.050069 0.485877 1.049383 0.487065
1.049383 0.487065 1.050754 0.487065
1.050754 0.487065 1.051440 0.488253
1.051440 0.488253 1.050754 0.489441
1.050754 0.489441 1.049383 0.489441
1.049383 0.489441 1.050069 0.490629
1.050069 0.490629 1.049383 0.491817
1.049383 0.491817 1.048011 0.491817
1.048011 0.491817 1.047325 0.490629
1.047325 0.490629 1.046639 0.491817
1.046639 0.491817 1.045267 0.491817
1.045267 0.491817 1.044582 0.490629
1.044582 0.490629 1.045267 0.489441
1.045267 0.489441 1.043896 0.489441
1.043896 0.489441 1.043210 0.488253
1.043210 0.488253 1.042524 0.489441
1.042524 0.489441 1.041152 0.489441
1.041152 0.489441 1.041838 0.490629
1.041838 0.490629 1.041152 0.491817
1.041152 0.491817 1.039781 0.491817
1.039781 0.491817 1.039095 0.490629
1.039095 0.490629 1.038409 0.491817
1.038409 0.491817 1.037037 0.491817
1.037037 0.491817 1.037723 0.493005
1.037723 0.493005 1.037037 0.494193
1.037037 0.494193 1.038409 0.494193
1.038409 0.494193 1.039095 0.495381
1.039095 0.495381 1.038409 0.496569
1.038409 0.496569 1.037037 0.496569
1.037037 0.496569 1.037723 0.497757
1.037723 0.497757 1.037037 0.498945
1.037037 0.498945 1.038409 0.498945
1.038409 0.498945 1.039095 0.500133
1.039095 0.500133 1.039781 0.498945
1.039781 0.498945 1.041152 0.498945
1.041152 0.498945 1.041838 0.500133
1.041838 0.500133 1.041152 0.501321
1.041152 0.501321 1.042524 0.501321
1.042524 0.501321 1.043210 0.502509
1.043210 0.502509 1.042524 0.503697
1.042524 0.503697 1.041152 0.503697
1.041152 0.503697 1.041838 0.504884
1.041838 0.504884 1.041152 0.506072
1.041152 0.506072 1.039781 0.506072
1.039781 0.506072 1.039095 0.504884
1.039095 0.504884 1.038409 0.506072
1.038409 0.506072 1.037037 0.506072
1.037037 0.506072 1.037723 0.507260
1.037723 0.507260 1.037037 0.508448
1.037037 0.508448 1.038409 0.508448
1.038409 0.508448 1.039095 0.509636
1.039095 0.509636 1.038409 0.510824
1.038409 0.510824 1.037037 0.510824
1.037037 0.510824 1.037723 0.512012
1.037723 0.512012 1.037037 0.513200
1.037037 0.513200 1.035665 0.513200
1.035665 0.513200 1.034979 0.512012
1.034979 0.512012 1.034294 0.513200
1.034294 0.513200 1.032922 0.513200
1.032922 0.513200 1.032236 0.512012
1.032236 0.512012 1.032922 0.510824
1.032922 0.510824 1.031550 0.510824
1.031550 0.510824 1.030864 0.509636
1.030864 0.509636 1.030178 0.510824
1.030178 0.510824 1.028807 0.510824
1.028807 0.510824 1.029492 0.512012
1.029492 0.512012 1.028807 0.513200
1.028807 0.513200 1.027435 0.513200
1.027435 0.513200 1.026749 0.512012
1.026749 0.512012 1.026063 0.513200
1.026063 0.513200 1.024691 0.513200
1.024691 0.513200 1.024005 0.512012
1.024005 0.512012 1.024691 0.510824
1.024691 0.510824 1.023320 0.510824
1.023320 0.510824 1.022634 0.509636
1.022634 0.509636 1.023320 0.508448
1.023320 0.508448 1.024691 0.508448
1.024691 0.508448 1.024005 0.507260
1.024005 0.507260 1.024691 0.506072
1.024691 0.506072 1.023320 0.506072
1.023320 0.506072 1.022634 0.504884
1.022634 0.504884 1.021948 0.506072
1.021948 0.506072 1.020576 0.506072
1.020576 0.506072 1.019890 0.504884
1.019890 0.504884 1.020576 0.503697
1.020576 0.503697 1.019204 0.503697
1.019204 0.503697 1.018519 0.502509
1.018519 0.502509 1.017833 0.503697
1.017833 0.503697 1.016461 0.503697
1.016461 0.503697 1.017147 0.504884
1.017147 0.504884 1.016461 0.506072
1.016461 0.506072 1.015089 0.506072
1.015089 0.506072 1.014403 0.504884
1.014403 0.504884 1.013717 0.506072
1.013717 0.506072 1.012346 0.506072
1.012346 0.506072 1.013032 0.507260
1.013032 0.507260 1.012346 0.508448
1.012346 0.508448 1.013717 0.508448
1.013717 0.508448 1.014403 0.509636
1.014403 0.509636 1.013717 0.510824
1.013717 0.510824 1.012346 0.510824
1.012346 0.510824 1.013032 0.512012
1.013032 0.512012 1.012346 0.513200
1.012346 0.513200 1.010974 0.513200
1.010974 0.513200 1.010288 0.512012
1.010288 0.512012 1.009602 0.513200
1.009602 0.513200 1.008230 0.513200
1.008230 0.513200 1.007545 0.512012
1.007545 0.512012 1.008230 0.510824
1.008230 0.510824 1.006859 0.510824
1.006859 0.510824 1.006173 0.509636
1.006173 0.509636 1.005487 0.510824
1.005487 0.510824 1.004115 0.510824
1.004115 0.510824 1.004801 0.512012
1.004801 0.512012 1.004115 0.513200
1.004115 0.513200 1.002743 0.513200
1.002743 0.513200 1.002058 0.512012
1.002058 0.512012 1.001372 0.513200
1.001372 0.513200 1.000000 0.513200
1.000000 0.513200 1.000686 0.514388
1.000686 0.514388 1.000000 0.515576
1.000000 0.515576 1.001372 0.515576
1.001372 0.515576 1.002058 0.516764
1.002058 0.516764 1.001372 0.517952
1.001372 0.517952 1.000000 0.517952
1.000000 0.517952 1.000686 0.519140
1.000686 0.519140 1.000000 0.520328
1.000000 0.520328 1.001372 0.520328
1.001372 0.520328 1.002058 0.521516
1.002058 0.521516 1.002743 0.520328
1.002743 0.520328 1.004115 0.520328
1.004115 0.520328 1.004801 0.521516
1.004801 0.521516 1.004115 0.522704
1.004115 0.522704 1.005487 0.522704
1.005487 0.522704 1.006173 0.523892
1.006173 0.523892 1.005487 0.525080
1.005487 0.525080 1.004115 0.525080
1.004115 0.525080 1.004801 0.526268
1.004801 0.526268 1.004115 0.527456
1.004115 0.527456 1.002743 0.527456
1.002743 0.527456 1.002058 0.526268
1.002058 0.526268 1.001372 0.527456
1.001372 0.527456 1.000000 0.527456
1.000000 0.527456 1.000686 0.528644
1.000686 0.528644 1.000000 0.529832
1.000000 0.529832 1.001372 0.529832
1.001372 0.529832 1.002058 0.531020
1.002058 0.531020 1.001372 0.532208
1.001372 0.532208 1.000000 0.532208
1.000000 0.532208 1.000686 0.533396
1.000686 0.533396 1.000000 0.534584
1.000000 0.534584 1.001372 0.534584
1.001372 0.534584 1.002058 0.535772
1.002058 0.535772 1.002743 0.534584
1.002743 0.534584 1.004115 0.534584
1.004115 0.534584 1.004801 0.535772
1.004801 0.535772 1.004115 0.536960
1.004115 0.536960 1.005487 0.536960
1.005487 0.536960 1.006173 0.538147
1.006173 0.538147 1.006859 0.536960
1.006859 0.536960 1.008230 0.536960
1.008230 0.536960 1.007545 0.535772
1.007545 0.535772 1.008230 0.534584
1.008230 0.534584 1.009602 0.534584
1.009602 0.534584 1.010288 0.535772
1.010288 0.535772 1.010974 0.534584
1.010974 0.534584 1.012346 0.534584
1.012346 0.534584 1.013032 0.535772
1.013032 0.535772 1.012346 0.536960
1.012346 0.536960 1.013717 0.536960
1.013717 0.536960 1.014403 0.538147
1.014403 0.538147 1.013717 0.539335
1.013717 0.539335 1.012346 0.539335
1.012346 0.539335 1.013032 0.540523
1.013032 0.540523 1.012346 0.541711
1.012346 0.541711 1.013717 0.541711
1.013717 0.541711 1.014403 0.542899
1.014403 0.542899 1.015089 0.541711
1.015089 0.541711 1.016461 0.541711
1.016461 0.541711 1.017147 0.542899
1.017147 0.542899 1.016461 0.544087
1.016461 0.544087 1.017833 0.544087
1.017833 0.544087 1.018519 0.545275
1.018519 0.545275 1.017833 0.546463
1.017833 0.546463 1.016461 0.546463
1.016461 0.546463 1.017147 0.547651
1.017147 0.547651 1.016461 0.548839
1.016461 0.548839 1.015089 0.548839
1.015089 0.548839 1.014403 0.547651
1.014403 0.547651 1.013717 0.548839
1.013717 0.548839 1.012346 0.548839
1.012346 0.548839 1.013032 0.550027
1.013032 0.550027 1.012346 0.551215
1.012346 0.551215 1.013717 0.551215
1.013717 0.551215 1.014403 0.552403
1.014403 0.552403 1.013717 0.553591
1.013717 0.553591 1.012346 0.553591
1.012346 0.553591 1.013032 0.554779
1.013032 0.554779 1.012346 0.555967
1.012346 0.555967 1.010974 0.555967
1.010974 0.555967 1.010288 0.554779
1.010288 0.554779 1.009602 0.555967
1.009602 0.555967 1.008230 0.555967
1.008230 0.555967 1.007545 0.554779
1.007545 0.554779 1.008230 0.553591
1.008230 0.553591 1.006859 0.553591
1.006859 0.553591 1.006173 0.552403
1.006173 0.552403 1.005487 0.553591
1.005487 0.553591 1.004115 0.553591
1.004115 0.553591 1.004801 0.554779
1.004801 0.554779 1.004115 0.555967
1.004115 0.555967 1.002743 0.555967
1.002743 0.555967 1.002058 0.554779
1.002058 0.554779 1.001372 0.555967
1.001372 0.555967 1.000000 0.555967
1.000000 0.555967 1.000686 0.557155
1.000686 0.557155 1.000000 0.558343
1.000000 0.558343 1.001372 0.558343
1.001372 0.558343 1.002058 0.559531
1.002058 0.559531 1.001372 0.560719
1.001372 0.560719 1.000000 0.560719
1.000000 0.560719 1.000686 0.561907
1.000686 0.561907 1.000000 0.563095
1.000000 0.563095 1.001372 0.563095
1.001372 0.563095 1.002058 0.564283
1.002058 0.564283 1.002743 0.563095
1.002743 0.563095 1.004115 0.563095
1.004115 0.563095 1.004801 0.564283
1.004801 0.564283 1.004115 0.565471
1.004115 0.565471 1.005487 0.565471
1.005487 0.565471 1.006173 0.566659
1.006173 0.566659 1.005487 0.567847
1.005487 0.567847 1.004115 0.567847
1.004115 0.567847 1.004801 0.569035
1.004801 0.569035 1.004115 0.570222
1.004115 0.570222 1.002743 0.570222
1.002743 0.570222 1.002058 0.569035
1.002058 0.569035 1.001372 0.570222
1.001372 0.570222 1.000000 0.570222
1.000000 0.570222 1.000686 0.571410
1.000686 0.571410 1.000000 0.572598
1.000000 0.572598 1.001372 0.572598
1.001372 0.572598 1.002058 0.573786
1.002058 0.573786 1.001372 0.574974
1.001372 0.574974 1.000000 0.574974
1.000000 0.574974 1.000686 0.576162
1.000686 0.576162 1.000000 0.577350
1.000000 0.577350 1.001372 0.577350
1.001372 0.577350 1.002058 0.578538
1.002058 0.578538 1.002743 0.577350
1.002743 0.577350 1.004115 0.577350
1.004115 0.577350 1.004801 0.578538
1.004801 0.578538 1.004115 0.579726
1.004115 0.579726 1.005487 0.579726
1.005487 0.579726 1.006173 0.580914
1.006173 0.580914 1.006859 0.579726
1.006859 0.579726 1.008230 0.579726
1.008230 0.579726 1.007545 0.578538
1.007545 0.578538 1.008230 0.577350
1.008230 0.577350 1.009602 0.577350
1.009602 0.577350 1.010288 0.578538
1.010288 0.578538 1.010974 0.577350
1.010974 0.577350 1.012346 0.577350
1.012346 0.577350 1.013032 0.578538
1.013032 0.578538 1.012346 0.579726
1.012346 0.579726 1.013717 0.579726
1.013717 0.579726 1.014403 0.580914
1.014403 0.580914 1.013717 0.582102
1.013717 0.582102 1.012346 0.582102
1.012346 0.582102 1.013032 0.583290
1.013032 0.583290 1.012346 0.584478
1.012346 0.584478 1.013717 0.584478
1.013717 0.584478 1.014403 0.585666
1.014403 0.585666 1.015089 0.584478
1.015089 0.584478 1.016461 0.584478
1.016461 0.584478 1.017147 0.585666
1.017147 0.585666 1.016461 0.586854
1.016461 0.586854 1.017833 0.586854
1.017833 0.586854 1.018519 0.588042
1.018519 0.588042 1.019204 0.586854
1.019204 0.586854 1.020576 0.586854
1.020576 0.586854 1.019890 0.585666
1.019890 0.585666 1.020576 0.584478
1.020576 0.584478 1.021948 0.584478
1.021948 0.584478 1.022634 0.585666
1.022634 0.585666 1.023320 0.584478
1.023320 0.584478 1.024691 0.584478
1.024691 0.584478 1.024005 0.583290
1.024005 0.583290 1.024691 0.582102
1.024691 0.582102 1.023320 0.582102
1.023320 0.582102 1.022634 0.580914
1.022634 0.580914 1.023320 0.579726
1.023320 0.579726 1.024691 0.579726
1.024691 0.579726 1.024005 0.578538
1.024005 0.578538 1.024691 0.577350
1.024691 0.577350 1.026063 0.577350
1.026063 0.577350 1.026749 0.578538
1.026749 0.578538 1.027435 0.577350
1.027435 0.577350 1.028807 0.577350
1.028807 0.577350 1.029492 0.578538
1.029492 0.578538 1.028807 0.579726
1.028807 0.579726 1.030178 0.579726
1.030178 0.579726 1.030864 0.580914
1.030864 0.580914 1.031550 0.579726
1.031550 0.579726 1.032922 0.579726
1.032922 0.579726 1.032236 0.578538
1.032236 0.578538 1.032922 0.577350
1.032922 0.577350 1.034294 0.577350
1.034294 0.577350 1.034979 0.578538
1.034979 0.578538 1.035665 0.577350
1.035665 0.577350 1.037037 0.577350
1.037037 0.577350 1.037723 0.578538
1.037723 0.578538 1.037037 0.579726
1.037037 0.579726 1.038409 0.579726
1.038409 0.579726 1.039095 0.580914
1.039095 0.580914 1.038409 0.582102
1.038409 0.582102 1.037037 0.582102
1.037037 0.582102 1.037723 0.583290
1.037723 0.583290 1.037037 0.584478
1.037037 0.584478 1.038409 0.584478
1.038409 0.584478 1.039095 0.585666
1.039095 0.585666 1.039781 0.584478
1.039781 0.584478 1.041152 0.584478
1.041152 0.584478 1.041838 0.585666
1.041838 0.585666 1.041152 0.586854
1.041152 0.586854 1.042524 0.586854
1.042524 0.586854 1.043210 0.588042
1.043210 0.588042 1.042524 0.589230
1.042524 0.589230 1.041152 0.589230
1.041152 0.589230 1.041838 0.590418
1.041838 0.590418 1.041152 0.591606
1.041152 0.591606 1.039781 0.591606
1.039781 0.591606 1.039095 0.590418
1.039095 0.590418 1.038409 0.591606
1.038409 0.591606 1.037037 0.591606
1.037037 0.591606 1.037723 0.592794
1.037723 0.592794 1.037037 0.593982
1.037037 0.593982 1.038409 0.593982
1.038409 0.593982 1.039095 0.595170
1.039095 0.595170 1.038409 0.596358
1.038409 0.596358 1.037037 0.596358
1.037037 0.596358 1.037723 0.597546
1.037723 0.597546 1.037037 0.598734
1.037037 0.598734 1.038409 0.598734
1.038409 0.598734 1.039095 0.599922
1.039095 0.599922 1.039781 0.598734
1.039781 0.598734 1.041152 0.598734
1.041152 0.598734 1.041838 0.599922
1.041838 0.599922 1.041152 0.601110
1.041152 0.601110 1.042524 0.601110
1.042524 0.601110 1.043210 0.602298
1.043210 0.602298 1.043896 0.601110
1.043896 0.601110 1.045267 0.601110
1.045267 0.601110 1.044582 0.599922
1.044582 0.599922 1.045267 0.598734
1.045267 0.598734 1.046639 0.598734
1.046639 0.598734 1.047325 0.599922
1.047325 0.599922 1.048011 0.598734
1.048011 0.598734 1.049383 0.598734
1.049383 0.598734 1.050069 0.599922
1.050069 0.599922 1.049383 0.601110
1.049383 0.601110 1.050754 0.601110
1.050754 0.601110 1.051440 0.602298
1.051440 0.602298 1.050754 0.603485
1.050754 0.603485 1.049383 0.603485
1.049383 0.603485 1.050069 0.604673
1.050069 0.604673 1.049383 0.605861
1.049383 0.605861 1.050754 0.605861
1.050754 0.605861 1.051440 0.607049
1.051440 0.607049 1.052126 0.605861
1.052126 0.605861 1.053498 0.605861
1.053498 0.605861 1.054184 0.607049
1.054184 0.607049 1.053498 0.608237
1.053498 0.608237 1.054870 0.608237
1.054870 0.608237 1.055556 0.609425
1.055556 0.609425 1.056241 0.608237
1.056241 0.608237 1.057613 0.608237
1.057613 0.608237 1.056927 0.607049
1.056927 0.607049 1.057613 0.605861
1.057613 0.605861 1.058985 0.605861
1.058985 0.605861 1.059671 0.607049
1.059671 0.607049 1.060357 0.605861
1.060357 0.605861 1.061728 0.605861
1.061728 0.605861 1.061043 0.604673
1.061043 0.604673 1.061728 0.603485
1.061728 0.603485 1.060357 0.603485
1.060357 0.603485 1.059671 0.602298
1.059671 0.602298 1.060357 0.601110
1.060357 0.601110 1.061728 0.601110
1.061728 0.601110 1.061043 0.599922
1.061043 0.599922 1.061728 0.598734
1.061728 0.598734 1.063100 0.598734
1.063100 0.598734 1.063786 0.599922
1.063786 0.599922 1.064472 0.598734
1.064472 0.598734 1.065844 0.598734
1.065844 0.598734 1.066529 0.599922
1.066529 0.599922 1.065844 0.601110
1.065844 0.601110 1.067215 0.601110
1.067215 0.601110 1.067901 0.602298
1.067901 0.602298 1.068587 0.601110
1.068587 0.601110 1.069959 0.601110
1.069959 0.601110 1.069273 0.599922
1.069273 0.599922 1.069959 0.598734
1.069959 0.598734 1.071331 0.598734
1.071331 0.598734 1.072016 0.599922
1.072016 0.599922 1.072702 0.598734
1.072702 0.598734 1.074074 0.598734
1.074074 0.598734 1.073388 0.597546
1.073388 0.597546 1.074074 0.596358
1.074074 0.596358 1.072702 0.596358
1.072702 0.596358 1.072016 0.595170
1.072016 0.595170 1.072702 0.593982
1.072702 0.593982 1.074074 0.593982
1.074074 0.593982 1.073388 0.592794
1.073388 0.592794 1.074074 0.591606
1.074074 0.591606 1.072702 0.591606
1.072702 0.591606 1.072016 0.590418
1.072016 0.590418 1.071331 0.591606
1.071331 0.591606 1.069959 0.591606
1.069959 0.591606 1.069273 0.590418
1.069273 0.590418 1.069959 0.589230
1.069959 0.589230 1.068587 0.589230
1.068587 0.589230 1.067901 0.588042
1.067901 0.588042 1.068587 0.586854
1.068587 0.586854 1.069959 0.586854
1.069959 0.586854 1.069273 0.585666
1.069273 0.585666 1.069959 0.584478
1.069959 0.584478 1.071331 0.584478
1.071331 0.584478 1.072016 0.585666
1.072016 0.585666 1.072702 0.584478
1.072702 0.584478 1.074074 0.584478
1.074074 0.584478 1.073388 0.583290
1.073388 0.583290 1.074074 0.582102
1.074074 0.582102 1.072702 0.582102
1.072702 0.582102 1.072016 0.580914
1.072016 0.580914 1.072702 0.579726
1.072702 0.579726 1.074074 0.579726
1.074074 0.579726 1.073388 0.578538
1.073388 0.578538 1.074074 0.577350
1.074074 0.577350 1.075446 0.577350
1.075446 0.577350 1.076132 0.578538
1.076132 0.578538 1.076818 0.577350
1.076818 0.577350 1.078189 0.577350
1.078189 0.577350 1.078875 0.578538
1.078875 0.578538 1.078189 0.579726
1.078189 0.579726 1.079561 0.579726
1.079561 0.579726 1.080247 0.580914
1.080247 0.580914 1.080933 0.579726
1.080933 0.579726 1.082305 0.579726
1.082305 0.579726 1.081619 0.578538
1.081619 0.578538 1.082305 0.577350
1.082305 0.577350 1.083676 0.577350
1.083676 0.577350 1.084362 0.578538
1.084362 0.578538 1.085048 0.577350
1.085048 0.577350 1.086420 0.577350
1.086420 0.577350 1.087106 0.578538
1.087106 0.578538 1.086420 0.579726
1.086420 0.579726 1.087791 0.579726
1.087791 0.579726 1.088477 0.580914
1.088477 0.580914 1.087791 0.582102
1.087791 0.582102 1.086420 0.582102
1.086420 0.582102 1.087106 0.583290
1.087106 0.583290 1.086420 0.584478
1.086420 0.584478 1.087791 0.584478
1.087791 0.584478 1.088477 0.585666
1.088477 0.585666 1.089163 0.584478
1.089163 0.584478 1.090535 0.584478
1.090535 0.584478 1.091221 0.585666
1.091221 0.585666 1.090535 0.586854
1.090535 0.586854 1.091907 0.586854
1.091907 0.586854 1.092593 0.588042
1.092593 0.588042 1.093278 0.586854
1.093278 0.586854 1.094650 0.586854
1.094650 0.586854 1.093964 0.585666
1.093964 0.585666 1.094650 0.584478
1.094650 0.584478 1.096022 0.584478
1.096022 0.584478 1.096708 0.585666
1.096708 0.585666 1.097394 0.584478
1.097394 0.584478 1.098765 0.584478
1.098765 0.584478 1.098080 0.583290
1.098080 0.583290 1.098765 0.582102
1.098765 0.582102 1.097394 0.582102
1.097394 0.582102 1.096708 0.580914
1.096708 0.580914 1.097394 0.579726
1.097394 0.579726 1.098765 0.579726
1.098765 0.579726 1.098080 0.578538
1.098080 0.578538 1.098765 0.577350
1.098765 0.577350 1.100137 0.577350
1.100137 0.577350 1.100823 0.578538
1.100823 0.578538 1.101509 0.577350
1.101509 0.577350 1.102881 0.577350
1.102881 0.577350 1.103567 0.578538
1.103567 0.578538 1.102881 0.579726
1.102881 0.579726 1.104252 0.579726
1.104252 0.579726 1.104938 0.580914
1.104938 0.580914 1.105624 0.579726
1.105624 0.579726 1.106996 0.579726
1.106996 0.579726 1.106310 0.578538
1.106310 0.578538 1.106996 0.577350
1.106996 0.577350 1.108368 0.577350
1.108368 0.577350 1.109053 0.578538
1.109053 0.578538 1.109739 0.577350
1.109739 0.577350 1.111111 0.577350
1.111111 0.577350 1.111797 0.578538
1.111797 0.578538 1.111111 0.579726
1.111111 0.579726 1.112483 0.579726
1.112483 0.579726 1.113169 0.580914
1.113169 0.580914 1.112483 0.582102
1.112483 0.582102 1.111111 0.582102
1.111111 0.582102 1.111797 0.583290
1.111797 0.583290 1.111111 0.584478
1.111111 0.584478 1.112483 0.584478
1.112483 0.584478 1.113169 0.585666
1.113169 0.585666 1.113855 0.584478
1.113855 0.584478 1.115226 0.584478
1.115226 0.584478 1.115912 0.585666
1.115912 0.585666 1.115226 0.586854
1.115226 0.586854 1.116598 0.586854
1.116598 0.586854 1.117284 0.588042
1.117284 0.588042 1.116598 0.589230
1.116598 0.589230 1.115226 0.589230
1.115226 0.589230 1.115912 0.590418
1.115912 0.590418 1.115226 0.591606
1.115226 0.591606 1.113855 0.591606
1.113855 0.591606 1.113169 0.590418
1.113169 0.590418 1.112483 0.591606
1.112483 0.591606 1.111111 0.591606
1.111111 0.591606 1.111797 0.592794
1.111797 0.592794 1.111111 0.593982
1.111111 0.593982 1.112483 0.593982
1.112483 0.593982 1.113169 0.595170
1.113169 0.595170 1.112483 0.596358
1.112483 0.596358 1.111111 0.596358
1.111111 0.596358 1.111797 0.597546
1.111797 0.597546 1.111111 0.598734
1.111111 0.598734 1.112483 0.598734
1.112483 0.598734 1.113169 0.599922
1.113169 0.599922 1.113855 0.598734
1.113855 0.598734 1.115226 0.598734
1.115226 0.598734 1.115912 0.599922
1.115912 0.599922 1.115226 0.601110
1.115226 0.601110 1.116598 0.601110
1.116598 0.601110 1.117284 0.602298
1.117284 0.602298 1.117970 0.601110
1.117970 0.601110 1.119342 0.601110
1.119342 0.601110 1.118656 0.599922
1.118656 0.599922 1.119342 0.598734
1.119342 0.598734 1.120713 0.598734
1.120713 0.598734 1.121399 0.599922
1.121399 0.599922 1.122085 0.598734
1.122085 0.598734 1.123457 0.598734
1.123457 0.598734 1.124143 0.599922
1.124143 0.599922 1.123457 0.601110
1.123457 0.601110 1.124829 0.601110
1.124829 0.601110 1.125514 0.602298
1.125514 0.602298 1.124829 0.603485
1.124829 0.603485 1.123457 0.603485
1.123457 0.603485 1.124143 0.604673
1.124143 0.604673 1.123457 0.605861
1.123457 0.605861 1.124829 0.605861
1.124829 0.605861 1.125514 0.607049
1.125514 0.607049 1.126200 0.605861
1.126200 0.605861 1.127572 0.605861
1.127572 0.605861 1.128258 0.607049
1.128258 0.607049 1.127572 0.608237
1.127572 0.608237 1.128944 0.608237
1.128944 0.608237 1.129630 0.609425
1.129630 0.609425 1.128944 0.610613
1.128944 0.610613 1.127572 0.610613
1.127572 0.610613 1.128258 0.611801
1.128258 0.611801 1.127572 0.612989
1.127572 0.612989 1.126200 0.612989
1.126200 0.612989 1.125514 0.611801
1.125514 0.611801 1.124829 0.612989
1.124829 0.612989 1.123457 0.612989
1.123457 0.612989 1.124143 0.614177
1.124143 0.614177 1.123457 0.615365
1.123457 0.615365 1.124829 0.615365
1.124829 0.615365 1.125514 0.616553
1.125514 0.616553 1.124829 0.617741
1.124829 0.617741 1.123457 0.617741
1.123457 0.617741 1.124143 0.618929
1.124143 0.618929 1.123457 0.620117
1.123457 0.620117 1.122085 0.620117
1.122085 0.620117 1.121399 0.618929
1.121399 0.618929 1.120713 0.620117
1.120713 0.620117 1.119342 0.620117
1.119342 0.620117 1.118656 0.618929
1.118656 0.618929 1.119342 0.617741
1.119342 0.617741 1.117970 0.617741
1.117970 0.617741 1.117284 0.616553
1.117284 0.616553 1.116598 0.617741
1.116598 0.617741 1.115226 0.617741
1.115226 0.617741 1.115912 0.618929
1.115912 0.618929 1.115226 0.620117
1.115226 0.620117 1.113855 0.620117
1.113855 0.620117 1.113169 0.618929
1.113169 0.618929 1.112483 0.620117
1.112483 0.620117 1.111111 0.620117
1.111111 0.620117 1.111797 0.621305
1.111797 0.621305 1.111111 0.622493
1.111111 0.622493 1.112483 0.622493
1.112483 0.622493 1.113169 0.623681
1.113169 0.623681 1.112483 0.624869
1.112483 0.624869 1.111111 0.624869
1.111111 0.624869 1.111797 0.626057
1.111797 0.626057 1.111111 0.627245
1.111111 0.627245 1.112483 0.627245
1.112483 0.627245 1.113169 0.628433
1.113169 0.628433 1.113855 0.627245
1.113855 0.627245 1.115226 0.627245
1.115226 0.627245 1.115912 0.628433
1.115912 0.628433 1.115226 0.629621
1.115226 0.629621 1.116598 0.629621
1.116598 0.629621 1.117284 0.630809
1.117284 0.630809 1.116598 0.631997
1.116598 0.631997 1.115226 0.631997
1.115226 0.631997 1.115912 0.633185
1.115912 0.633185 1.115226 0.634373
1.115226 0.634373 1.113855 0.634373
1.113855 0.634373 1.113169 0.633185
1.113169 0.633185 1.112483 0.634373
1.112483 0.634373 1.111111 0.634373
1.111111 0.634373 1.111797 0.635560
1.111797 0.635560 1.111111 0.636748
1.111111 0.636748 1.112483 0.636748
1.112483 0.636748 1.113169 0.637936
1.113169 0.637936 1.112483 0.639124
1.112483 0.639124 1.111111 0.639124
1.111111 0.639124 1.111797 0.640312
1.111797 0.640312 1.111111 0.641500
1.111111 0.641500 1.112483 0.641500
1.112483 0.641500 1.113169 0.642688
1.113169 0.642688 1.113855 0.641500
1.113855 0.641500 1.115226 0.641500
1.115226 0.641500 1.115912 0.642688
1.115912 0.642688 1.115226 0.643876
1.115226 0.643876 1.116598 0.643876
1.116598 0.643876 1.117284 0.645064
1.117284 0.645064 1.117970 0.643876
1.117970 0.643876 1.119342 0.643876
1.119342 0.643876 1.118656 0.642688
1.118656 0.642688 1.119342 0.641500
1.119342 0.641500 1.120713 0.641500
1.120713 0.641500 1.121399 0.642688
1.121399 0.642688 1.122085 0.641500
1.122085 0.641500 1.123457 0.641500
1.123457 0.641500 1.124143 0.642688
1.124143 0.642688 1.123457 0.643876
1.123457 0.643876 1.124829 0.643876
1.124829 0.643876 1.125514 0.645064
1.125514 0.645064 1.124829 0.646252
1.124829 0.646252 1.123457 0.646252
1.123457 0.646252 1.124143 0.647440
1.124143 0.647440 1.123457 0.648628
1.123457 0.648628 1.124829 0.648628
1.124829 0.648628 1.125514 0.649816
1.125514 0.649816 1.126200 0.648628
1.126200 0.648628 1.127572 0.648628
1.127572 0.648628 1.128258 0.649816
1.128258 0.649816 1.127572 0.651004
1.127572 0.651004 1.128944 0.651004
1.128944 0.651004 1.129630 0.652192
1.129630 0.652192 1.130316 0.651004
1.130316 0.651004 1.131687 0.651004
1.131687 0.651004 1.131001 0.649816
1.131001 0.649816 1.131687 0.648628
1.131687 0.648628 1.133059 0.648628
1.133059 0.648628 1.133745 0.649816
1.133745 0.649816 1.134431 0.648628
1.134431 0.648628 1.135802 0.648628
1.135802 0.648628 1.135117 0.647440
1.135117 0.647440 1.135802 0.646252
1.135802 0.646252 1.134431 0.646252
1.134431 0.646252 1.133745 0.645064
1.133745 0.645064 1.134431 0.643876
1.134431 0.643876 1.135802 0.643876
1.135802 0.643876 1.135117 0.642688
1.135117 0.642688 1.135802 0.641500
1.135802 0.641500 1.137174 0.641500
1.137174 0.641500 1.137860 0.642688
1.137860 0.642688 1.138546 0.641500
1.138546 0.641500 1.139918 0.641500
1.139918 0.641500 1.140604 0.642688
1.140604 0.642688 1.139918 0.643876
1.139918 0.643876 1.141289 0.643876
1.141289 0.643876 1.141975 0.645064
1.141975 0.645064 1.142661 0.643876
1.142661 0.643876 1.144033 0.643876
1.144033 0.643876 1.143347 0.642688
1.143347 0.642688 1.144033 0.641500
1.144033 0.641500 1.145405 0.641500
1.145405 0.641500 1.146091 0.642688
1.146091 0.642688 1.146776 0.641500
1.146776 0.641500 1.148148 0.641500
1.148148 0.641500 1.148834 0.642688
1.148834 0.642688 1.148148 0.643876
1.148148 0.643876 1.149520 0.643876
1.149520 0.643876 1.150206 0.645064
1.150206 0.645064 1.149520 0.646252
1.149520 0.646252 1.148148 0.646252
1.148148 0.646252 1.148834 0.647440
1.148834 0.647440 1.148148 0.648628
1.148148 0.648628 1.149520 0.648628
1.149520 0.648628 1.150206 0.649816
1.150206 0.649816 1.150892 0.648628
1.150892 0.648628 1.152263 0.648628
1.152263 0.648628 1.152949 0.649816
1.152949 0.649816 1.152263 0.651004
1.152263 0.651004 1.153635 0.651004
1.153635 0.651004 1.154321 0.652192
1.154321 0.652192 1.153635 0.653380
1.153635 0.653380 1.152263 0.653380
1.152263 0.653380 1.152949 0.654568
1.152949 0.654568 1.152263 0.655756
1.152263 0.655756 1.150892 0.655756
1.150892 0.655756 1.150206 0.654568
1.150206 0.654568 1.149520 0.655756
1.149520 0.655756 1.148148 0.655756
1.148148 0.655756 1.148834 0.656944
1.148834 0.656944 1.148148 0.658132
1.148148 0.658132 1.149520 0.658132
1.149520 0.658132 1.150206 0.659320
1.150206 0.659320 1.149520 0.660508
1.149520 0.660508 1.148148 0.660508
1.148148 0.660508 1.148834 0.661696
1.148834 0.661696 1.148148 0.662884
1.148148 0.662884 1.149520 0.662884
1.149520 0.662884 1.150206 0.664072
1.150206 0.664072 1.150892 0.662884
1.150892 0.662884 1.152263 0.662884
1.152263 0.662884 1.152949 0.664072
1.152949 0.664072 1.152263 0.665260
1.152263 0.665260 1.153635 0.665260
1.153635 0.665260 1.154321 0.666448
1.154321 0.666448 1.155007 0.665260
1.155007 0.665260 1.156379 0.665260
1.156379 0.665260 1.155693 0.664072
1.155693 0.664072 1.156379 0.662884
1.156379 0.662884 1.157750 0.662884
1.157750 0.662884 1.158436 0.664072
1.158436 0.664072 1.159122 0.662884
1.159122 0.662884 1.160494 0.662884
1.160494 0.662884 1.161180 0.664072
1.161180 0.664072 1.160494 0.665260
1.160494 0.665260 1.161866 0.665260
1.161866 0.665260 1.162551 0.666448
1.162551 0.666448 1.161866 0.667635
1.161866 0.667635 1.160494 0.667635
1.160494 0.667635 1.161180 0.668823
1.161180 0.668823 1.160494 0.670011
1.160494 0.670011 1.161866 0.670011
1.161866 0.670011 1.162551 0.671199
1.162551 0.671199 1.163237 0.670011
1.163237 0.670011 1.164609 0.670011
1.164609 0.670011 1.165295 0.671199
1.165295 0.671199 1.164609 0.672387
1.164609 0.672387 1.165981 0.672387
1.165981 0.672387 1.166667 0.673575
1.166667 0.673575 1.167353 0.672387
1.167353 0.672387 1.168724 0.672387
1.168724 0.672387 1.168038 0.671199
1.168038 0.671199 1.168724 0.670011
1.168724 0.670011 1.170096 0.670011
1.170096 0.670011 1.170782 0.671199
1.170782 0.671199 1.171468 0.670011
1.171468 0.670011 1.172840 0.670011
1.172840 0.670011 1.172154 0.668823
1.172154 0.668823 1.172840 0.667635
1.172840 0.667635 1.171468 0.667635
1.171468 0.667635 1.170782 0.666448
1.170782 0.666448 1.171468 0.665260
1.171468 0.665260 1.172840 0.665260
1.172840 0.665260 1.172154 0.664072
1.172154 0.664072 1.172840 0.662884
1.172840 0.662884 1.174211 0.662884
1.174211 0.662884 1.174897 0.664072
1.174897 0.664072 1.175583 0.662884
1.175583 0.662884 1.176955 0.662884
1.176955 0.662884 1.177641 0.664072
1.177641 0.664072 1.176955 0.665260
1.176955 0.665260 1.178326 0.665260
1.178326 0.665260 1.179012 0.666448
1.179012 0.666448 1.179698 0.665260
1.179698 0.665260 1.181070 0.665260
1.181070 0.665260 1.180384 0.664072
1.180384 0.664072 1.181070 0.662884
1.181070 0.662884 1.182442 0.662884
1.182442 0.662884 1.183128 0.664072
1.183128 0.664072 1.183813 0.662884
1.183813 0.662884 1.185185 0.662884
1.185185 0.662884 1.184499 0.661696
1.184499 0.661696 1.185185 0.660508
1.185185 0.660508 1.183813 0.660508
1.183813 0.660508 1.183128 0.659320
1.183128 0.659320 1.183813 0.658132
1.183813 0.658132 1.185185 0.658132
1.185185 0.658132 1.184499 0.656944
1.184499 0.656944 1.185185 0.655756
1.185185 0.655756 1.183813 0.655756
1.183813 0.655756 1.183128 0.654568
1.183128 0.654568 1.182442 0.655756
1.182442 0.655756 1.181070 0.655756
1.181070 0.655756 1.180384 0.654568
1.180384 0.654568 1.181070 0.653380
1.181070 0.653380 1.179698 0.653380
1.179698 0.653380 1.179012 0.652192
1.179012 0.652192 1.179698 0.651004
1.179698 0.651004 1.181070 0.651004
1.181070 0.651004 1.180384 0.649816
1.180384 0.649816 1.181070 0.648628
1.181070 0.648628 1.182442 0.648628
1.182442 0.648628 1.183128 0.649816
1.183128 0.649816 1.183813 0.648628
1.183813 0.648628 1.185185 0.648628
1.185185 0.648628 1.184499 0.647440
1.184499 0.647440 1.185185 0.646252
1.185185 0.646252 1.183813 0.646252
1.183813 0.646252 1.183128 0.645064
1.183128 0.645064 1.183813 0.643876
1.183813 0.643876 1.185185 0.643876
1.185185 0.643876 1.184499 0.642688
1.184499 0.642688 1.185185 0.641500
1.185185 0.641500 1.186557 0.641500
1.186557 0.641500 1.187243 0.642688
1.187243 0.642688 1.187929 0.641500
1.187929 0.641500 1.189300 0.641500
1.189300 0.641500 1.189986 0.642688
1.189986 0.642688 1.189300 0.643876
1.189300 0.643876 1.190672 0.643876
1.190672 0.643876 1.191358 0.645064
1.191358 0.645064 1.192044 0.643876
1.192044 0.643876 1.193416 0.643876
1.193416 0.643876 1.192730 0.642688
1.192730 0.642688 1.193416 0.641500
1.193416 0.641500 1.194787 0.641500
1.194787 0.641500 1.195473 0.642688
1.195473 0.642688 1.196159 0.641500
1.196159 0.641500 1.197531 0.641500
1.197531 0.641500 1.198217 0.642688
1.198217 0.642688 1.197531 0.643876
1.197531 0.643876 1.198903 0.643876
1.198903 0.643876 1.199588 0.645064
1.199588 0.645064 1.198903 0.646252
1.198903 0.646252 1.197531 0.646252
1.197531 0.646252 1.198217 0.647440
1.198217 0.647440 1.197531 0.648628
1.197531 0.648628 1.198903 0.648628
1.198903 0.648628 1.199588 0.649816
1.199588 0.649816 1.200274 0.648628
1.200274 0.648628 1.201646 0.648628
1.201646 0.648628 1.202332 0.649816
1.202332 0.649816 1.201646 0.651004
1.201646 0.651004 1.203018 0.651004
1.203018 0.651004 1.203704 0.652192
1.203704 0.652192 1.204390 0.651004
1.204390 0.651004 1.205761 0.651004
1.205761 0.651004 1.205075 0.649816
1.205075 0.649816 1.205761 0.648628
1.205761 0.648628 1.207133 0.648628
1.207133 0.648628 1.207819 0.649816
1.207819 0.649816 1.208505 0.648628
1.208505 0.648628 1.209877 0.648628
1.209877 0.648628 1.209191 0.647440
1.209191 0.647440 1.209877 0.646252
1.209877 0.646252 1.208505 0.646252
1.208505 0.646252 1.207819 0.645064
1.207819 0.645064 1.208505 0.643876
1.208505 0.643876 1.209877 0.643876
1.209877 0.643876 1.209191 0.642688
1.209191 0.642688 1.209877 0.641500
1.209877 0.641500 1.211248 0.641500
1.211248 0.641500 1.211934 0.642688
1.211934 0.642688 1.212620 0.641500
1.212620 0.641500 1.213992 0.641500
1.213992 0.641500 1.214678 0.642688
1.214678 0.642688 1.213992 0.643876
1.213992 0.643876 1.215364 0.643876
1.215364 0.643876 1.216049 0.645064
1.216049 0.645064 1.216735 0.643876
1.216735 0.643876 1.218107 0.643876
1.218107 0.643876 1.217421 0.642688
1.217421 0.642688 1.218107 0.641500
1.218107 0.641500 1.219479 0.641500
1.219479 0.641500 1.220165 0.642688
1.220165 0.642688 1.220850 0.641500
1.220850 0.641500 1.222222 0.641500
1.222222 0.641500 1.221536 0.640312
1.221536 0.640312 1.222222 0.639124
1.222222 0.639124 1.220850 0.639124
1.220850 0.639124 1.220165 0.637936
1.220165 0.637936 1.220850 0.636748
1.220850 0.636748 1.222222 0.636748
1.222222 0.636748 1.221536 0.635560
1.221536 0.635560 1.222222 0.634373
1.222222 0.634373 1.220850 0.634373
1.220850 0.634373 1.220165 0.633185
1.220165 0.633185 1.219479 0.634373
1.219479 0.634373 1.218107 0.634373
1.218107 0.634373 1.217421 0.633185
1.217421 0.633185 1.218107 0.631997
1.218107 0.631997 1.216735 0.631997
1.216735 0.631997 1.216049 0.630809
1.216049 0.630809 1.216735 0.629621
1.216735 0.629621 1.218107 0.629621
1.218107 0.629621 1.217421 0.628433
1.217421 0.628433 1.218107 0.627245
1.218107 0.627245 1.219479 0.627245
1.219479 0.627245 1.220165 0.628433
1.220165 0.628433 1.220850 0.627245
1.220850 0.627245 1.222222 0.627245
1.222222 0.627245 1.221536 0.626057
1.221536 0.626057 1.222222 0.624869
1.222222 0.624869 1.220850 0.624869
1.220850 0.624869 1.220165 0.623681
1.220165 0.623681 1.220850 0.622493
1.220850 0.622493 1.222222 0.622493
1.222222 0.622493 1.221536 0.621305
1.221536 0.621305 1.222222 0.620117
1.222222 0.620117 1.220850 0.620117
1.220850 0.620117 1.220165 0.618929
1.220165 0.618929 1.219479 0.620117
1.219479 0.620117 1.218107 0.620117
1.218107 0.620117 1.217421 0.618929
1.217421 0.618929 1.218107 0.617741
1.218107 0.617741 1.216735 0.617741
1.216735 0.617741 1.216049 0.616553
1.216049 0.616553 1.215364 0.617741
1.215364 0.617741 1.213992 0.617741
1.213992 0.617741 1.214678 0.618929
1.214678 0.618929 1.213992 0.620117
1.213992 0.620117 1.212620 0.620117
1.212620 0.620117 1.211934 0.618929
1.211934 0.618929 1.211248 0.620117
1.211248 0.620117 1.209877 0.620117
1.209877 0.620117 1.209191 0.618929
1.209191 0.618929 1.209877 0.617741
1.209877 0.617741 1.208505 0.617741
1.208505 0.617741 1.207819 0.616553
1.207819 0.616553 1.208505 0.615365
1.208505 0.615365 1.209877 0.615365
1.209877 0.615365 1.209191 0.614177
1.209191 0.614177 1.209877 0.612989
1.209877 0.612989 1.208505 0.612989
1.208505 0.612989 1.207819 0.611801
1.207819 0.611801 1.207133 0.612989
1.207133 0.612989 1.205761 0.612989
1.205761 0.612989 1.205075 0.611801
1.205075 0.611801 1.205761 0.610613
1.205761 0.610613 1.204390 0.610613
1.204390 0.610613 1.203704 0.609425
1.203704 0.609425 1.204390 0.608237
1.204390 0.608237 1.205761 0.608237
1.205761 0.608237 1.205075 0.607049
1.205075 0.607049 1.205761 0.605861
1.205761 0.605861 1.207133 0.605861
1.207133 0.605861 1.207819 0.607049
1.207819 0.607049 1.208505 0.605861
1.208505 0.605861 1.209877 0.605861
1.209877 0.605861 1.209191 0.604673
1.209191 0.604673 1.209877 0.603485
1.209877 0.603485 1.208505 0.603485
1.208505 0.603485 1.207819 0.602298
1.207819 0.602298 1.208505 0.601110
1.208505 0.601110 1.209877 0.601110
1.209877 0.601110 1.209191 0.599922
1.209191 0.599922 1.209877 0.598734
1.209877 0.598734 1.211248 0.598734
1.211248 0.598734 1.211934 0.599922
1.211934 0.599922 1.212620 0.598734
1.212620 0.598734 1.213992 0.598734
1.213992 0.598734 1.214678 0.599922
1.214678 0.599922 1.213992 0.601110
1.213992 0.601110 1.215364 0.601110
1.215364 0.601110 1.216049 0.602298
1.216049 0.602298 1.216735 0.601110
1.216735 0.601110 1.218107 0.601110
1.218107 0.601110 1.217421 0.599922
1.217421 0.599922 1.218107 0.598734
1.218107 0.598734 1.219479 0.598734
1.219479 0.598734 1.220165 0.599922
1.220165 0.599922 1.220850 0.598734
1.220850 0.598734 1.222222 0.598734
1.222222 0.598734 1.221536 0.597546
1.221536 0.597546 1.222222 0.596358
1.222222 0.596358 1.220850 0.596358
1.220850 0.596358 1.220165 0.595170
1.220165 0.595170 1.220850 0.593982
1.220850 0.593982 1.222222 0.593982
1.222222 0.593982 1.221536 0.592794
1.221536 0.592794 1.222222 0.591606
1.222222 0.591606 1.220850 0.591606
1.220850 0.591606 1.220165 0.590418
1.220165 0.590418 1.219479 0.591606
1.219479 0.591606 1.218107 0.591606
1.218107 0.591606 1.217421 0.590418
1.217421 0.590418 1.218107 0.589230
1.218107 0.589230 1.216735 0.589230
1.216735 0.589230 1.216049 0.588042
1.216049 0.588042 1.216735 0.586854
1.216735 0.586854 1.218107 0.586854
1.218107 0.586854 1.217421 0.585666
1.217421 0.585666 1.218107 0.584478
1.218107 0.584478 1.219479 0.584478
1.219479 0.584478 1.220165 0.585666
1.220165 0.585666 1.220850 0.584478
1.220850 0.584478 1.222222 0.584478
1.222222 0.584478 1.221536 0.583290
1.221536 0.583290 1.222222 0.582102
1.222222 0.582102 1.220850 0.582102
1.220850 0.582102 1.220165 0.580914
1.220165 0.580914 1.220850 0.579726
1.220850 0.579726 1.222222 0.579726
1.222222 0.579726 1.221536 0.578538
1.221536 0.578538 1.222222 0.577350
1.222222 0.577350 1.223594 0.577350
1.223594 0.577350 1.224280 0.578538
1.224280 0.578538 1.224966 0.577350
1.224966 0.577350 1.226337 0.577350
1.226337 0.577350 1.227023 0.578538
1.227023 0.578538 1.226337 0.579726
1.226337 0.579726 1.227709 0.579726
1.227709 0.579726 1.228395 0.580914
1.228395 0.580914 1.229081 0.579726
1.229081 0.579726 1.230453 0.579726
1.230453 0.579726 1.229767 0.578538
1.229767 0.578538 1.230453 0.577350
1.230453 0.577350 1.231824 0.577350
1.231824 0.577350 1.232510 0.578538
1.232510 0.578538 1.233196 0.577350
1.233196 0.577350 1.234568 0.577350
1.234568 0.577350 1.235254 0.578538
1.235254 0.578538 1.234568 0.579726
1.234568 0.579726 1.235940 0.579726
1.235940 0.579726 1.236626 0.580914
1.236626 0.580914 1.235940 0.582102
1.235940 0.582102 1.234568 0.582102
1.234568 0.582102 1.235254 0.583290
1.235254 0.583290 1.234568 0.584478
1.234568 0.584478 1.235940 0.584478
1.235940 0.584478 1.236626 0.585666
1.236626 0.585666 1.237311 0.584478
1.237311 0.584478 1.238683 0.584478
1.238683 0.584478 1.239369 0.585666
1.239369 0.585666 1.238683 0.586854
1.238683 0.586854 1.240055 0.586854
1.240055 0.586854 1.240741 0.588042
1.240741 0.588042 1.241427 0.586854
1.241427 0.586854 1.242798 0.586854
1.242798 0.586854 1.242112 0.585666
1.242112 0.585666 1.242798 0.584478
1.242798 0.584478 1.244170 0.584478
1.244170 0.584478 1.244856 0.585666
1.244856 0.585666 1.245542 0.584478
1.245542 0.584478 1.246914 0.584478
1.246914 0.584478 1.246228 0.583290
1.246228 0.583290 1.246914 0.582102
1.246914 0.582102 1.245542 0.582102
1.245542 0.582102 1.244856 0.580914
1.244856 0.580914 1.245542 0.579726
1.245542 0.579726 1.246914 0.579726
1.246914 0.579726 1.246228 0.578538
1.246228 0.578538 1.246914 0.577350
1.246914 0.577350 1.248285 0.577350
1.248285 0.577350 1.248971 0.578538
1.248971 0.578538 1.249657 0.577350
1.249657 0.577350 1.251029 0.577350
1.251029 0.577350 1.251715 0.578538
1.251715 0.578538 1.251029 0.579726
1.251029 0.579726 1.252401 0.579726
1.252401 0.579726 1.253086 0.580914
1.253086 0.580914 1.253772 0.579726
1.253772 0.579726 1.255144 0.579726
1.255144 0.579726 1.254458 0.578538
1.254458 0.578538 1.255144 0.577350
1.255144 0.577350 1.256516 0.577350
1.256516 0.577350 1.257202 0.578538
1.257202 0.578538 1.257888 0.577350
1.257888 0.577350 1.259259 0.577350
1.259259 0.577350 1.259945 0.578538
1.259945 0.578538 1.259259 0.579726
1.259259 0.579726 1.260631 0.579726
1.260631 0.579726 1.261317 0.580914
1.261317 0.580914 1.260631 0.582102
1.260631 0.582102 1.259259 0.582102
1.259259 0.582102 1.259945 0.583290
1.259945 0.583290 1.259259 0.584478
1.259259 0.584478 1.260631 0.584478
1.260631 0.584478 1.261317 0.585666
1.261317 0.585666 1.262003 0.584478
1.262003 0.584478 1.263374 0.584478
1.263374 0.584478 1.264060 0.585666
1.264060 0.585666 1.263374 0.586854
1.263374 0.586854 1.264746 0.586854
1.264746 0.586854 1.265432 0.588042
1.265432 0.588042 1.264746 0.589230
1.264746 0.589230 1.263374 0.589230
1.263374 0.589230 1.264060 0.590418
1.264060 0.590418 1.263374 0.591606
1.263374 0.591606 1.262003 0.591606
1.262003 0.591606 1.261317 0.590418
1.261317 0.590418 1.260631 0.591606
1.260631 0.591606 1.259259 0.591606
1.259259 0.591606 1.259945 0.592794
1.259945 0.592794 1.259259 0.593982
1.259259 0.593982 1.260631 0.593982
1.260631 0.593982 1.261317 0.595170
1.261317 0.595170 1.260631 0.596358
1.260631 0.596358 1.259259 0.596358
1.259259 0.596358 1.259945 0.597546
1.259945 0.597546 1.259259 0.598734
1.259259 0.598734 1.260631 0.598734
1.260631 0.598734 1.261317 0.599922
1.261317 0.599922 1.262003 0.598734
1.262003 0.598734 1.263374 0.598734
1.263374 0.598734 1.264060 0.599922
1.264060 0.599922 1.263374 0.601110
1.263374 0.601110 1.264746 0.601110
1.264746 0.601110 1.265432 0.602298
1.265432 0.602298 1.266118 0.601110
1.266118 0.601110 1.267490 0.601110
1.267490 0.601110 1.266804 0.599922
1.266804 0.599922 1.267490 0.598734
1.267490 0.598734 1.268861 0.598734
1.268861 0.598734 1.269547 0.599922
1.269547 0.599922 1.270233 0.598734
1.270233 0.598734 1.271605 0.598734
1.271605 0.598734 1.272291 0.599922
1.272291 0.599922 1.271605 0.601110
1.271605 0.601110 1.272977 0.601110
1.272977 0.601110 1.273663 0.602298
1.273663 0.602298 1.272977 0.603485
1.272977 0.603485 1.271605 0.603485
1.271605 0.603485 1.272291 0.604673
1.272291 0.604673 1.271605 0.605861
1.271605 0.605861 1.272977 0.605861
1.272977 0.605861 1.273663 0.607049
1.273663 0.607049 1.274348 0.605861
1.274348 0.605861 1.275720 0.605861
1.275720 0.605861 1.276406 0.607049
1.276406 0.607049 1.275720 0.608237
1.275720 0.608237 1.277092 0.608237
1.277092 0.608237 1.277778 0.609425
1.277778 0.609425 1.278464 0.608237
1.278464 0.608237 1.279835 0.608237
1.279835 0.608237 1.279150 0.607049
1.279150 0.607049 1.279835 0.605861
1.279835 0.605861 1.281207 0.605861
1.281207 0.605861 1.281893 0.607049
1.281893 0.607049 1.282579 0.605861
1.282579 0.605861 1.283951 0.605861
1.283951 0.605861 1.283265 0.604673
1.283265 0.604673 1.283951 0.603485
1.283951 0.603485 1.282579 0.603485
1.282579 0.603485 1.281893 0.602298
1.281893 0.602298 1.282579 0.601110
1.282579 0.601110 1.283951 0.601110
1.283951 0.601110 1.283265 0.599922
1.283265 0.599922 1.283951 0.598734
1.283951 0.598734 1.285322 0.598734
1.285322 0.598734 1.286008 0.599922
1.286008 0.599922 1.286694 0.598734
1.286694 0.598734 1.288066 0.598734
1.288066 0.598734 1.288752 0.599922
1.288752 0.599922 1.288066 0.601110
1.288066 0.601110 1.289438 0.601110
1.289438 0.601110 1.290123 0.602298
1.290123 0.602298 1.290809 0.601110
1.290809 0.601110 1.292181 0.601110
1.292181 0.601110 1.291495 0.599922
1.291495 0.599922 1.292181 0.598734
1.292181 0.598734 1.293553 0.598734
1.293553 0.598734 1.294239 0.599922
1.294239 0.599922 1.294925 0.598734
1.294925 0.598734 1.296296 0.598734
1.296296 0.598734 1.295610 0.597546
1.295610 0.597546 1.296296 0.596358
1.296296 0.596358 1.294925 0.596358
1.294925 0.596358 1.294239 0.595170
1.294239 0.595170 1.294925 0.593982
1.294925 0.593982 1.296296 0.593982
1.296296 0.593982 1.295610 0.592794
1.295610 0.592794 1.296296 0.591606
1.296296 0.591606 1.294925 0.591606
1.294925 0.591606 1.294239 0.590418
1.294239 0.590418 1.293553 0.591606
1.293553 0.591606 1.292181 0.591606
1.292181 0.591606 1.291495 0.590418
1.291495 0.590418 1.292181 0.589230
1.292181 0.589230 1.290809 0.589230
1.290809 0.589230 1.290123 0.588042
1.290123 0.588042 1.290809 0.586854
1.290809 0.586854 1.292181 0.586854
1.292181 0.586854 1.291495 0.585666
1.291495 0.585666 1.292181 0.584478
1.292181 0.584478 1.293553 0.584478
1.293553 0.584478 1.294239 0.585666
1.294239 0.585666 1.294925 0.584478
1.294925 0.584478 1.296296 0.584478
1.296296 0.584478 1.295610 0.583290
1.295610 0.583290 1.296296 0.582102
1.296296 0.582102 1.294925 0.582102
1.294925 0.582102 1.294239 0.580914
1.294239 0.580914 1.294925 0.579726
1.294925 0.579726 1.296296 0.579726
1.296296 0.579726 1.295610 0.578538
1.295610 0.578538 1.296296 0.577350
1.296296 0.577350 1.297668 0.577350
1.297668 0.577350 1.298354 0.578538
1.298354 0.578538 1.299040 0.577350
1.299040 0.577350 1.300412 0.577350
1.300412 0.577350 1.301097 0.578538
1.301097 0.578538 1.300412 0.579726
1.300412 0.579726 1.301783 0.579726
1.301783 0.579726 1.302469 0.580914
1.302469 0.580914 1.303155 0.579726
1.303155 0.579726 1.304527 0.579726
1.304527 0.579726 1.303841 0.578538
1.303841 0.578538 1.304527 0.577350
1.304527 0.577350 1.305898 0.577350
1.305898 0.577350 1.306584 0.578538
1.306584 0.578538 1.307270 0.577350
1.307270 0.577350 1.308642 0.577350
1.308642 0.577350 1.309328 0.578538
1.309328 0.578538 1.308642 0.579726
1.308642 0.579726 1.310014 0.579726
1.310014 0.579726 1.310700 0.580914
1.310700 0.580914 1.310014 0.582102
1.310014 0.582102 1.308642 0.582102
1.308642 0.582102 1.309328 0.583290
1.309328 0.583290 1.308642 0.584478
1.308642 0.584478 1.310014 0.584478
1.310014 0.584478 1.310700 0.585666
1.310700 0.585666 1.311385 0.584478
1.311385 0.584478 1.312757 0.584478
1.312757 0.584478 1.313443 0.585666
1.313443 0.585666 1.312757 0.586854
1.312757 0.586854 1.314129 0.586854
1.314129 0.586854 1.314815 0.588042
1.314815 0.588042 1.315501 0.586854
1.315501 0.586854 1.316872 0.586854
1.316872 0.586854 1.316187 0.585666
1.316187 0.585666 1.316872 0.584478
1.316872 0.584478 1.318244 0.584478
1.318244 0.584478 1.318930 0.585666
1.318930 0.585666 1.319616 0.584478
1.319616 0.584478 1.320988 0.584478
1.320988 0.584478 1.320302 0.583290
1.320302 0.583290 1.320988 0.582102
1.320988 0.582102 1.319616 0.582102
1.319616 0.582102 1.318930 0.580914
1.318930 0.580914 1.319616 0.579726
1.319616 0.579726 1.320988 0.579726
1.320988 0.579726 1.320302 0.578538
1.320302 0.578538 1.320988 0.577350
1.320988 0.577350 1.322359 0.577350
1.322359 0.577350 1.323045 0.578538
1.323045 0.578538 1.323731 0.577350
1.323731 0.577350 1.325103 0.577350
1.325103 0.577350 1.325789 0.578538
1.325789 0.578538 1.325103 0.579726
1.325103 0.579726 1.326475 0.579726
1.326475 0.579726 1.327160 0.580914
1.327160 0.580914 1.327846 0.579726
1.327846 0.579726 1.329218 0.579726
1.329218 0.579726 1.328532 0.578538
1.328532 0.578538 1.329218 0.577350
1.329218 0.577350 1.330590 0.577350
1.330590 0.577350 1.331276 0.578538
1.331276 0.578538 1.331962 0.577350
1.331962 0.577350 1.333333 0.577350
1.333333 0.577350 1.334019 0.578538
1.334019 0.578538 1.333333 0.579726
1.333333 0.579726 1.334705 0.579726
1.334705 0.579726 1.335391 0.580914
1.335391 0.580914 1.334705 0.582102
1.334705 0.582102 1.333333 0.582102
1.333333 0.582102 1.334019 0.583290
1.334019 0.583290 1.333333 0.584478
1.333333 0.584478 1.334705 0.584478
1.334705 0.584478 1.335391 0.585666
1.335391 0.585666 1.336077 0.584478
1.336077 0.584478 1.337449 0.584478
1.337449 0.584478 1.338134 0.585666
1.338134 0.585666 1.337449 0.586854
1.337449 0.586854 1.338820 0.586854
1.338820 0.586854 1.339506 0.588042
1.339506 0.588042 1.338820 0.589230
1.338820 0.589230 1.337449 0.589230
1.337449 0.589230 1.338134 0.590418
1.338134 0.590418 1.337449 0.591606
1.337449 0.591606 1.336077 0.591606
1.336077 0.591606 1.335391 0.590418
1.335391 0.590418 1.334705 0.591606
1.334705 0.591606 1.333333 0.591606
1.333333 0.591606 1.334019 0.592794
1.334019 0.592794 1.333333 0.593982
1.333333 0.593982 1.334705 0.593982
1.334705 0.593982 1.335391 0.595170
1.335391 0.595170 1.334705 0.596358
1.334705 0.596358 1.333333 0.596358
1.333333 0.596358 1.334019 0.597546
1.334019 0.597546 1.333333 0.598734
1.333333 0.598734 1.334705 0.598734
1.334705 0.598734 1.335391 0.599922
1.335391 0.599922 1.336077 0.598734
1.336077 0.598734 1.337449 0.598734
1.337449 0.598734 1.338134 0.599922
1.338134 0.599922 1.337449 0.601110
1.337449 0.601110 1.338820 0.601110
1.338820 0.601110 1.339506 0.602298
1.339506 0.602298 1.340192 0.601110
1.340192 0.601110 1.341564 0.601110
1.341564 0.601110 1.340878 0.599922
1.340878 0.599922 1.341564 0.598734
1.341564 0.598734 1.342936 0.598734
1.342936 0.598734 1.343621 0.599922
1.343621 0.599922 1.344307 0.598734
1.344307 0.598734 1.345679 0.598734
1.345679 0.598734 1.346365 0.599922
1.346365 0.599922 1.345679 0.601110
1.345679 0.601110 1.347051 0.601110
1.347051 0.601110 1.347737 0.602298
1.347737 0.602298 1.347051 0.603485
1.347051 0.603485 1.345679 0.603485
1.345679 0.603485 1.346365 0.604673
1.346365 0.604673 1.345679 0.605861
1.345679 0.605861 1.347051 0.605861
1.347051 0.605861 1.347737 0.607049
1.347737 0.607049 1.348422 0.605861
1.348422 0.605861 1.349794 0.605861
1.349794 0.605861 1.350480 0.607049
1.350480 0.607049 1.349794 0.608237
1.349794 0.608237 1.351166 0.608237
1.351166 0.608237 1.351852 0.609425
1.351852 0.609425 1.351166 0.610613
1.351166 0.610613 1.349794 0.610613
1.349794 0.610613 1.350480 0.611801
1.350480 0.611801 1.349794 0.612989
1.349794 0.612989 1.348422 0.612989
1.348422 0.612989 1.347737 0.611801
1.347737 0.611801 1.347051 0.612989
1.347051 0.612989 1.345679 0.612989
1.345679 0.612989 1.346365 0.614177
1.346365 0.614177 1.345679 0.615365
1.345679 0.615365 1.347051 0.615365
1.347051 0.615365 1.347737 0.616553
1.347737 0.616553 1.347051 0.617741
1.347051 0.617741 1.345679 0.617741
1.345679 0.617741 1.346365 0.618929
1.346365 0.618929 1.345679 0.620117
1.345679 0.620117 1.344307 0.620117
1.344307 0.620117 1.343621 0.618929
1.343621 0.618929 1.342936 0.620117
1.342936 0.620117 1.341564 0.620117
1.341564 0.620117 1.340878 0.618929
1.340878 0.618929 1.341564 0.617741
1.341564 0.617741 1.340192 0.617741
1.340192 0.617741 1.339506 0.616553
1.339506 0.616553 1.338820 0.617741
1.338820 0.617741 1.337449 0.617741
1.337449 0.617741 1.338134 0.618929
1.338134 0.618929 1.337449 0.620117
1.337449 0.620117 1.336077 0.620117
1.336077 0.620117 1.335391 0.618929
1.335391 0.618929 1.334705 0.620117
1.334705 0.620117 1.333333 0.620117
1.333333 0.620117 1.334019 0.621305
1.334019 0.621305 1.333333 0.622493
1.333333 0.622493 1.334705 0.622493
1.334705 0.622493 1.335391 0.623681
1.335391 0.623681 1.334705 0.624869
1.334705 0.624869 1.333333 0.624869
1.333333 0.624869 1.334019 0.626057
1.334019 0.626057 1.333333 0.627245
1.333333 0.627245 1.334705 0.627245
1.334705 0.627245 1.335391 0.628433
1.335391 0.628433 1.336077 0.627245
1.336077 0.627245 1.337449 0.627245
1.337449 0.627245 1.338134 0.628433
1.338134 0.628433 1.337449 0.629621
1.337449 0.629621 1.338820 0.629621
1.338820 0.629621 1.339506 0.630809
1.339506 0.630809 1.338820 0.631997
1.338820 0.631997 1.337449 0.631997
1.337449 0.631997 1.338134 0.633185
1.338134 0.633185 1.337449 0.634373
1.337449 0.634373 1.336077 0.634373
1.336077 0.634373 1.335391 0.633185
1.335391 0.633185 1.334705 0.634373
1.334705 0.634373 1.333333 0.634373
1.333333 0.634373 1.334019 0.635560
1.334019 0.635560 1.333333 0.636748
1.333333 0.636748 1.334705 0.636748
1.334705 0.636748 1.335391 0.637936
1.335391 0.637936 1.334705 0.639124
1.334705 0.639124 1.333333 0.639124
1.333333 0.639124 1.334019 0.640312
1.334019 0.640312 1.333333 0.641500
1.333333 0.641500 1.334705 0.641500
1.334705 0.641500 1.335391 0.642688
1.335391 0.642688 1.336077 0.641500
1.336077 0.641500 1.337449 0.641500
1.337449 0.641500 1.338134 0.642688
1.338134 0.642688 1.337449 0.643876
1.337449 0.643876 1.338820 0.643876
1.338820 0.643876 1.339506 0.645064
1.339506 0.645064 1.340192 0.643876
1.340192 0.643876 1.341564 0.643876
1.341564 0.643876 1.340878 0.642688
1.340878 0.642688 1.341564 0.641500
1.341564 0.641500 1.342936 0.641500
1.342936 0.641500 1.343621 0.642688
1.343621 0.642688 1.344307 0.641500
1.344307 0.641500 1.345679 0.641500
1.345679 0.641500 1.346365 0.642688
1.346365 0.642688 1.345679 0.643876
1.345679 0.643876 1.347051 0.643876
1.347051 0.643876 1.347737 0.645064
1.347737 0.645064 1.347051 0.646252
1.347051 0.646252 1.345679 0.646252
1.345679 0.646252 1.346365 0.647440
1.346365 0.647440 1.345679 0.648628
1.345679 0.648628 1.347051 0.648628
1.347051 0.648628 1.347737 0.649816
1.347737 0.649816 1.348422 0.648628
1.348422 0.648628 1.349794 0.648628
1.349794 0.648628 1.350480 0.649816
1.350480 0.649816 1.349794 0.651004
1.349794 0.651004 1.351166 0.651004
1.351166 0.651004 1.351852 0.652192
1.351852 0.652192 1.352538 0.651004
1.352538 0.651004 1.353909 0.651004
1.353909 0.651004 1.353224 0.649816
1.353224 0.649816 1.353909 0.648628
1.353909 0.648628 1.355281 0.648628
1.355281 0.648628 1.355967 0.649816
1.355967 0.649816 1.356653 0.648628
1.356653 0.648628 1.358025 0.648628
1.358025 0.648628 1.357339 0.647440
1.357339 0.647440 1.358025 0.646252
1.358025 0.646252 1.356653 0.646252
1.356653 0.646252 1.355967 0.645064
1.355967 0.645064 1.356653 0.643876
1.356653 0.643876 1.358025 0.643876
1.358025 0.643876 1.357339 0.642688
1.357339 0.642688 1.358025 0.641500
1.358025 0.641500 1.359396 0.641500
1.359396 0.641500 1.360082 0.642688
1.360082 0.642688 1.360768 0.641500
1.360768 0.641500 1.362140 0.641500
1.362140 0.641500 1.362826 0.642688
1.362826 0.642688 1.362140 0.643876
1.362140 0.643876 1.363512 0.643876
1.363512 0.643876 1.364198 0.645064
1.364198 0.645064 1.364883 0.643876
1.364883 0.643876 1.366255 0.643876
1.366255 0.643876 1.365569 0.642688
1.365569 0.642688 1.366255 0.641500
1.366255 0.641500 1.367627 0.641500
1.367627 0.641500 1.368313 0.642688
1.368313 0.642688 1.368999 0.641500
1.368999 0.641500 1.370370 0.641500
1.370370 0.641500 1.371056 0.642688
1.371056 0.642688 1.370370 0.643876
1.370370 0.643876 1.371742 0.643876
1.371742 0.643876 1.372428 0.645064
1.372428 0.645064 1.371742 0.646252
1.371742 0.646252 1.370370 0.646252
1.370370 0.646252 1.371056 0.647440
1.371056 0.647440 1.370370 0.648628
1.370370 0.648628 1.371742 0.648628
1.371742 0.648628 1.372428 0.649816
1.372428 0.649816 1.373114 0.648628
1.373114 0.648628 1.374486 0.648628
1.374486 0.648628 1.375171 0.649816
1.375171 0.649816 1.374486 0.651004
1.374486 0.651004 1.375857 0.651004
1.375857 0.651004 1.376543 0.652192
1.376543 0.652192 1.375857 0.653380
1.375857 0.653380 1.374486 0.653380
1.374486 0.653380 1.375171 0.654568
1.375171 0.654568 1.374486 0.655756
1.374486 0.655756 1.373114 0.655756
1.373114 0.655756 1.372428 0.654568
1.372428 0.654568 1.371742 0.655756
1.371742 0.655756 1.370370 0.655756
1.370370 0.655756 1.371056 0.656944
1.371056 0.656944 1.370370 0.658132
1.370370 0.658132 1.371742 0.658132
1.371742 0.658132 1.372428 0.659320
1.372428 0.659320 1.371742 0.660508
1.371742 0.660508 1.370370 0.660508
1.370370 0.660508 1.371056 0.661696
1.371056 0.661696 1.370370 0.662884
1.370370 0.662884 1.371742 0.662884
1.371742 0.662884 1.372428 0.664072
1.372428 0.664072 1.373114 0.662884
1.373114 0.662884 1.374486 0.662884
1.374486 0.662884 1.375171 0.664072
1.375171 0.664072 1.374486 0.665260
1.374486 0.665260 1.375857 0.665260
1.375857 0.665260 1.376543 0.666448
1.376543 0.666448 1.377229 0.665260
1.377229 0.665260 1.378601 0.665260
1.378601 0.665260 1.377915 0.664072
1.377915 0.664072 1.378601 0.662884
1.378601 0.662884 1.379973 0.662884
1.379973 0.662884 1.380658 0.664072
1.380658 0.664072 1.381344 0.662884
1.381344 0.662884 1.382716 0.662884
1.382716 0.662884 1.383402 0.664072
1.383402 0.664072 1.382716 0.665260
1.382716 0.665260 1.384088 0.665260
1.384088 0.665260 1.384774 0.666448
1.384774 0.666448 1.384088 0.667635
1.384088 0.667635 1.382716 0.667635
1.382716 0.667635 1.383402 0.668823
1.383402 0.668823 1.382716 0.670011
1.382716 0.670011 1.384088 0.670011
1.384088 0.670011 1.384774 0.671199
1.384774 0.671199 1.385460 0.670011
1.385460 0.670011 1.386831 0.670011
1.386831 0.670011 1.387517 0.671199
1.387517 0.671199 1.386831 0.672387
1.386831 0.672387 1.388203 0.672387
1.388203 0.672387 1.388889 0.673575
1.388889 0.673575 1.388203 0.674763
1.388203 0.674763 1.386831 0.674763
1.386831 0.674763 1.387517 0.675951
1.387517 0.675951 1.386831 0.677139
1.386831 0.677139 1.385460 0.677139
1.385460 0.677139 1.384774 0.675951
1.384774 0.675951 1.384088 0.677139
1.384088 0.677139 1.382716 0.677139
1.382716 0.677139 1.383402 0.678327
1.383402 0.678327 1.382716 0.679515
1.382716 0.679515 1.384088 0.679515
1.384088 0.679515 1.384774 0.680703
1.384774 0.680703 1.384088 0.681891
1.384088 0.681891 1.382716 0.681891
1.382716 0.681891 1.383402 0.683079
1.383402 0.683079 1.382716 0.684267
1.382716 0.684267 1.381344 0.684267
1.381344 0.684267 1.380658 0.683079
1.380658 0.683079 1.379973 0.684267
1.379973 0.684267 1.378601 0.684267
1.378601 0.684267 1.377915 0.683079
1.377915 0.683079 1.378601 0.681891
1.378601 0.681891 1.377229 0.681891
1.377229 0.681891 1.376543 0.680703
1.376543 0.680703 1.375857 0.681891
1.375857 0.681891 1.374486 0.681891
1.374486 0.681891 1.375171 0.683079
1.375171 0.683079 1.374486 0.684267
1.374486 0.684267 1.373114 0.684267
1.373114 0.684267 1.372428 0.683079
1.372428 0.683079 1.371742 0.684267
1.371742 0.684267 1.370370 0.684267
1.370370 0.684267 1.371056 0.685455
1.371056 0.685455 1.370370 0.686643
1.370370 0.686643 1.371742 0.686643
1.371742 0.686643 1.372428 0.687831
1.372428 0.687831 1.371742 0.689019
1.371742 0.689019 1.370370 0.689019
1.370370 0.689019 1.371056 0.690207
1.371056 0.690207 1.370370 0.691395
1.370370 0.691395 1.371742 0.691395
1.371742 0.691395 1.372428 0.692583
1.372428 0.692583 1.373114 0.691395
1.373114 0.691395 1.374486 0.691395
1.374486 0.691395 1.375171 0.692583
1.375171 0.692583 1.374486 0.693771
1.374486 0.693771 1.375857 0.693771
1.375857 0.693771 1.376543 0.694959
1.376543 0.694959 1.375857 0.696147
1.375857 0.696147 1.374486 0.696147
1.374486 0.696147 1.375171 0.697335
1.375171 0.697335 1.374486 0.698523
1.374486 0.698523 1.373114 0.698523
1.373114 0.698523 1.372428 0.697335
1.372428 0.697335 1.371742 0.698523
1.371742 0.698523 1.370370 0.698523
1.370370 0.698523 1.371056 0.699711
1.371056 0.699711 1.370370 0.700898
1.370370 0.700898 1.371742 0.700898
1.371742 0.700898 1.372428 0.702086
1.372428 0.702086 1.371742 0.703274
1.371742 0.703274 1.370370 0.703274
1.370370 0.703274 1.371056 0.704462
1.371056 0.704462 1.370370 0.705650
1.370370 0.705650 1.368999 0.705650
1.368999 0.705650 1.368313 0.704462
1.368313 0.704462 1.367627 0.705650
1.367627 0.705650 1.366255 0.705650
1.366255 0.705650 1.365569 0.704462
1.365569 0.704462 1.366255 0.703274
1.366255 0.703274 1.364883 0.703274
1.364883 0.703274 1.364198 0.702086
1.364198 0.702086 1.363512 0.703274
1.363512 0.703274 1.362140 0.703274
1.362140 0.703274 1.362826 0.704462
1.362826 0.704462 1.362140 0.705650
1.362140 0.705650 1.360768 0.705650
1.360768 0.705650 1.360082 0.704462
1.360082 0.704462 1.359396 0.705650
1.359396 0.705650 1.358025 0.705650
1.358025 0.705650 1.357339 0.704462
1.357339 0.704462 1.358025 0.703274
1.358025 0.703274 1.356653 0.703274
1.356653 0.703274 1.355967 0.702086
1.355967 0.702086 1.356653 0.700898
1.356653 0.700898 1.358025 0.700898
1.358025 0.700898 1.357339 0.699711
1.357339 0.699711 1.358025 0.698523
1.358025 0.698523 1.356653 0.698523
1.356653 0.698523 1.355967 0.697335
1.355967 0.697335 1.355281 0.698523
1.355281 0.698523 1.353909 0.698523
1.353909 0.698523 1.353224 0.697335
1.353224 0.697335 1.353909 0.696147
1.353909 0.696147 1.352538 0.696147
1.352538 0.696147 1.351852 0.694959
1.351852 0.694959 1.351166 0.696147
1.351166 0.696147 1.349794 0.696147
1.349794 0.696147 1.350480 0.697335
1.350480 0.697335 1.349794 0.698523
1.349794 0.698523 1.348422 0.698523
1.348422 0.698523 1.347737 0.697335
1.347737 0.697335 1.347051 0.698523
1.347051 0.698523 1.345679 0.698523
1.345679 0.698523 1.346365 0.699711
1.346365 0.699711 1.345679 0.700898
1.345679 0.700898 1.347051 0.700898
1.347051 0.700898 1.347737 0.702086
1.347737 0.702086 1.347051 0.703274
1.347051 0.703274 1.345679 0.703274
1.345679 0.703274 1.346365 0.704462
1.346365 0.704462 1.345679 0.705650
1.345679 0.705650 1.344307 0.705650
1.344307 0.705650 1.343621 0.704462
1.343621 0.704462 1.342936 0.705650
1.342936 0.705650 1.341564 0.705650
1.341564 0.705650 1.340878 0.704462
1.340878 0.704462 1.341564 0.703274
1.341564 0.703274 1.340192 0.703274
1.340192 0.703274 1.339506 0.702086
1.339506 0.702086 1.338820 0.703274
1.338820 0.703274 1.337449 0.703274
1.337449 0.703274 1.338134 0.704462
1.338134 0.704462 1.337449 0.705650
1.337449 0.705650 1.336077 0.705650
1.336077 0.705650 1.335391 0.704462
1.335391 0.704462 1.334705 0.705650
1.334705 0.705650 1.333333 0.705650
1.333333 0.705650 1.334019 0.706838
1.334019 0.706838 1.333333 0.708026
1.333333 0.708026 1.334705 0.708026
1.334705 0.708026 1.335391 0.709214
1.335391 0.709214 1.334705 0.710402
1.334705 0.710402 1.333333 0.710402
1.333333 0.710402 1.334019 0.711590
1.334019 0.711590 1.333333 0.712778
1.333333 0.712778 1.334705 0.712778
1.334705 0.712778 1.335391 0.713966
1.335391 0.713966 1.336077 0.712778
1.336077 0.712778 1.337449 0.712778
1.337449 0.712778 1.338134 0.713966
1.338134 0.713966 1.337449 0.715154
1.337449 0.715154 1.338820 0.715154
1.338820 0.715154 1.339506 0.716342
1.339506 0.716342 1.338820 0.717530
1.338820 0.717530 1.337449 0.717530
1.337449 0.717530 1.338134 0.718718
1.338134 0.718718 1.337449 0.719906
1.337449 0.719906 1.336077 0.719906
1.336077 0.719906 1.335391 0.718718
1.335391 0.718718 1.334705 0.719906
1.334705 0.719906 1.333333 0.719906
1.333333 0.719906 1.334019 0.721094
1.334019 0.721094 1.333333 0.722282
1.333333 0.722282 1.334705 0.722282
1.334705 0.722282 1.335391 0.723470
1.335391 0.723470 1.334705 0.724658
1.334705 0.724658 1.333333 0.724658
1.333333 0.724658 1.334019 0.725846
1.334019 0.725846 1.333333 0.727034
1.333333 0.727034 1.334705 0.727034
1.334705 0.727034 1.335391 0.728222
1.335391 0.728222 1.336077 0.727034
1.336077 0.727034 1.337449 0.727034
1.337449 0.727034 1.338134 0.728222
1.338134 0.728222 1.337449 0.729410
1.337449 0.729410 1.338820 0.729410
1.338820 0.729410 1.339506 0.730598
1.339506 0.730598 1.340192 0.729410
1.340192 0.729410 1.341564 0.729410
1.341564 0.729410 1.340878 0.728222
1.340878 0.728222 1.341564 0.727034
1.341564 0.727034 1.342936 0.727034
1.342936 0.727034 1.343621 0.728222
1.343621 0.728222 1.344307 0.727034
1.344307 0.727034 1.345679 0.727034
1.345679 0.727034 1.346365 0.728222
1.346365 0.728222 1.345679 0.729410
1.345679 0.729410 1.347051 0.729410
1.347051 0.729410 1.347737 0.730598
1.347737 0.730598 1.347051 0.731786
1.347051 0.731786 1.345679 0.731786
1.345679 0.731786 1.346365 0.732973
1.346365 0.732973 1.345679 0.734161
1.345679 0.734161 1.347051 0.734161
1.347051 0.734161 1.347737 0.735349
1.347737 0.735349 1.348422 0.734161
1.348422 0.734161 1.349794 0.734161
1.349794 0.734161 1.350480 0.735349
1.350480 0.735349 1.349794 0.736537
1.349794 0.736537 1.351166 0.736537
1.351166 0.736537 1.351852 0.737725
1.351852 0.737725 1.351166 0.738913
1.351166 0.738913 1.349794 0.738913
1.349794 0.738913 1.350480 0.740101
1.350480 0.740101 1.349794 0.741289
1.349794 0.741289 1.348422 0.741289
1.348422 0.741289 1.347737 0.740101
1.347737 0.740101 1.347051 0.741289
1.347051 0.741289 1.345679 0.741289
1.345679 0.741289 1.346365 0.742477
1.346365 0.742477 1.345679 0.743665
1.345679 0.743665 1.347051 0.743665
1.347051 0.743665 1.347737 0.744853
1.347737 0.744853 1.347051 0.746041
1.347051 0.746041 1.345679 0.746041
1.345679 0.746041 1.346365 0.747229
1.346365 0.747229 1.345679 0.748417
1.345679 0.748417 1.344307 0.748417
1.344307 0.748417 1.343621 0.747229
1.343621 0.747229 1.342936 0.748417
1.342936 0.748417 1.341564 0.748417
1.341564 0.748417 1.340878 0.747229
1.340878 0.747229 1.341564 0.746041
1.341564 0.746041 1.340192 0.746041
1.340192 0.746041 1.339506 0.744853
1.339506 0.744853 1.338820 0.746041
1.338820 0.746041 1.337449 0.746041
1.337449 0.746041 1.338134 0.747229
1.338134 0.747229 1.337449 0.748417
1.337449 0.748417 1.336077 0.748417
1.336077 0.748417 1.335391 0.747229
1.335391 0.747229 1.334705 0.748417
1.334705 0.748417 1.333333 0.748417
1.333333 0.748417 1.334019 0.749605
1.334019 0.749605 1.333333 0.750793
1.333333 0.750793 1.334705 0.750793
1.334705 0.750793 1.335391 0.751981
1.335391 0.751981 1.334705 0.753169
1.334705 0.753169 1.333333 0.753169
1.333333 0.753169 1.334019 0.754357
1.334019 0.754357 1.333333 0.755545
1.333333 0.755545 1.334705 0.755545
1.334705 0.755545 1.335391 0.756733
1.335391 0.756733 1.336077 0.755545
1.336077 0.755545 1.337449 0.755545
1.337449 0.755545 1.338134 0.756733
1.338134 0.756733 1.337449 0.757921
1.337449 0.757921 1.338820 0.757921
1.338820 0.757921 1.339506 0.759109
1.339506 0.759109 1.338820 0.760297
1.338820 0.760297 1.337449 0.760297
1.337449 0.760297 1.338134 0.761485
1.338134 0.761485 1.337449 0.762673
1.337449 0.762673 1.336077 0.762673
1.336077 0.762673 1.335391 0.761485
1.335391 0.761485 1.334705 0.762673
1.334705 0.762673 1.333333 0.762673
1.333333 0.762673 1.334019 0.763861
1.334019 0.763861 1.333333 0.765049
1.333333 0.765049 1.334705 0.765049
1.334705 0.765049 1.335391 0.766236
1.335391 0.766236 1.334705 0.767424
1.334705 0.767424 1.333333 0.767424
1.333333 0.767424 1.334019 0.768612
1.334019 0.768612 1.333333 0.769800
1.333333 0.769800 1.334705 0.769800
1.334705 0.769800 1.335391 0.770988
1.335391 0.770988 1.336077 0.769800
1.336077 0.769800 1.337449 0.769800
1.337449 0.769800 1.338134 0.770988
1.338134 0.770988 1.337449 0.772176
1.337449 0.772176 1.338820 0.772176
1.338820 0.772176 1.339506 0.773364
1.339506 0.773364 1.340192 0.772176
1.340192 0.772176 1.341564 0.772176
1.341564 0.772176 1.340878 0.770988
1.340878 0.770988 1.341564 0.769800
1.341564 0.769800 1.342936 0.769800
1.342936 0.769800 1.343621 0.770988
1.343621 0.770988 1.344307 0.769800
1.344307 0.769800 1.345679 0.769800
1.345679 0.769800 1.346365 0.770988
1.346365 0.770988 1.345679 0.772176
1.345679 0.772176 1.347051 0.772176
1.347051 0.772176 1.347737 0.773364
1.347737 0.773364 1.347051 0.774552
1.347051 0.774552 1.345679 0.774552
1.345679 0.774552 1.346365 0.775740
1.346365 0.775740 1.345679 0.776928
1.345679 0.776928 1.347051 0.776928
1.347051 0.776928 1.347737 0.778116
1.347737 0.778116 1.348422 0.776928
1.348422 0.776928 1.349794 0.776928
1.349794 0.776928 1.350480 0.778116
1.350480 0.778116 1.349794 0.779304
1.349794 0.779304 1.351166 0.779304
1.351166 0.779304 1.351852 0.780492
1.351852 0.780492 1.352538 0.779304
1.352538 0.779304 1.353909 0.779304
1.353909 0.779304 1.353224 0.778116
1.353224 0.778116 1.353909 0.776928
1.353909 0.776928 1.355281 0.776928
1.355281 0.776928 1.355967 0.778116
1.355967 0.778116 1.356653 0.776928
1.356653 0.776928 1.358025 0.776928
1.358025 0.776928 1.357339 0.775740
1.357339 0.775740 1.358025 0.774552
1.358025 0.774552 1.356653 0.774552
1.356653 0.774552 1.355967 0.773364
1.355967 0.773364 1.356653 0.772176
1.356653 0.772176 1.358025 0.772176
1.358025 0.772176 1.357339 0.770988
1.357339 0.770988 1.358025 0.769800
1.358025 0.769800 1.359396 0.769800
1.359396 0.769800 1.360082 0.770988
1.360082 0.770988 1.360768 0.769800
1.360768 0.769800 1.362140 0.769800
1.362140 0.769800 1.362826 0.770988
1.362826 0.770988 1.362140 0.772176
1.362140 0.772176 1.363512 0.772176
1.363512 0.772176 1.364198 0.773364
1.364198 0.773364 1.364883 0.772176
1.364883 0.772176 1.366255 0.772176
1.366255 0.772176 1.365569 0.770988
1.365569 0.770988 1.366255 0.769800
1.366255 0.769800 1.367627 0.769800
1.367627 0.769800 1.368313 0.770988
1.368313 0.770988 1.368999 0.769800
1.368999 0.769800 1.370370 0.769800
1.370370 0.769800 1.371056 0.770988
1.371056 0.770988 1.370370 0.772176
1.370370 0.772176 1.371742 0.772176
1.371742 0.772176 1.372428 0.773364
1.372428 0.773364 1.371742 0.774552
1.371742 0.774552 1.370370 0.774552
1.370370 0.774552 1.371056 0.775740
1.371056 0.775740 1.370370 0.776928
1.370370 0.776928 1.371742 0.776928
1.371742 0.776928 1.372428 0.778116
1.372428 0.778116 1.373114 0.776928
1.373114 0.776928 1.374486 0.776928
1.374486 0.776928 1.375171 0.778116
1.375171 0.778116 1.374486 0.779304
1.374486 0.779304 1.375857 0.779304
1.375857 0.779304 1.376543 0.780492
1.376543 0.780492 1.375857 0.781680
1.375857 0.781680 1.374486 0.781680
1.374486 0.781680 1.375171 0.782868
1.375171 0.782868 1.374486 0.784056
1.374486 0.784056 1.373114 0.784056
1.373114 0.784056 1.372428 0.782868
1.372428 0.782868 1.371742 0.784056
1.371742 0.784056 1.370370 0.784056
1.370370 0.784056 1.371056 0.785244
1.371056 0.785244 1.370370 0.786432
1.370370 0.786432 1.371742 0.786432
1.371742 0.786432 1.372428 0.787620
1.372428 0.787620 1.371742 0.788808
1.371742 0.788808 1.370370 0.788808
1.370370 0.788808 1.371056 0.789996
1.371056 0.789996 1.370370 0.791184
1.370370 0.791184 1.371742 0.791184
1.371742 0.791184 1.372428 0.792372
1.372428 0.792372 1.373114 0.791184
1.373114 0.791184 1.374486 0.791184
1.374486 0.791184 1.375171 0.792372
1.375171 0.792372 1.374486 0.793560
1.374486 0.793560 1.375857 0.793560
1.375857 0.793560 1.376543 0.794748
1.376543 0.794748 1.377229 0.793560
1.377229 0.793560 1.378601 0.793560
1.378601 0.793560 1.377915 0.792372
1.377915 0.792372 1.378601 0.791184
1.378601 0.791184 1.379973 0.791184
1.379973 0.791184 1.380658 0.792372
1.380658 0.792372 1.381344 0.791184
1.381344 0.791184 1.382716 0.791184
1.382716 0.791184 1.383402 0.792372
1.383402 0.792372 1.382716 0.793560
1.382716 0.793560 1.384088 0.793560
1.384088 0.793560 1.384774 0.794748
1.384774 0.794748 1.384088 0.795936
1.384088 0.795936 1.382716 0.795936
1.382716 0.795936 1.383402 0.797124
1.383402 0.797124 1.382716 0.798311
1.382716 0.798311 1.384088 0.798311
1.384088 0.798311 1.384774 0.799499
1.384774 0.799499 1.385460 0.798311
1.385460 0.798311 1.386831 0.798311
1.386831 0.798311 1.387517 0.799499
1.387517 0.799499 1.386831 0.800687
1.386831 0.800687 1.388203 0.800687
1.388203 0.800687 1.388889 0.801875
1.388889 0.801875 1.389575 0.800687
1.389575 0.800687 1.390947 0.800687
1.390947 0.800687 1.390261 0.799499
1.390261 0.799499 1.390947 0.798311
1.390947 0.798311 1.392318 0.798311
1.392318 0.798311 1.393004 0.799499
1.393004 0.799499 1.393690 0.798311
1.393690 0.798311 1.395062 0.798311
1.395062 0.798311 1.394376 0.797124
1.394376 0.797124 1.395062 0.795936
1.395062 0.795936 1.393690 0.795936
1.393690 0.795936 1.393004 0.794748
1.393004 0.794748 1.393690 0.793560
1.393690 0.793560 1.395062 0.793560
1.395062 0.793560 1.394376 0.792372
1.394376 0.792372 1.395062 0.791184
1.395062 0.791184 1.396433 0.791184
1.396433 0.791184 1.397119 0.792372
1.397119 0.792372 1.397805 0.791184
1.397805 0.791184 1.399177 0.791184
1.399177 0.791184 1.399863 0.792372
1.399863 0.792372 1.399177 0.793560
1.399177 0.793560 1.400549 0.793560
1.400549 0.793560 1.401235 0.794748
1.401235 0.794748 1.401920 0.793560
1.401920 0.793560 1.403292 0.793560
1.403292 0.793560 1.402606 0.792372
1.402606 0.792372 1.403292 0.791184
1.403292 0.791184 1.404664 0.791184
1.404664 0.791184 1.405350 0.792372
1.405350 0.792372 1.406036 0.791184
1.406036 0.791184 1.407407 0.791184
1.407407 0.791184 1.406722 0.789996
1.406722 0.789996 1.407407 0.788808
1.407407 0.788808 1.406036 0.788808
1.406036 0.788808 1.405350 0.787620
1.405350 0.787620 1.406036 0.786432
1.406036 0.786432 1.407407 0.786432
1.407407 0.786432 1.406722 0.785244
1.406722 0.785244 1.407407 0.784056
1.407407 0.784056 1.406036 0.784056
1.406036 0.784056 1.405350 0.782868
1.405350 0.782868 1.404664 0.784056
1.404664 0.784056 1.403292 0.784056
1.403292 0.784056 1.402606 0.782868
1.402606 0.782868 1.403292 0.781680
1.403292 0.781680 1.401920 0.781680
1.401920 0.781680 1.401235 0.780492
1.401235 0.780492 1.401920 0.779304
1.401920 0.779304 1.403292 0.779304
1.403292 0.779304 1.402606 0.778116
1.402606 0.778116 1.403292 0.776928
1.403292 0.776928 1.404664 0.776928
1.404664 0.776928 1.405350 0.778116
1.405350 0.778116 1.406036 0.776928
1.406036 0.776928 1.407407 0.776928
1.407407 0.776928 1.406722 0.775740
1.406722 0.775740 1.407407 0.774552
1.407407 0.774552 1.406036 0.774552
1.406036 0.774552 1.405350 0.773364
1.405350 0.773364 1.406036 0.772176
1.406036 0.772176 1.407407 0.772176
1.407407 0.772176 1.406722 0.770988
1.406722 0.770988 1.407407 0.769800
1.407407 0.769800 1.408779 0.769800
1.408779 0.769800 1.409465 0.770988
1.409465 0.770988 1.410151 0.769800
1.410151 0.769800 1.411523 0.769800
1.411523 0.769800 1.412209 0.770988
1.412209 0.770988 1.411523 0.772176
1.411523 0.772176 1.412894 0.772176
1.412894 0.772176 1.413580 0.773364
1.413580 0.773364 1.414266 0.772176
1.414266 0.772176 1.415638 0.772176
1.415638 0.772176 1.414952 0.770988
1.414952 0.770988 1.415638 0.769800
1.415638 0.769800 1.417010 0.769800
1.417010 0.769800 1.417695 0.770988
1.417695 0.770988 1.418381 0.769800
1.418381 0.769800 1.419753 0.769800
1.419753 0.769800 1.420439 0.770988
1.420439 0.770988 1.419753 0.772176
1.419753 0.772176 1.421125 0.772176
1.421125 0.772176 1.421811 0.773364
1.421811 0.773364 1.421125 0.774552
1.421125 0.774552 1.419753 0.774552
1.419753 0.774552 1.420439 0.775740
1.420439 0.775740 1.419753 0.776928
1.419753 0.776928 1.421125 0.776928
1.421125 0.776928 1.421811 0.778116
1.421811 0.778116 1.422497 0.776928
1.422497 0.776928 1.423868 0.776928
1.423868 0.776928 1.424554 0.778116
1.424554 0.778116 1.423868 0.779304
1.423868 0.779304 1.425240 0.779304
1.425240 0.779304 1.425926 0.780492
1.425926 0.780492 1.426612 0.779304
1.426612 0.779304 1.427984 0.779304
1.427984 0.779304 1.427298 0.778116
1.427298 0.778116 1.427984 0.776928
1.427984 0.776928 1.429355 0.776928
1.429355 0.776928 1.430041 0.778116
1.430041 0.778116 1.430727 0.776928
1.430727 0.776928 1.432099 0.776928
1.432099 0.776928 1.431413 0.775740
1.431413 0.775740 1.432099 0.774552
1.432099 0.774552 1.430727 0.774552
1.430727 0.774552 1.430041 0.773364
1.430041 0.773364 1.430727 0.772176
1.430727 0.772176 1.432099 0.772176
1.432099 0.772176 1.431413 0.770988
1.431413 0.770988 1.432099 0.769800
1.432099 0.769800 1.433471 0.769800
1.433471 0.769800 1.434156 0.770988
1.434156 0.770988 1.434842 0.769800
1.434842 0.769800 1.436214 0.769800
1.436214 0.769800 1.436900 0.770988
1.436900 0.770988 1.436214 0.772176
1.436214 0.772176 1.437586 0.772176
1.437586 0.772176 1.438272 0.773364
1.438272 0.773364 1.438957 0.772176
1.438957 0.772176 1.440329 0.772176
1.440329 0.772176 1.439643 0.770988
1.439643 0.770988 1.440329 0.769800
1.440329 0.769800 1.441701 0.769800
1.441701 0.769800 1.442387 0.770988
1.442387 0.770988 1.443073 0.769800
1.443073 0.769800 1.444444 0.769800
1.444444 0.769800 1.445130 0.770988
1.445130 0.770988 1.444444 0.772176
1.444444 0.772176 1.445816 0.772176
1.445816 0.772176 1.446502 0.773364
1.446502 0.773364 1.445816 0.774552
1.445816 0.774552 1.444444 0.774552
1.444444 0.774552 1.445130 0.775740
1.445130 0.775740 1.444444 0.776928
1.444444 0.776928 1.445816 0.776928
1.445816 0.776928 1.446502 0.778116
1.446502 0.778116 1.447188 0.776928
1.447188 0.776928 1.448560 0.776928
1.448560 0.776928 1.449246 0.778116
1.449246 0.778116 1.448560 0.779304
1.448560 0.779304 1.449931 0.779304
1.449931 0.779304 1.450617 0.780492
1.450617 0.780492 1.449931 0.781680
1.449931 0.781680 1.448560 0.781680
1.448560 0.781680 1.449246 0.782868
1.449246 0.782868 1.448560 0.784056
1.448560 0.784056 1.447188 0.784056
1.447188 0.784056 1.446502 0.782868
1.446502 0.782868 1.445816 0.784056
1.445816 0.784056 1.444444 0.784056
1.444444 0.784056 1.445130 0.785244
1.445130 0.785244 1.444444 0.786432
1.444444 0.786432 1.445816 0.786432
1.445816 0.786432 1.446502 0.787620
1.446502 0.787620 1.445816 0.788808
1.445816 0.788808 1.444444 0.788808
1.444444 0.788808 1.445130 0.789996
1.445130 0.789996 1.444444 0.791184
1.444444 0.791184 1.445816 0.791184
1.445816 0.791184 1.446502 0.792372
1.446502 0.792372 1.447188 0.791184
1.447188 0.791184 1.448560 0.791184
1.448560 0.791184 1.449246 0.792372
1.449246 0.792372 1.448560 0.793560
1.448560 0.793560 1.449931 0.793560
1.449931 0.793560 1.450617 0.794748
1.450617 0.794748 1.451303 0.793560
1.451303 0.793560 1.452675 0.793560
1.452675 0.793560 1.451989 0.792372
1.451989 0.792372 1.452675 0.791184
1.452675 0.791184 1.454047 0.791184
1.454047 0.791184 1.454733 0.792372
1.454733 0.792372 1.455418 0.791184
1.455418 0.791184 1.456790 0.791184
1.456790 0.791184 1.457476 0.792372
1.457476 0.792372 1.456790 0.793560
1.456790 0.793560 1.458162 0.793560
1.458162 0.793560 1.458848 0.794748
1.458848 0.794748 1.458162 0.795936
1.458162 0.795936 1.456790 0.795936
1.456790 0.795936 1.457476 0.797124
1.457476 0.797124 1.456790 0.798311
1.456790 0.798311 1.458162 0.798311
1.458162 0.798311 1.458848 0.799499
1.458848 0.799499 1.459534 0.798311
1.459534 0.798311 1.460905 0.798311
1.460905 0.798311 1.461591 0.799499
1.461591 0.799499 1.460905 0.800687
1.460905 0.800687 1.462277 0.800687
1.462277 0.800687 1.462963 0.801875
1.462963 0.801875 1.462277 0.803063
1.462277 0.803063 1.460905 0.803063
1.460905 0.803063 1.461591 0.804251
1.461591 0.804251 1.460905 0.805439
1.460905 0.805439 1.459534 0.805439
1.459534 0.805439 1.458848 0.804251
1.458848 0.804251 1.458162 0.805439
1.458162 0.805439 1.456790 0.805439
1.456790 0.805439 1.457476 0.806627
1.457476 0.806627 1.456790 0.807815
1.456790 0.807815 1.458162 0.807815
1.458162 0.807815 1.458848 0.809003
1.458848 0.809003 1.458162 0.810191
1.458162 0.810191 1.456790 0.810191
1.456790 0.810191 1.457476 0.811379
1.457476 0.811379 1.456790 0.812567
1.456790 0.812567 1.455418 0.812567
1.455418 0.812567 1.454733 0.811379
1.454733 0.811379 1.454047 0.812567
1.454047 0.812567 1.452675 0.812567
1.452675 0.812567 1.451989 0.811379
1.451989 0.811379 1.452675 0.810191
1.452675 0.810191 1.451303 0.810191
1.451303 0.810191 1.450617 0.809003
1.450617 0.809003 1.449931 0.810191
1.449931 0.810191 1.448560 0.810191
1.448560 0.810191 1.449246 0.811379
1.449246 0.811379 1.448560 0.812567
1.448560 0.812567 1.447188 0.812567
1.447188 0.812567 1.446502 0.811379
1.446502 0.811379 1.445816 0.812567
1.445816 0.812567 1.444444 0.812567
1.444444 0.812567 1.445130 0.813755
1.445130 0.813755 1.444444 0.814943
1.444444 0.814943 1.445816 0.814943
1.445816 0.814943 1.446502 0.816131
1.446502 0.816131 1.445816 0.817319
1.445816 0.817319 1.444444 0.817319
1.444444 0.817319 1.445130 0.818507
1.445130 0.818507 1.444444 0.819695
1.444444 0.819695 1.445816 0.819695
1.445816 0.819695 1.446502 0.820883
1.446502 0.820883 1.447188 0.819695
1.447188 0.819695 1.448560 0.819695
1.448560 0.819695 1.449246 0.820883
1.449246 0.820883 1.448560 0.822071
1.448560 0.822071 1.449931 0.822071
1.449931 0.822071 1.450617 0.823259
1.450617 0.823259 1.449931 0.824447
1.449931 0.824447 1.448560 0.824447
1.448560 0.824447 1.449246 0.825635
1.449246 0.825635 1.448560 0.826823
1.448560 0.826823 1.447188 0.826823
1.447188 0.826823 1.446502 0.825635
1.446502 0.825635 1.445816 0.826823
1.445816 0.826823 1.444444 0.826823
1.444444 0.826823 1.445130 0.828011
1.445130 0.828011 1.444444 0.829199
1.444444 0.829199 1.445816 0.829199
1.445816 0.829199 1.446502 0.830386
1.446502 0.830386 1.445816 0.831574
1.445816 0.831574 1.444444 0.831574
1.444444 0.831574 1.445130 0.832762
1.445130 0.832762 1.444444 0.833950
1.444444 0.833950 1.445816 0.833950
1.445816 0.833950 1.446502 0.835138
1.446502 0.835138 1.447188 0.833950
1.447188 0.833950 1.448560 0.833950
1.448560 0.833950 1.449246 0.835138
1.449246 0.835138 1.448560 0.836326
1.448560 0.836326 1.449931 0.836326
1.449931 0.836326 1.450617 0.837514
1.450617 0.837514 1.451303 0.836326
1.451303 0.836326 1.452675 0.836326
1.452675 0.836326 1.451989 0.835138
1.451989 0.835138 1.452675 0.833950
1.452675 0.833950 1.454047 0.833950
1.454047 0.833950 1.454733 0.835138
1.454733 0.835138 1.455418 0.833950
1.455418 0.833950 1.456790 0.833950
1.456790 0.833950 1.457476 0.835138
1.457476 0.835138 1.456790 0.836326
1.456790 0.836326 1.458162 0.836326
1.458162 0.836326 1.458848 0.837514
1.458848 0.837514 1.458162 0.838702
1.458162 0.838702 1.456790 0.838702
1.456790 0.838702 1.457476 0.839890
1.457476 0.839890 1.456790 0.841078
1.456790 0.841078 1.458162 0.841078
1.458162 0.841078 1.458848 0.842266
1.458848 0.842266 1.459534 0.841078
1.459534 0.841078 1.460905 0.841078
1.460905 0.841078 1.461591 0.842266
1.461591 0.842266 1.460905 0.843454
1.460905 0.843454 1.462277 0.843454
1.462277 0.843454 1.462963 0.844642
1.462963 0.844642 1.463649 0.843454
1.463649 0.843454 1.465021 0.843454
1.465021 0.843454 1.464335 0.842266
1.464335 0.842266 1.465021 0.841078
1.465021 0.841078 1.466392 0.841078
1.466392 0.841078 1.467078 0.842266
1.467078 0.842266 1.467764 0.841078
1.467764 0.841078 1.469136 0.841078
1.469136 0.841078 1.468450 0.839890
1.468450 0.839890 1.469136 0.838702
1.469136 0.838702 1.467764 0.838702
1.467764 0.838702 1.467078 0.837514
1.467078 0.837514 1.467764 0.836326
1.467764 0.836326 1.469136 0.836326
1.469136 0.836326 1.468450 0.835138
1.468450 0.835138 1.469136 0.833950
1.469136 0.833950 1.470508 0.833950
1.470508 0.833950 1.471193 0.835138
1.471193 0.835138 1.471879 0.833950
1.471879 0.833950 1.473251 0.833950
1.473251 0.833950 1.473937 0.835138
1.473937 0.835138 1.473251 0.836326
1.473251 0.836326 1.474623 0.836326
1.474623 0.836326 1.475309 0.837514
1.475309 0.837514 1.475995 0.836326
1.475995 0.836326 1.477366 0.836326
1.477366 0.836326 1.476680 0.835138
1.476680 0.835138 1.477366 0.833950
1.477366 0.833950 1.478738 0.833950
1.478738 0.833950 1.479424 0.835138
1.479424 0.835138 1.480110 0.833950
1.480110 0.833950 1.481481 0.833950
1.481481 0.833950 1.482167 0.835138
1.482167 0.835138 1.481481 0.836326
1.481481 0.836326 1.482853 0.836326
1.482853 0.836326 1.483539 0.837514
1.483539 0.837514 1.482853 0.838702
1.482853 0.838702 1.481481 0.838702
1.481481 0.838702 1.482167 0.839890
1.482167 0.839890 1.481481 0.841078
1.481481 0.841078 1.482853 0.841078
1.482853 0.841078 1.483539 0.842266
1.483539 0.842266 1.484225 0.841078
1.484225 0.841078 1.485597 0.841078
1.485597 0.841078 1.486283 0.842266
1.486283 0.842266 1.485597 0.843454
1.485597 0.843454 1.486968 0.843454
1.486968 0.843454 1.487654 0.844642
1.487654 0.844642 1.486968 0.845830
1.486968 0.845830 1.485597 0.845830
1.485597 0.845830 1.486283 0.847018
1.486283 0.847018 1.485597 0.848206
1.485597 0.848206 1.484225 0.848206
1.484225 0.848206 1.483539 0.847018
1.483539 0.847018 1.482853 0.848206
1.482853 0.848206 1.481481 0.848206
1.481481 0.848206 1.482167 0.849394
1.482167 0.849394 1.481481 0.850582
1.481481 0.850582 1.482853 0.850582
1.482853 0.850582 1.483539 0.851770
1.483539 0.851770 1.482853 0.852958
1.482853 0.852958 1.481481 0.852958
1.481481 0.852958 1.482167 0.854146
1.482167 0.854146 1.481481 0.855334
1.481481 0.855334 1.482853 0.855334
1.482853 0.855334 1.483539 0.856522
1.483539 0.856522 1.484225 0.855334
1.484225 0.855334 1.485597 0.855334
1.485597 0.855334 1.486283 0.856522
1.486283 0.856522 1.485597 0.857710
1.485597 0.857710 1.486968 0.857710
1.486968 0.857710 1.487654 0.858898
1.487654 0.858898 1.488340 0.857710
1.488340 0.857710 1.489712 0.857710
1.489712 0.857710 1.489026 0.856522
1.489026 0.856522 1.489712 0.855334
1.489712 0.855334 1.491084 0.855334
1.491084 0.855334 1.491770 0.856522
1.491770 0.856522 1.492455 0.855334
1.492455 0.855334 1.493827 0.855334
1.493827 0.855334 1.494513 0.856522
1.494513 0.856522 1.493827 0.857710
1.493827 0.857710 1.495199 0.857710
1.495199 0.857710 1.495885 0.858898
1.495885 0.858898 1.495199 0.860086
1.495199 0.860086 1.493827 0.860086
1.493827 0.860086 1.494513 0.861274
1.494513 0.861274 1.493827 0.862462
1.493827 0.862462 1.495199 0.862462
1.495199 0.862462 1.495885 0.863649
1.495885 0.863649 1.496571 0.862462
1.496571 0.862462 1.497942 0.862462
1.497942 0.862462 1.498628 0.863649
1.498628 0.863649 1.497942 0.864837
1.497942 0.864837 1.499314 0.864837
1.499314 0.864837 1.500000 0.866025
1.500000 0.866025 1.500686 0.864837
1.500686 0.864837 1.502058 0.864837
1.502058 0.864837 1.501372 0.863649
1.501372 0.863649 1.502058 0.862462
1.502058 0.862462 1.503429 0.862462
1.503429 0.862462 1.504115 0.863649
1.504115 0.863649 1.504801 0.862462
1.504801 0.862462 1.506173 0.862462
1.506173 0.862462 1.505487 0.861274
1.505487 0.861274 1.506173 0.860086
1.506173 0.860086 1.504801 0.860086
1.504801 0.860086 1.504115 0.858898
1.504115 0.858898 1.504801 0.857710
1.504801 0.857710 1.506173 0.857710
1.506173 0.857710 1.505487 0.856522
1.505487 0.856522 1.506173 0.855334
1.506173 0.855334 1.507545 0.855334
1.507545 0.855334 1.508230 0.856522
1.508230 0.856522 1.508916 0.855334
1.508916 0.855334 1.510288 0.855334
1.510288 0.855334 1.510974 0.856522
1.510974 0.856522 1.510288 0.857710
1.510288 0.857710 1.511660 0.857710
1.511660 0.857710 1.512346 0.858898
1.512346 0.858898 1.513032 0.857710
1.513032 0.857710 1.514403 0.857710
1.514403 0.857710 1.513717 0.856522
1.513717 0.856522 1.514403 0.855334
1.514403 0.855334 1.515775 0.855334
1.515775 0.855334 1.516461 0.856522
1.516461 0.856522 1.517147 0.855334
1.517147 0.855334 1.518519 0.855334
1.518519 0.855334 1.517833 0.854146
1.517833 0.854146 1.518519 0.852958
1.518519 0.852958 1.517147 0.852958
1.517147 0.852958 1.516461 0.851770
1.516461 0.851770 1.517147 0.850582
1.517147 0.850582 1.518519 0.850582
1.518519 0.850582 1.517833 0.849394
1.517833 0.849394 1.518519 0.848206
1.518519 0.848206 1.517147 0.848206
1.517147 0.848206 1.516461 0.847018
1.516461 0.847018 1.515775 0.848206
1.515775 0.848206 1.514403 0.848206
1.514403 0.848206 1.513717 0.847018
1.513717 0.847018 1.514403 0.845830
1.514403 0.845830 1.513032 0.845830
1.513032 0.845830 1.512346 0.844642
1.512346 0.844642 1.513032 0.843454
1.513032 0.843454 1.514403 0.843454
1.514403 0.843454 1.513717 0.842266
1.513717 0.842266 1.514403 0.841078
1.514403 0.841078 1.515775 0.841078
1.515775 0.841078 1.516461 0.842266
1.516461 0.842266 1.517147 0.841078
1.517147 0.841078 1.518519 0.841078
1.518519 0.841078 1.517833 0.839890
1.517833 0.839890 1.518519 0.838702
1.518519 0.838702 1.517147 0.838702
1.517147 0.838702 1.516461 0.837514
1.516461 0.837514 1.517147 0.836326
1.517147 0.836326 1.518519 0.836326
1.518519 0.836326 1.517833 0.835138
1.517833 0.835138 1.518519 0.833950
1.518519 0.833950 1.519890 0.833950
1.519890 0.833950 1.520576 0.835138
1.520576 0.835138 1.521262 0.833950
1.521262 0.833950 1.522634 0.833950
1.522634 0.833950 1.523320 0.835138
1.523320 0.835138 1.522634 0.836326
1.522634 0.836326 1.524005 0.836326
1.524005 0.836326 1.524691 0.837514
1.524691 0.837514 1.525377 0.836326
1.525377 0.836326 1.526749 0.836326
1.526749 0.836326 1.526063 0.835138
1.526063 0.835138 1.526749 0.833950
1.526749 0.833950 1.528121 0.833950
1.528121 0.833950 1.528807 0.835138
1.528807 0.835138 1.529492 0.833950
1.529492 0.833950 1.530864 0.833950
1.530864 0.833950 1.531550 0.835138
1.531550 0.835138 1.530864 0.836326
1.530864 0.836326 1.532236 0.836326
1.532236 0.836326 1.532922 0.837514
1.532922 0.837514 1.532236 0.838702
1.532236 0.838702 1.530864 0.838702
1.530864 0.838702 1.531550 0.839890
1.531550 0.839890 1.530864 0.841078
1.530864 0.841078 1.532236 0.841078
1.532236 0.841078 1.532922 0.842266
1.532922 0.842266 1.533608 0.841078
1.533608 0.841078 1.534979 0.841078
1.534979 0.841078 1.535665 0.842266
1.535665 0.842266 1.534979 0.843454
1.534979 0.843454 1.536351 0.843454
1.536351 0.843454 1.537037 0.844642
1.537037 0.844642 1.537723 0.843454
1.537723 0.843454 1.539095 0.843454
1.539095 0.843454 1.538409 0.842266
1.538409 0.842266 1.539095 0.841078
1.539095 0.841078 1.540466 0.841078
1.540466 0.841078 1.541152 0.842266
1.541152 0.842266 1.541838 0.841078
1.541838 0.841078 1.543210 0.841078
1.543210 0.841078 1.542524 0.839890
1.542524 0.839890 1.543210 0.838702
1.543210 0.838702 1.541838 0.838702
1.541838 0.838702 1.541152 0.837514
1.541152 0.837514 1.541838 0.836326
1.541838 0.836326 1.543210 0.836326
1.543210 0.836326 1.542524 0.835138
1.542524 0.835138 1.543210 0.833950
1.543210 0.833950 1.544582 0.833950
1.544582 0.833950 1.545267 0.835138
1.545267 0.835138 1.545953 0.833950
1.545953 0.833950 1.547325 0.833950
1.547325 0.833950 1.548011 0.835138
1.548011 0.835138 1.547325 0.836326
1.547325 0.836326 1.548697 0.836326
1.548697 0.836326 1.549383 0.837514
1.549383 0.837514 1.550069 0.836326
1.550069 0.836326 1.551440 0.836326
1.551440 0.836326 1.550754 0.835138
1.550754 0.835138 1.551440 0.833950
1.551440 0.833950 1.552812 0.833950
1.552812 0.833950 1.553498 0.835138
1.553498 0.835138 1.554184 0.833950
1.554184 0.833950 1.555556 0.833950
1.555556 0.833950 1.554870 0.832762
1.554870 0.832762 1.555556 0.831574
1.555556 0.831574 1.554184 0.831574
1.554184 0.831574 1.553498 0.830386
1.553498 0.830386 1.554184 0.829199
1.554184 0.829199 1.555556 0.829199
1.555556 0.829199 1.554870 0.828011
1.554870 0.828011 1.555556 0.826823
1.555556 0.826823 1.554184 0.826823
1.554184 0.826823 1.553498 0.825635
1.553498 0.825635 1.552812 0.826823
1.552812 0.826823 1.551440 0.826823
1.551440 0.826823 1.550754 0.825635
1.550754 0.825635 1.551440 0.824447
1.551440 0.824447 1.550069 0.824447
1.550069 0.824447 1.549383 0.823259
1.549383 0.823259 1.550069 0.822071
1.550069 0.822071 1.551440 0.822071
1.551440 0.822071 1.550754 0.820883
1.550754 0.820883 1.551440 0.819695
1.551440 0.819695 1.552812 0.819695
1.552812 0.819695 1.553498 0.820883
1.553498 0.820883 1.554184 0.819695
1.554184 0.819695 1.555556 0.819695
1.555556 0.819695 1.554870 0.818507
1.554870 0.818507 1.555556 0.817319
1.555556 0.817319 1.554184 0.817319
1.554184 0.817319 1.553498 0.816131
1.553498 0.816131 1.554184 0.814943
1.554184 0.814943 1.555556 0.814943
1.555556 0.814943 1.554870 0.813755
1.554870 0.813755 1.555556 0.812567
1.555556 0.812567 1.554184 0.812567
1.554184 0.812567 1.553498 0.811379
1.553498 0.811379 1.552812 0.812567
1.552812 0.812567 1.551440 0.812567
1.551440 0.812567 1.550754 0.811379
1.550754 0.811379 1.551440 0.810191
1.551440 0.810191 1.550069 0.810191
1.550069 0.810191 1.549383 0.809003
1.549383 0.809003 1.548697 0.810191
1.548697 0.810191 1.547325 0.810191
1.547325 0.810191 1.548011 0.811379
1.548011 0.811379 1.547325 0.812567
1.547325 0.812567 1.545953 0.812567
1.545953 0.812567 1.545267 0.811379
1.545267 0.811379 1.544582 0.812567
1.544582 0.812567 1.543210 0.812567
1.543210 0.812567 1.542524 0.811379
1.542524 0.811379 1.543210 0.810191
1.543210 0.810191 1.541838 0.810191
1.541838 0.810191 1.541152 0.809003
1.541152 0.809003 1.541838 0.807815
1.541838 0.807815 1.543210 0.807815
1.543210 0.807815 1.542524 0.806627
1.542524 0.806627 1.543210 0.805439
1.543210 0.805439 1.541838 0.805439
1.541838 0.805439 1.541152 0.804251
1.541152 0.804251 1.540466 0.805439
1.540466 0.805439 1.539095 0.805439
1.539095 0.805439 1.538409 0.804251
1.538409 0.804251 1.539095 0.803063
1.539095 0.803063 1.537723 0.803063
1.537723 0.803063 1.537037 0.801875
1.537037 0.801875 1.537723 0.800687
1.537723 0.800687 1.539095 0.800687
1.539095 0.800687 1.538409 0.799499
1.538409 0.799499 1.539095 0.798311
1.539095 0.798311 1.540466 0.798311
1.540466 0.798311 1.541152 0.799499
1.541152 0.799499 1.541838 0.798311
1.541838 0.798311 1.543210 0.798311
1.543210 0.798311 1.542524 0.797124
1.542524 0.797124 1.543210 0.795936
1.543210 0.795936 1.541838 0.795936
1.541838 0.795936 1.541152 0.794748
1.541152 0.794748 1.541838 0.793560
1.541838 0.793560 1.543210 0.793560
1.543210 0.793560 1.542524 0.792372
1.542524 0.792372 1.543210 0.791184
1.543210 0.791184 1.544582 0.791184
1.544582 0.791184 1.545267 0.792372
1.545267 0.792372 1.545953 0.791184
1.545953 0.791184 1.547325 0.791184
1.547325 0.791184 1.548011 0.792372
1.548011 0.792372 1.547325 0.793560
1.547325 0.793560 1.548697 0.793560
1.548697 0.793560 1.549383 0.794748
1.549383 0.794748 1.550069 0.793560
1.550069 0.793560 1.551440 0.793560
1.551440 0.793560 1.550754 0.792372
1.550754 0.792372 1.551440 0.791184
1.551440 0.791184 1.552812 0.791184
1.552812 0.791184 1.553498 0.792372
1.553498 0.792372 1.554184 0.791184
1.554184 0.791184 1.555556 0.791184
1.555556 0.791184 1.554870 0.789996
1.554870 0.789996 1.555556 0.788808
1.555556 0.788808 1.554184 0.788808
1.554184 0.788808 1.553498 0.787620
1.553498 0.787620 1.554184 0.786432
1.554184 0.786432 1.555556 0.786432
1.555556 0.786432 1.554870 0.785244
1.554870 0.785244 1.555556 0.784056
1.555556 0.784056 1.554184 0.784056
1.554184 0.784056 1.553498 0.782868
1.553498 0.782868 1.552812 0.784056
1.552812 0.784056 1.551440 0.784056
1.551440 0.784056 1.550754 0.782868
1.550754 0.782868 1.551440 0.781680
1.551440 0.781680 1.550069 0.781680
1.550069 0.781680 1.549383 0.780492
1.549383 0.780492 1.550069 0.779304
1.550069 0.779304 1.551440 0.779304
1.551440 0.779304 1.550754 0.778116
1.550754 0.778116 1.551440 0.776928
1.551440 0.776928 1.552812 0.776928
1.552812 0.776928 1.553498 0.778116
1.553498 0.778116 1.554184 0.776928
1.554184 0.776928 1.555556 0.776928
1.555556 0.776928 1.554870 0.775740
1.554870 0.775740 1.555556 0.774552
1.555556 0.774552 1.554184 0.774552
1.554184 0.774552 1.553498 0.773364
1.553498 0.773364 1.554184 0.772176
1.554184 0.772176 1.555556 0.772176
1.555556 0.772176 1.554870 0.770988
1.554870 0.770988 1.555556 0.769800
1.555556 0.769800 1.556927 0.769800
1.556927 0.769800 1.557613 0.770988
1.557613 0.770988 1.558299 0.769800
1.558299 0.769800 1.559671 0.769800
1.559671 0.769800 1.560357 0.770988
1.560357 0.770988 1.559671 0.772176
1.559671 0.772176 1.561043 0.772176
1.561043 0.772176 1.561728 0.773364
1.561728 0.773364 1.562414 0.772176
1.562414 0.772176 1.563786 0.772176
1.563786 0.772176 1.563100 0.770988
1.563100 0.770988 1.563786 0.769800
1.563786 0.769800 1.565158 0.769800
1.565158 0.769800 1.565844 0.770988
1.565844 0.770988 1.566529 0.769800
1.566529 0.769800 1.567901 0.769800
1.567901 0.769800 1.568587 0.770988
1.568587 0.770988 1.567901 0.772176
1.567901 0.772176 1.569273 0.772176
1.569273 0.772176 1.569959 0.773364
1.569959 0.773364 1.569273 0.774552
1.569273 0.774552 1.567901 0.774552
1.567901 0.774552 1.568587 0.775740
1.568587 0.775740 1.567901 0.776928
1.567901 0.776928 1.569273 0.776928
1.569273 0.776928 1.569959 0.778116
1.569959 0.778116 1.570645 0.776928
1.570645 0.776928 1.572016 0.776928
1.572016 0.776928 1.572702 0.778116
1.572702 0.778116 1.572016 0.779304
1.572016 0.779304 1.573388 0.779304
1.573388 0.779304 1.574074 0.780492
1.574074 0.780492 1.574760 0.779304
1.574760 0.779304 1.576132 0.779304
1.576132 0.779304 1.575446 0.778116
1.575446 0.778116 1.576132 0.776928
1.576132 0.776928 1.577503 0.776928
1.577503 0.776928 1.578189 0.778116
1.578189 0.778116 1.578875 0.776928
1.578875 0.776928 1.580247 0.776928
1.580247 0.776928 1.579561 0.775740
1.579561 0.775740 1.580247 0.774552
1.580247 0.774552 1.578875 0.774552
1.578875 0.774552 1.578189 0.773364
1.578189 0.773364 1.578875 0.772176
1.578875 0.772176 1.580247 0.772176
1.580247 0.772176 1.579561 0.770988
1.579561 0.770988 1.580247 0.769800
1.580247 0.769800 1.581619 0.769800
1.581619 0.769800 1.582305 0.770988
1.582305 0.770988 1.582990 0.769800
1.582990 0.769800 1.584362 0.769800
1.584362 0.769800 1.585048 0.770988
1.585048 0.770988 1.584362 0.772176
1.584362 0.772176 1.585734 0.772176
1.585734 0.772176 1.586420 0.773364
1.586420 0.773364 1.587106 0.772176
1.587106 0.772176 1.588477 0.772176
1.588477 0.772176 1.587791 0.770988
1.587791 0.770988 1.588477 0.769800
1.588477 0.769800 1.589849 0.769800
1.589849 0.769800 1.590535 0.770988
1.590535 0.770988 1.591221 0.769800
1.591221 0.769800 1.592593 0.769800
1.592593 0.769800 1.593278 0.770988
1.593278 0.770988 1.592593 0.772176
1.592593 0.772176 1.593964 0.772176
1.593964 0.772176 1.594650 0.773364
1.594650 0.773364 1.593964 0.774552
1.593964 0.774552 1.592593 0.774552
1.592593 0.774552 1.593278 0.775740
1.593278 0.775740 1.592593 0.776928
1.592593 0.776928 1.593964 0.776928
1.593964 0.776928 1.594650 0.778116
1.594650 0.778116 1.595336 0.776928
1.595336 0.776928 1.596708 0.776928
1.596708 0.776928 1.597394 0.778116
1.597394 0.778116 1.596708 0.779304
1.596708 0.779304 1.598080 0.779304
1.598080 0.779304 1.598765 0.780492
1.598765 0.780492 1.598080 0.781680
1.598080 0.781680 1.596708 0.781680
1.596708 0.781680 1.597394 0.782868
1.597394 0.782868 1.596708 0.784056
1.596708 0.784056 1.595336 0.784056
1.595336 0.784056 1.594650 0.782868
1.594650 0.782868 1.593964 0.784056
1.593964 0.784056 1.592593 0.784056
1.592593 0.784056 1.593278 0.785244
1.593278 0.785244 1.592593 0.786432
1.592593 0.786432 1.593964 0.786432
1.593964 0.786432 1.594650 0.787620
1.594650 0.787620 1.593964 0.788808
1.593964 0.788808 1.592593 0.788808
1.592593 0.788808 1.593278 0.789996
1.593278 0.789996 1.592593 0.791184
1.592593 0.791184 1.593964 0.791184
1.593964 0.791184 1.594650 0.792372
1.594650 0.792372 1.595336 0.791184
1.595336 0.791184 1.596708 0.791184
1.596708 0.791184 1.597394 0.792372
1.597394 0.792372 1.596708 0.793560
1.596708 0.793560 1.598080 0.793560
1.598080 0.793560 1.598765 0.794748
1.598765 0.794748 1.599451 0.793560
1.599451 0.793560 1.600823 0.793560
1.600823 0.793560 1.600137 0.792372
1.600137 0.792372 1.600823 0.791184
1.600823 0.791184 1.602195 0.791184
1.602195 0.791184 1.602881 0.792372
1.602881 0.792372 1.603567 0.791184
1.603567 0.791184 1.604938 0.791184
1.604938 0.791184 1.605624 0.792372
1.605624 0.792372 1.604938 0.793560
1.604938 0.793560 1.606310 0.793560
1.606310 0.793560 1.606996 0.794748
1.606996 0.794748 1.606310 0.795936
1.606310 0.795936 1.604938 0.795936
1.604938 0.795936 1.605624 0.797124
1.605624 0.797124 1.604938 0.798311
1.604938 0.798311 1.606310 0.798311
1.606310 0.798311 1.606996 0.799499
1.606996 0.799499 1.607682 0.798311
1.607682 0.798311 1.609053 0.798311
1.609053 0.798311 1.609739 0.799499
1.609739 0.799499 1.609053 0.800687
1.609053 0.800687 1.610425 0.800687
1.610425 0.800687 1.611111 0.801875
1.611111 0.801875 1.611797 0.800687
1.611797 0.800687 1.613169 0.800687
1.613169 0.800687 1.612483 0.799499
1.612483 0.799499 1.613169 0.798311
1.613169 0.798311 1.614540 0.798311
1.614540 0.798311 1.615226 0.799499
1.615226 0.799499 1.615912 0.798311
1.615912 0.798311 1.617284 0.798311
1.617284 0.798311 1.616598 0.797124
1.616598 0.797124 1.617284 0.795936
1.617284 0.795936 1.615912 0.795936
1.615912 0.795936 1.615226 0.794748
1.615226 0.794748 1.615912 0.793560
1.615912 0.793560 1.617284 0.793560
1.617284 0.793560 1.616598 0.792372
1.616598 0.792372 1.617284 0.791184
1.617284 0.791184 1.618656 0.791184
1.618656 0.791184 1.619342 0.792372
1.619342 0.792372 1.620027 0.791184
1.620027 0.791184 1.621399 0.791184
1.621399 0.791184 1.622085 0.792372
1.622085 0.792372 1.621399 0.793560
1.621399 0.793560 1.622771 0.793560
1.622771 0.793560 1.623457 0.794748
1.623457 0.794748 1.624143 0.793560
1.624143 0.793560 1.625514 0.793560
1.625514 0.793560 1.624829 0.792372
1.624829 0.792372 1.625514 0.791184
1.625514 0.791184 1.626886 0.791184
1.626886 0.791184 1.627572 0.792372
1.627572 0.792372 1.628258 0.791184
1.628258 0.791184 1.629630 0.791184
1.629630 0.791184 1.628944 0.789996
1.628944 0.789996 1.629630 0.788808
1.629630 0.788808 1.628258 0.788808
1.628258 0.788808 1.627572 0.787620
1.627572 0.787620 1.628258 0.786432
1.628258 0.786432 1.629630 0.786432
1.629630 0.786432 1.628944 0.785244
1.628944 0.785244 1.629630 0.784056
1.629630 0.784056 1.628258 0.784056
1.628258 0.784056 1.627572 0.782868
1.627572 0.782868 1.626886 0.784056
1.626886 0.784056 1.625514 0.784056
1.625514 0.784056 1.624829 0.782868
1.624829 0.782868 1.625514 0.781680
1.625514 0.781680 1.624143 0.781680
1.624143 0.781680 1.623457 0.780492
1.623457 0.780492 1.624143 0.779304
1.624143 0.779304 1.625514 0.779304
1.625514 0.779304 1.624829 0.778116
1.624829 0.778116 1.625514 0.776928
1.625514 0.776928 1.626886 0.776928
1.626886 0.776928 1.627572 0.778116
1.627572 0.778116 1.628258 0.776928
1.628258 0.776928 1.629630 0.776928
1.629630 0.776928 1.628944 0.775740
1.628944 0.775740 1.629630 0.774552
1.629630 0.774552 1.628258 0.774552
1.628258 0.774552 1.627572 0.773364
1.627572 0.773364 1.628258 0.772176
1.628258 0.772176 1.629630 0.772176
1.629630 0.772176 1.628944 0.770988
1.628944 0.770988 1.629630 0.769800
1.629630 0.769800 1.631001 0.769800
1.631001 0.769800 1.631687 0.770988
1.631687 0.770988 1.632373 0.769800
1.632373 0.769800 1.633745 0.769800
1.633745 0.769800 1.634431 0.770988
1.634431 0.770988 1.633745 0.772176
1.633745 0.772176 1.635117 0.772176
1.635117 0.772176 1.635802 0.773364
1.635802 0.773364 1.636488 0.772176
1.636488 0.772176 1.637860 0.772176
1.637860 0.772176 1.637174 0.770988
1.637174 0.770988 1.637860 0.769800
1.637860 0.769800 1.639232 0.769800
1.639232 0.769800 1.639918 0.770988
1.639918 0.770988 1.640604 0.769800
1.640604 0.769800 1.641975 0.769800
1.641975 0.769800 1.642661 0.770988
1.642661 0.770988 1.641975 0.772176
1.641975 0.772176 1.643347 0.772176
1.643347 0.772176 1.644033 0.773364
1.644033 0.773364 1.643347 0.774552
1.643347 0.774552 1.641975 0.774552
1.641975 0.774552 1.642661 0.775740
1.642661 0.775740 1.641975 0.776928
1.641975 0.776928 1.643347 0.776928
1.643347 0.776928 1.644033 0.778116
1.644033 0.778116 1.644719 0.776928
1.644719 0.776928 1.646091 0.776928
1.646091 0.776928 1.646776 0.778116
1.646776 0.778116 1.646091 0.779304
1.646091 0.779304 1.647462 0.779304
1.647462 0.779304 1.648148 0.780492
1.648148 0.780492 1.648834 0.779304
1.648834 0.779304 1.650206 0.779304
1.650206 0.779304 1.649520 0.778116
1.649520 0.778116 1.650206 0.776928
1.650206 0.776928 1.651578 0.776928
1.651578 0.776928 1.652263 0.778116
1.652263 0.778116 1.652949 0.776928
1.652949 0.776928 1.654321 0.776928
1.654321 0.776928 1.653635 0.775740
1.653635 0.775740 1.654321 0.774552
1.654321 0.774552 1.652949 0.774552
1.652949 0.774552 1.652263 0.773364
1.652263 0.773364 1.652949 0.772176
1.652949 0.772176 1.654321 0.772176
1.654321 0.772176 1.653635 0.770988
1.653635 0.770988 1.654321 0.769800
1.654321 0.769800 1.655693 0.769800
1.655693 0.769800 1.656379 0.770988
1.656379 0.770988 1.657064 0.769800
1.657064 0.769800 1.658436 0.769800
1.658436 0.769800 1.659122 0.770988
1.659122 0.770988 1.658436 0.772176
1.658436 0.772176 1.659808 0.772176
1.659808 0.772176 1.660494 0.773364
1.660494 0.773364 1.661180 0.772176
1.661180 0.772176 1.662551 0.772176
1.662551 0.772176 1.661866 0.770988
1.661866 0.770988 1.662551 0.769800
1.662551 0.769800 1.663923 0.769800
1.663923 0.769800 1.664609 0.770988
1.664609 0.770988 1.665295 0.769800
1.665295 0.769800 1.666667 0.769800
1.666667 0.769800 1.665981 0.768612
1.665981 0.768612 1.666667 0.767424
1.666667 0.767424 1.665295 0.767424
1.665295 0.767424 1.664609 0.766236
1.664609 0.766236 1.665295 0.765049
1.665295 0.765049 1.666667 0.765049
1.666667 0.765049 1.665981 0.763861
1.665981 0.763861 1.666667 0.762673
1.666667 0.762673 1.665295 0.762673
1.665295 0.762673 1.664609 0.761485
1.664609 0.761485 1.663923 0.762673
1.663923 0.762673 1.662551 0.762673
1.662551 0.762673 1.661866 0.761485
1.661866 0.761485 1.662551 0.760297
1.662551 0.760297 1.661180 0.760297
1.661180 0.760297 1.660494 0.759109
1.660494 0.759109 1.661180 0.757921
1.661180 0.757921 1.662551 0.757921
1.662551 0.757921 1.661866 0.756733
1.661866 0.756733 1.662551 0.755545
1.662551 0.755545 1.663923 0.755545
1.663923 0.755545 1.664609 0.756733
1.664609 0.756733 1.665295 0.755545
1.665295 0.755545 1.666667 0.755545
1.666667 0.755545 1.665981 0.754357
1.665981 0.754357 1.666667 0.753169
1.666667 0.753169 1.665295 0.753169
1.665295 0.753169 1.664609 0.751981
1.664609 0.751981 1.665295 0.750793
1.665295 0.750793 1.666667 0.750793
1.666667 0.750793 1.665981 0.749605
1.665981 0.749605 1.666667 0.748417
1.666667 0.748417 1.665295 0.748417
1.665295 0.748417 1.664609 0.747229
1.664609 0.747229 1.663923 0.748417
1.663923 0.748417 1.662551 0.748417
1.662551 0.748417 1.661866 0.747229
1.661866 0.747229 1.662551 0.746041
1.662551 0.746041 1.661180 0.746041
1.661180 0.746041 1.660494 0.744853
1.660494 0.744853 1.659808 0.746041
1.659808 0.746041 1.658436 0.746041
1.658436 0.746041 1.659122 0.747229
1.659122 0.747229 1.658436 0.748417
1.658436 0.748417 1.657064 0.748417
1.657064 0.748417 1.656379 0.747229
1.656379 0.747229 1.655693 0.748417
1.655693 0.748417 1.654321 0.748417
1.654321 0.748417 1.653635 0.747229
1.653635 0.747229 1.654321 0.746041
1.654321 0.746041 1.652949 0.746041
1.652949 0.746041 1.652263 0.744853
1.652263 0.744853 1.652949 0.743665
1.652949 0.743665 1.654321 0.743665
1.654321 0.743665 1.653635 0.742477
1.653635 0.742477 1.654321 0.741289
1.654321 0.741289 1.652949 0.741289
1.652949 0.741289 1.652263 0.740101
1.652263 0.740101 1.651578 0.741289
1.651578 0.741289 1.650206 0.741289
1.650206 0.741289 1.649520 0.740101
1.649520 0.740101 1.650206 0.738913
1.650206 0.738913 1.648834 0.738913
1.648834 0.738913 1.648148 0.737725
1.648148 0.737725 1.648834 0.736537
1.648834 0.736537 1.650206 0.736537
1.650206 0.736537 1.649520 0.735349
1.649520 0.735349 1.650206 0.734161
1.650206 0.734161 1.651578 0.734161
1.651578 0.734161 1.652263 0.735349
1.652263 0.735349 1.652949 0.734161
1.652949 0.734161 1.654321 0.734161
1.654321 0.734161 1.653635 0.732973
1.653635 0.732973 1.654321 0.731786
1.654321 0.731786 1.652949 0.731786
1.652949 0.731786 1.652263 0.730598
1.652263 0.730598 1.652949 0.729410
1.652949 0.729410 1.654321 0.729410
1.654321 0.729410 1.653635 0.728222
1.653635 0.728222 1.654321 0.727034
1.654321 0.727034 1.655693 0.727034
1.655693 0.727034 1.656379 0.728222
1.656379 0.728222 1.657064 0.727034
1.657064 0.727034 1.658436 0.727034
1.658436 0.727034 1.659122 0.728222
1.659122 0.728222 1.658436 0.729410
1.658436 0.729410 1.659808 0.729410
1.659808 0.729410 1.660494 0.730598
1.660494 0.730598 1.661180 0.729410
1.661180 0.729410 1.662551 0.729410
1.662551 0.729410 1.661866 0.728222
1.661866 0.728222 1.662551 0.727034
1.662551 0.727034 1.663923 0.727034
1.663923 0.727034 1.664609 0.728222
1.664609 0.728222 1.665295 0.727034
1.665295 0.727034 1.666667 0.727034
1.666667 0.727034 1.665981 0.725846
1.665981 0.725846 1.666667 0.724658
1.666667 0.724658 1.665295 0.724658
1.665295 0.724658 1.664609 0.723470
1.664609 0.723470 1.665295 0.722282
1.665295 0.722282 1.666667 0.722282
1.666667 0.722282 1.665981 0.721094
1.665981 0.721094 1.666667 0.719906
1.666667 0.719906 1.665295 0.719906
1.665295 0.719906 1.664609 0.718718
1.664609 0.718718 1.663923 0.719906
1.663923 0.719906 1.662551 0.719906
1.662551 0.719906 1.661866 0.718718
1.661866 0.718718 1.662551 0.717530
1.662551 0.717530 1.661180 0.717530
1.661180 0.717530 1.660494 0.716342
1.660494 0.716342 1.661180 0.715154
1.661180 0.715154 1.662551 0.715154
1.662551 0.715154 1.661866 0.713966
1.661866 0.713966 1.662551 0.712778
1.662551 0.712778 1.663923 0.712778
1.663923 0.712778 1.664609 0.713966
1.664609 0.713966 1.665295 0.712778
1.665295 0.712778 1.666667 0.712778
1.666667 0.712778 1.665981 0.711590
1.665981 0.711590 1.666667 0.710402
1.666667 0.710402 1.665295 0.710402
1.665295 0.710402 1.664609 0.709214
1.664609 0.709214 1.665295 0.708026
1.665295 0.708026 1.666667 0.708026
1.666667 0.708026 1.665981 0.706838
1.665981 0.706838 1.666667 0.705650
1.666667 0.705650 1.665295 0.705650
1.665295 0.705650 1.664609 0.704462
1.664609 0.704462 1.663923 0.705650
1.663923 0.705650 1.662551 0.705650
1.662551 0.705650 1.661866 0.704462
1.661866 0.704462 1.662551 0.703274
1.662551 0.703274 1.661180 0.703274
1.661180 0.703274 1.660494 0.702086
1.660494 0.702086 1.659808 0.703274
1.659808 0.703274 1.658436 0.703274
1.658436 0.703274 1.659122 0.704462
1.659122 0.704462 1.658436 0.705650
1.658436 0.705650 1.657064 0.705650
1.657064 0.705650 1.656379 0.704462
1.656379 0.704462 1.655693 0.705650
1.655693 0.705650 1.654321 0.705650
1.654321 0.705650 1.653635 0.704462
1.653635 0.704462 1.654321 0.703274
1.654321 0.703274 1.652949 0.703274
1.652949 0.703274 1.652263 0.702086
1.652263 0.702086 1.652949 0.700898
1.652949 0.700898 1.654321 0.700898
1.654321 0.700898 1.653635 0.699711
1.653635 0.699711 1.654321 0.698523
1.654321 0.698523 1.652949 0.698523
1.652949 0.698523 1.652263 0.697335
1.652263 0.697335 1.651578 0.698523
1.651578 0.698523 1.650206 0.698523
1.650206 0.698523 1.649520 0.697335
1.649520 0.697335 1.650206 0.696147
1.650206 0.696147 1.648834 0.696147
1.648834 0.696147 1.648148 0.694959
1.648148 0.694959 1.647462 0.696147
1.647462 0.696147 1.646091 0.696147
1.646091 0.696147 1.646776 0.697335
1.646776 0.697335 1.646091 0.698523
1.646091 0.698523 1.644719 0.698523
1.644719 0.698523 1.644033 0.697335
1.644033 0.697335 1.643347 0.698523
1.643347 0.698523 1.641975 0.698523
1.641975 0.698523 1.642661 0.699711
1.642661 0.699711 1.641975 0.700898
1.641975 0.700898 1.643347 0.700898
1.643347 0.700898 1.644033 0.702086
1.644033 0.702086 1.643347 0.703274
1.643347 0.703274 1.641975 0.703274
1.641975 0.703274 1.642661 0.704462
1.642661 0.704462 1.641975 0.705650
1.641975 0.705650 1.640604 0.705650
1.640604 0.705650 1.639918 0.704462
1.639918 0.704462 1.639232 0.705650
1.639232 0.705650 1.637860 0.705650
1.637860 0.705650 1.637174 0.704462
1.637174 0.704462 1.637860 0.703274
1.637860 0.703274 1.636488 0.703274
1.636488 0.703274 1.635802 0.702086
1.635802 0.702086 1.635117 0.703274
1.635117 0.703274 1.633745 0.703274
1.633745 0.703274 1.634431 0.704462
1.634431 0.704462 1.633745 0.705650
1.633745 0.705650 1.632373 0.705650
1.632373 0.705650 1.631687 0.704462
1.631687 0.704462 1.631001 0.705650
1.631001 0.705650 1.629630 0.705650
1.629630 0.705650 1.628944 0.704462
1.628944 0.704462 1.629630 0.703274
1.629630 0.703274 1.628258 0.703274
1.628258 0.703274 1.627572 0.702086
1.627572 0.702086 1.628258 0.700898
1.628258 0.700898 1.629630 0.700898
1.629630 0.700898 1.628944 0.699711
1.628944 0.699711 1.629630 0.698523
1.629630 0.698523 1.628258 0.698523
1.628258 0.698523 1.627572 0.697335
1.627572 0.697335 1.626886 0.698523
1.626886 0.698523 1.625514 0.698523
1.625514 0.698523 1.624829 0.697335
1.624829 0.697335 1.625514 0.696147
1.625514 0.696147 1.624143 0.696147
1.624143 0.696147 1.623457 0.694959
1.623457 0.694959 1.624143 0.693771
1.624143 0.693771 1.625514 0.693771
1.625514 0.693771 1.624829 0.692583
1.624829 0.692583 1.625514 0.691395
1.625514 0.691395 1.626886 0.691395
1.626886 0.691395 1.627572 0.692583
1.627572 0.692583 1.628258 0.691395
1.628258 0.691395 1.629630 0.691395
1.629630 0.691395 1.628944 0.690207
1.628944 0.690207 1.629630 0.689019
1.629630 0.689019 1.628258 0.689019
1.628258 0.689019 1.627572 0.687831
1.627572 0.687831 1.628258 0.686643
1.628258 0.686643 1.629630 0.686643
1.629630 0.686643 1.628944 0.685455
1.628944 0.685455 1.629630 0.684267
1.629630 0.684267 1.628258 0.684267
1.628258 0.684267 1.627572 0.683079
1.627572 0.683079 1.626886 0.684267
1.626886 0.684267 1.625514 0.684267
1.625514 0.684267 1.624829 0.683079
1.624829 0.683079 1.625514 0.681891
1.625514 0.681891 1.624143 0.681891
1.624143 0.681891 1.623457 0.680703
1.623457 0.680703 1.622771 0.681891
1.622771 0.681891 1.621399 0.681891
1.621399 0.681891 1.622085 0.683079
1.622085 0.683079 1.621399 0.684267
1.621399 0.684267 1.620027 0.684267
1.620027 0.684267 1.619342 0.683079
1.619342 0.683079 1.618656 0.684267
1.618656 0.684267 1.617284 0.684267
1.617284 0.684267 1.616598 0.683079
1.616598 0.683079 1.617284 0.681891
1.617284 0.681891 1.615912 0.681891
1.615912 0.681891 1.615226 0.680703
1.615226 0.680703 1.615912 0.679515
1.615912 0.679515 1.617284 0.679515
1.617284 0.679515 1.616598 0.678327
1.616598 0.678327 1.617284 0.677139
1.617284 0.677139 1.615912 0.677139
1.615912 0.677139 1.615226 0.675951
1.615226 0.675951 1.614540 0.677139
1.614540 0.677139 1.613169 0.677139
1.613169 0.677139 1.612483 0.675951
1.612483 0.675951 1.613169 0.674763
1.613169 0.674763 1.611797 0.674763
1.611797 0.674763 1.611111 0.673575
1.611111 0.673575 1.611797 0.672387
1.611797 0.672387 1.613169 0.672387
1.613169 0.672387 1.612483 0.671199
1.612483 0.671199 1.613169 0.670011
1.613169 0.670011 1.614540 0.670011
1.614540 0.670011 1.615226 0.671199
1.615226 0.671199 1.615912 0.670011
1.615912 0.670011 1.617284 0.670011
1.617284 0.670011 1.616598 0.668823
1.616598 0.668823 1.617284 0.667635
1.617284 0.667635 1.615912 0.667635
1.615912 0.667635 1.615226 0.666448
1.615226 0.666448 1.615912 0.665260
1.615912 0.665260 1.617284 0.665260
1.617284 0.665260 1.616598 0.664072
1.616598 0.664072 1.617284 0.662884
1.617284 0.662884 1.618656 0.662884
1.618656 0.662884 1.619342 0.664072
1.619342 0.664072 1.620027 0.662884
1.620027 0.662884 1.621399 0.662884
1.621399 0.662884 1.622085 0.664072
1.622085 0.664072 1.621399 0.665260
1.621399 0.665260 1.622771 0.665260
1.622771 0.665260 1.623457 0.666448
1.623457 0.666448 1.624143 0.665260
1.624143 0.665260 1.625514 0.665260
1.625514 0.665260 1.624829 0.664072
1.624829 0.664072 1.625514 0.662884
1.625514 0.662884 1.626886 0.662884
1.626886 0.662884 1.627572 0.664072
1.627572 0.664072 1.628258 0.662884
1.628258 0.662884 1.629630 0.662884
1.629630 0.662884 1.628944 0.661696
1.628944 0.661696 1.629630 0.660508
1.629630 0.660508 1.628258 0.660508
1.628258 0.660508 1.627572 0.659320
1.627572 0.659320 1.628258 0.658132
1.628258 0.658132 1.629630 0.658132
1.629630 0.658132 1.628944 0.656944
1.628944 0.656944 1.629630 0.655756
1.629630 0.655756 1.628258 0.655756
1.628258 0.655756 1.627572 0.654568
1.627572 0.654568 1.626886 0.655756
1.626886 0.655756 1.625514 0.655756
1.625514 0.655756 1.624829 0.654568
1.624829 0.654568 1.625514 0.653380
1.625514 0.653380 1.624143 0.653380
1.624143 0.653380 1.623457 0.652192
1.623457 0.652192 1.624143 0.651004
1.624143 0.651004 1.625514 0.651004
1.625514 0.651004 1.624829 0.649816
1.624829 0.649816 1.625514 0.648628
1.625514 0.648628 1.626886 0.648628
1.626886 0.648628 1.627572 0.649816
1.627572 0.649816 1.628258 0.648628
1.628258 0.648628 1.629630 0.648628
1.629630 0.648628 1.628944 0.647440
1.628944 0.647440 1.629630 0.646252
1.629630 0.646252 1.628258 0.646252
1.628258 0.646252 1.627572 0.645064
1.627572 0.645064 1.628258 0.643876
1.628258 0.643876 1.629630 0.643876
1.629630 0.643876 1.628944 0.642688
1.628944 0.642688 1.629630 0.641500
1.629630 0.641500 1.631001 0.641500
1.631001 0.641500 1.631687 0.642688
1.631687 0.642688 1.632373 0.641500
1.632373 0.641500 1.633745 0.641500
1.633745 0.641500 1.634431 0.642688
1.634431 0.642688 1.633745 0.643876
1.633745 0.643876 1.635117 0.643876
1.635117 0.643876 1.635802 0.645064
1.635802 0.645064 1.636488 0.643876
1.636488 0.643876 1.637860 0.643876
1.637860 0.643876 1.637174 0.642688
1.637174 0.642688 1.637860 0.641500
1.637860 0.641500 1.639232 0.641500
1.639232 0.641500 1.639918 0.642688
1.639918 0.642688 1.640604 0.641500
1.640604 0.641500 1.641975 0.641500
1.641975 0.641500 1.642661 0.642688
1.642661 0.642688 1.641975 0.643876
1.641975 0.643876 1.643347 0.643876
1.643347 0.643876 1.644033 0.645064
1.644033 0.645064 1.643347 0.646252
1.643347 0.646252 1.641975 0.646252
1.641975 0.646252 1.642661 0.647440
1.642661 0.647440 1.641975 0.648628
1.641975 0.648628 1.643347 0.648628
1.643347 0.648628 1.644033 0.649816
1.644033 0.649816 1.644719 0.648628
1.644719 0.648628 1.646091 0.648628
1.646091 0.648628 1.646776 0.649816
1.646776 0.649816 1.646091 0.651004
1.646091 0.651004 1.647462 0.651004
1.647462 0.651004 1.648148 0.652192
1.648148 0.652192 1.648834 0.651004
1.648834 0.651004 1.650206 0.651004
1.650206 0.651004 1.649520 0.649816
1.649520 0.649816 1.650206 0.648628
1.650206 0.648628 1.651578 0.648628
1.651578 0.648628 1.652263 0.649816
1.652263 0.649816 1.652949 0.648628
1.652949 0.648628 1.654321 0.648628
1.654321 0.648628 1.653635 0.647440
1.653635 0.647440 1.654321 0.646252
1.654321 0.646252 1.652949 0.646252
1.652949 0.646252 1.652263 0.645064
1.652263 0.645064 1.652949 0.643876
1.652949 0.643876 1.654321 0.643876
1.654321 0.643876 1.653635 0.642688
1.653635 0.642688 1.654321 0.641500
1.654321 0.641500 1.655693 0.641500
1.655693 0.641500 1.656379 0.642688
1.656379 0.642688 1.657064 0.641500
1.657064 0.641500 1.658436 0.641500
1.658436 0.641500 1.659122 0.642688
1.659122 0.642688 1.658436 0.643876
1.658436 0.643876 1.659808 0.643876
1.659808 0.643876 1.660494 0.645064
1.660494 0.645064 1.661180 0.643876
1.661180 0.643876 1.662551 0.643876
1.662551 0.643876 1.661866 0.642688
1.661866 0.642688 1.662551 0.641500
1.662551 0.641500 1.663923 0.641500
1.663923 0.641500 1.664609 0.642688
1.664609 0.642688 1.665295 0.641500
1.665295 0.641500 1.666667 0.641500
1.666667 0.641500 1.665981 0.640312
1.665981 0.640312 1.666667 0.639124
1.666667 0.639124 1.665295 0.639124
1.665295 0.639124 1.664609 0.637936
1.664609 0.637936 1.665295 0.636748
1.665295 0.636748 1.666667 0.636748
1.666667 0.636748 1.665981 0.635560
1.665981 0.635560 1.666667 0.634373
1.666667 0.634373 1.665295 0.634373
1.665295 0.634373 1.664609 0.633185
1.664609 0.633185 1.663923 0.634373
1.663923 0.634373 1.662551 0.634373
1.662551 0.634373 1.661866 0.633185
1.661866 0.633185 1.662551 0.631997
1.662551 0.631997 1.661180 0.631997
1.661180 0.631997 1.660494 0.630809
1.660494 0.630809 1.661180 0.629621
1.661180 0.629621 1.662551 0.629621
1.662551 0.629621 1.661866 0.628433
1.661866 0.628433 1.662551 0.627245
1.662551 0.627245 1.663923 0.627245
1.663923 0.627245 1.664609 0.628433
1.664609 0.628433 1.665295 0.627245
1.665295 0.627245 1.666667 0.627245
1.666667 0.627245 1.665981 0.626057
1.665981 0.626057 1.666667 0.624869
1.666667 0.624869 1.665295 0.624869
1.665295 0.624869 1.664609 0.623681
1.664609 0.623681 1.665295 0.622493
1.665295 0.622493 1.666667 0.622493
1.666667 0.622493 1.665981 0.621305
1.665981 0.621305 1.666667 0.620117
1.666667 0.620117 1.665295 0.620117
1.665295 0.620117 1.664609 0.618929
1.664609 0.618929 1.663923 0.620117
1.663923 0.620117 1.662551 0.620117
1.662551 0.620117 1.661866 0.618929
1.661866 0.618929 1.662551 0.617741
1.662551 0.617741 1.661180 0.617741
1.661180 0.617741 1.660494 0.616553
1.660494 0.616553 1.659808 0.617741
1.659808 0.617741 1.658436 0.617741
1.658436 0.617741 1.659122 0.618929
1.659122 0.618929 1.658436 0.620117
1.658436 0.620117 1.657064 0.620117
1.657064 0.620117 1.656379 0.618929
1.656379 0.618929 1.655693 0.620117
1.655693 0.620117 1.654321 0.620117
1.654321 0.620117 1.653635 0.618929
1.653635 0.618929 1.654321 0.617741
1.654321 0.617741 1.652949 0.617741
1.652949 0.617741 1.652263 0.616553
1.652263 0.616553 1.652949 0.615365
1.652949 0.615365 1.654321 0.615365
1.654321 0.615365 1.653635 0.614177
1.653635 0.614177 1.654321 0.612989
1.654321 0.612989 1.652949 0.612989
1.652949 0.612989 1.652263 0.611801
1.652263 0.611801 1.651578 0.612989
1.651578 0.612989 1.650206 0.612989
1.650206 0.612989 1.649520 0.611801
1.649520 0.611801 1.650206 0.610613
1.650206 0.610613 1.648834 0.610613
1.648834 0.610613 1.648148 0.609425
1.648148 0.609425 1.648834 0.608237
1.648834 0.608237 1.650206 0.608237
1.650206 0.608237 1.649520 0.607049
1.649520 0.607049 1.650206 0.605861
1.650206 0.605861 1.651578 0.605861
1.651578 0.605861 1.652263 0.607049
1.652263 0.607049 1.652949 0.605861
1.652949 0.605861 1.654321 0.605861
1.654321 0.605861 1.653635 0.604673
1.653635 0.604673 1.654321 0.603485
1.654321 0.603485 1.652949 0.603485
1.652949 0.603485 1.652263 0.602298
1.652263 0.602298 1.652949 0.601110
1.652949 0.601110 1.654321 0.601110
1.654321 0.601110 1.653635 0.599922
1.653635 0.599922 1.654321 0.598734
1.654321 0.598734 1.655693 0.598734
1.655693 0.598734 1.656379 0.599922
1.656379 0.599922 1.657064 0.598734
1.657064 0.598734 1.658436 0.598734
1.658436 0.598734 1.659122 0.599922
1.659122 0.599922 1.658436 0.601110
1.658436 0.601110 1.659808 0.601110
1.659808 0.601110 1.660494 0.602298
1.660494 0.602298 1.661180 0.601110
1.661180 0.601110 1.662551 0.601110
1.662551 0.601110 1.661866 0.599922
1.661866 0.599922 1.662551 0.598734
1.662551 0.598734 1.663923 0.598734
1.663923 0.598734 1.664609 0.599922
1.664609 0.599922 1.665295 0.598734
1.665295 0.598734 1.666667 0.598734
1.666667 0.598734 1.665981 0.597546
1.665981 0.597546 1.666667 0.596358
1.666667 0.596358 1.665295 0.596358
1.665295 0.596358 1.664609 0.595170
1.664609 0.595170 1.665295 0.593982
1.665295 0.593982 1.666667 0.593982
1.666667 0.593982 1.665981 0.592794
1.665981 0.592794 1.666667 0.591606
1.666667 0.591606 1.665295 0.591606
1.665295 0.591606 1.664609 0.590418
1.664609 0.590418 1.663923 0.591606
1.663923 0.591606 1.662551 0.591606
1.662551 0.591606 1.661866 0.590418
1.661866 0.590418 1.662551 0.589230
1.662551 0.589230 1.661180 0.589230
1.661180 0.589230 1.660494 0.588042
1.660494 0.588042 1.661180 0.586854
1.661180 0.586854 1.662551 0.586854
1.662551 0.586854 1.661866 0.585666
1.661866 0.585666 1.662551 0.584478
1.662551 0.584478 1.663923 0.584478
1.663923 0.584478 1.664609 0.585666
1.664609 0.585666 1.665295 0.584478
1.665295 0.584478 1.666667 0.584478
1.666667 0.584478 1.665981 0.583290
1.665981 0.583290 1.666667 0.582102
1.666667 0.582102 1.665295 0.582102
1.665295 0.582102 1.664609 0.580914
1.664609 0.580914 1.665295 0.579726
1.665295 0.579726 1.666667 0.579726
1.666667 0.579726 1.665981 0.578538
1.665981 0.578538 1.666667 0.577350
1.666667 0.577350 1.668038 0.577350
1.668038 0.577350 1.668724 0.578538
1.668724 0.578538 1.669410 0.577350
1.669410 0.577350 1.670782 0.577350
1.670782 0.577350 1.671468 0.578538
1.671468 0.578538 1.670782 0.579726
1.670782 0.579726 1.672154 0.579726
1.672154 0.579726 1.672840 0.580914
1.672840 0.580914 1.673525 0.579726
1.673525 0.579726 1.674897 0.579726
1.674897 0.579726 1.674211 0.578538
1.674211 0.578538 1.674897 0.577350
1.674897 0.577350 1.676269 0.577350
1.676269 0.577350 1.676955 0.578538
1.676955 0.578538 1.677641 0.577350
1.677641 0.577350 1.679012 0.577350
1.679012 0.577350 1.679698 0.578538
1.679698 0.578538 1.679012 0.579726
1.679012 0.579726 1.680384 0.579726
1.680384 0.579726 1.681070 0.580914
1.681070 0.580914 1.680384 0.582102
1.680384 0.582102 1.679012 0.582102
1.679012 0.582102 1.679698 0.583290
1.679698 0.583290 1.679012 0.584478
1.679012 0.584478 1.680384 0.584478
1.680384 0.584478 1.681070 0.585666
1.681070 0.585666 1.681756 0.584478
1.681756 0.584478 1.683128 0.584478
1.683128 0.584478 1.683813 0.585666
1.683813 0.585666 1.683128 0.586854
1.683128 0.586854 1.684499 0.586854
1.684499 0.586854 1.685185 0.588042
1.685185 0.588042 1.685871 0.586854
1.685871 0.586854 1.687243 0.586854
1.687243 0.586854 1.686557 0.585666
1.686557 0.585666 1.687243 0.584478
1.687243 0.584478 1.688615 0.584478
1.688615 0.584478 1.689300 0.585666
1.689300 0.585666 1.689986 0.584478
1.689986 0.584478 1.691358 0.584478
1.691358 0.584478 1.690672 0.583290
1.690672 0.583290 1.691358 0.582102
1.691358 0.582102 1.689986 0.582102
1.689986 0.582102 1.689300 0.580914
1.689300 0.580914 1.689986 0.579726
1.689986 0.579726 1.691358 0.579726
1.691358 0.579726 1.690672 0.578538
1.690672 0.578538 1.691358 0.577350
1.691358 0.577350 1.692730 0.577350
1.692730 0.577350 1.693416 0.578538
1.693416 0.578538 1.694102 0.577350
1.694102 0.577350 1.695473 0.577350
1.695473 0.577350 1.696159 0.578538
1.696159 0.578538 1.695473 0.579726
1.695473 0.579726 1.696845 0.579726
1.696845 0.579726 1.697531 0.580914
1.697531 0.580914 1.698217 0.579726
1.698217 0.579726 1.699588 0.579726
1.699588 0.579726 1.698903 0.578538
1.698903 0.578538 1.699588 0.577350
1.699588 0.577350 1.700960 0.577350
1.700960 0.577350 1.701646 0.578538
1.701646 0.578538 1.702332 0.577350
1.702332 0.577350 1.703704 0.577350
1.703704 0.577350 1.704390 0.578538
1.704390 0.578538 1.703704 0.579726
1.703704 0.579726 1.705075 0.579726
1.705075 0.579726 1.705761 0.580914
1.705761 0.580914 1.705075 0.582102
1.705075 0.582102 1.703704 0.582102
1.703704 0.582102 1.704390 0.583290
1.704390 0.583290 1.703704 0.584478
1.703704 0.584478 1.705075 0.584478
1.705075 0.584478 1.705761 0.585666
1.705761 0.585666 1.706447 0.584478
1.706447 0.584478 1.707819 0.584478
1.707819 0.584478 1.708505 0.585666
1.708505 0.585666 1.707819 0.586854
1.707819 0.586854 1.709191 0.586854
1.709191 0.586854 1.709877 0.588042
1.709877 0.588042 1.709191 0.589230
1.709191 0.589230 1.707819 0.589230
1.707819 0.589230 1.708505 0.590418
1.708505 0.590418 1.707819 0.591606
1.707819 0.591606 1.706447 0.591606
1.706447 0.591606 1.705761 0.590418
1.705761 0.590418 1.705075 0.591606
1.705075 0.591606 1.703704 0.591606
1.703704 0.591606 1.704390 0.592794
1.704390 0.592794 1.703704 0.593982
1.703704 0.593982 1.705075 0.593982
1.705075 0.593982 1.705761 0.595170
1.705761 0.595170 1.705075 0.596358
1.705075 0.596358 1.703704 0.596358
1.703704 0.596358 1.704390 0.597546
1.704390 0.597546 1.703704 0.598734
1.703704 0.598734 1.705075 0.598734
1.705075 0.598734 1.705761 0.599922
1.705761 0.599922 1.706447 0.598734
1.706447 0.598734 1.707819 0.598734
1.707819 0.598734 1.708505 0.599922
1.708505 0.599922 1.707819 0.601110
1.707819 0.601110 1.709191 0.601110
1.709191 0.601110 1.709877 0.602298
1.709877 0.602298 1.710562 0.601110
1.710562 0.601110 1.711934 0.601110
1.711934 0.601110 1.711248 0.599922
1.711248 0.599922 1.711934 0.598734
1.711934 0.598734 1.713306 0.598734
1.713306 0.598734 1.713992 0.599922
1.713992 0.599922 1.714678 0.598734
1.714678 0.598734 1.716049 0.598734
1.716049 0.598734 1.716735 0.599922
1.716735 0.599922 1.716049 0.601110
1.716049 0.601110 1.717421 0.601110
1.717421 0.601110 1.718107 0.602298
1.718107 0.602298 1.717421 0.603485
1.717421 0.603485 1.716049 0.603485
1.716049 0.603485 1.716735 0.604673
1.716735 0.604673 1.716049 0.605861
1.716049 0.605861 1.717421 0.605861
1.717421 0.605861 1.718107 0.607049
1.718107 0.607049 1.718793 0.605861
1.718793 0.605861 1.720165 0.605861
1.720165 0.605861 1.720850 0.607049
1.720850 0.607049 1.720165 0.608237
1.720165 0.608237 1.721536 0.608237
1.721536 0.608237 1.722222 0.609425
1.722222 0.609425 1.722908 0.608237
1.722908 0.608237 1.724280 0.608237
1.724280 0.608237 1.723594 0.607049
1.723594 0.607049 1.724280 0.605861
1.724280 0.605861 1.725652 0.605861
1.725652 0.605861 1.726337 0.607049
1.726337 0.607049 1.727023 0.605861
1.727023 0.605861 1.728395 0.605861
1.728395 0.605861 1.727709 0.604673
1.727709 0.604673 1.728395 0.603485
1.728395 0.603485 1.727023 0.603485
1.727023 0.603485 1.726337 0.602298
1.726337 0.602298 1.727023 0.601110
1.727023 0.601110 1.728395 0.601110
1.728395 0.601110 1.727709 0.599922
1.727709 0.599922 1.728395 0.598734
1.728395 0.598734 1.729767 0.598734
1.729767 0.598734 1.730453 0.599922
1.730453 0.599922 1.731139 0.598734
1.731139 0.598734 1.732510 0.598734
1.732510 0.598734 1.733196 0.599922
1.733196 0.599922 1.732510 0.601110
1.732510 0.601110 1.733882 0.601110
1.733882 0.601110 1.734568 0.602298
1.734568 0.602298 1.735254 0.601110
1.735254 0.601110 1.736626 0.601110
1.736626 0.601110 1.735940 0.599922
1.735940 0.599922 1.736626 0.598734
1.736626 0.598734 1.737997 0.598734
1.737997 0.598734 1.738683 0.599922
1.738683 0.599922 1.739369 0.598734
1.739369 0.598734 1.740741 0.598734
1.740741 0.598734 1.740055 0.597546
1.740055 0.597546 1.740741 0.596358
1.740741 0.596358 1.739369 0.596358
1.739369 0.596358 1.738683 0.595170
1.738683 0.595170 1.739369 0.593982
1.739369 0.593982 1.740741 0.593982
1.740741 0.593982 1.740055 0.592794
1.740055 0.592794 1.740741 0.591606
1.740741 0.591606 1.739369 0.591606
1.739369 0.591606 1.738683 0.590418
1.738683 0.590418 1.737997 0.591606
1.737997 0.591606 1.736626 0.591606
1.736626 0.591606 1.735940 0.590418
1.735940 0.590418 1.736626 0.589230
1.736626 0.589230 1.735254 0.589230
1.735254 0.589230 1.734568 0.588042
1.734568 0.588042 1.735254 0.586854
1.735254 0.586854 1.736626 0.586854
1.736626 0.586854 1.735940 0.585666
1.735940 0.585666 1.736626 0.584478
1.736626 0.584478 1.737997 0.584478
1.737997 0.584478 1.738683 0.585666
1.738683 0.585666 1.739369 0.584478
1.739369 0.584478 1.740741 0.584478
1.740741 0.584478 1.740055 0.583290
1.740055 0.583290 1.740741 0.582102
1.740741 0.582102 1.739369 0.582102
1.739369 0.582102 1.738683 0.580914
1.738683 0.580914 1.739369 0.579726
1.739369 0.579726 1.740741 0.579726
1.740741 0.579726 1.740055 0.578538
1.740055 0.578538 1.740741 0.577350
1.740741 0.577350 1.742112 0.577350
1.742112 0.577350 1.742798 0.578538
1.742798 0.578538 1.743484 0.577350
1.743484 0.577350 1.744856 0.577350
1.744856 0.577350 1.745542 0.578538
1.745542 0.578538 1.744856 0.579726
1.744856 0.579726 1.746228 0.579726
1.746228 0.579726 1.746914 0.580914
1.746914 0.580914 1.747599 0.579726
1.747599 0.579726 1.748971 0.579726
1.748971 0.579726 1.748285 0.578538
1.748285 0.578538 1.748971 0.577350
1.748971 0.577350 1.750343 0.577350
1.750343 0.577350 1.751029 0.578538
1.751029 0.578538 1.751715 0.577350
1.751715 0.577350 1.753086 0.577350
1.753086 0.577350 1.753772 0.578538
1.753772 0.578538 1.753086 0.579726
1.753086 0.579726 1.754458 0.579726
1.754458 0.579726 1.755144 0.580914
1.755144 0.580914 1.754458 0.582102
1.754458 0.582102 1.753086 0.582102
1.753086 0.582102 1.753772 0.583290
1.753772 0.583290 1.753086 0.584478
1.753086 0.584478 1.754458 0.584478
1.754458 0.584478 1.755144 0.585666
1.755144 0.585666 1.755830 0.584478
1.755830 0.584478 1.757202 0.584478
1.757202 0.584478 1.757888 0.585666
1.757888 0.585666 1.757202 0.586854
1.757202 0.586854 1.758573 0.586854
1.758573 0.586854 1.759259 0.588042
1.759259 0.588042 1.759945 0.586854
1.759945 0.586854 1.761317 0.586854
1.761317 0.586854 1.760631 0.585666
1.760631 0.585666 1.761317 0.584478
1.761317 0.584478 1.762689 0.584478
1.762689 0.584478 1.763374 0.585666
1.763374 0.585666 1.764060 0.584478
1.764060 0.584478 1.765432 0.584478
1.765432 0.584478 1.764746 0.583290
1.764746 0.583290 1.765432 0.582102
1.765432 0.582102 1.764060 0.582102
1.764060 0.582102 1.763374 0.580914
1.763374 0.580914 1.764060 0.579726
1.764060 0.579726 1.765432 0.579726
1.765432 0.579726 1.764746 0.578538
1.764746 0.578538 1.765432 0.577350
1.765432 0.577350 1.766804 0.577350
1.766804 0.577350 1.767490 0.578538
1.767490 0.578538 1.768176 0.577350
1.768176 0.577350 1.769547 0.577350
1.769547 0.577350 1.770233 0.578538
1.770233 0.578538 1.769547 0.579726
1.769547 0.579726 1.770919 0.579726
1.770919 0.579726 1.771605 0.580914
1.771605 0.580914 1.772291 0.579726
1.772291 0.579726 1.773663 0.579726
1.773663 0.579726 1.772977 0.578538
1.772977 0.578538 1.773663 0.577350
1.773663 0.577350 1.775034 0.577350
1.775034 0.577350 1.775720 0.578538
1.775720 0.578538 1.776406 0.577350
1.776406 0.577350 1.777778 0.577350
1.777778 0.577350 1.778464 0.578538
1.778464 0.578538 1.777778 0.579726
1.777778 0.579726 1.779150 0.579726
1.779150 0.579726 1.779835 0.580914
1.779835 0.580914 1.779150 0.582102
1.779150 0.582102 1.777778 0.582102
1.777778 0.582102 1.778464 0.583290
1.778464 0.583290 1.777778 0.584478
1.777778 0.584478 1.779150 0.584478
1.779150 0.584478 1.779835 0.585666
1.779835 0.585666 1.780521 0.584478
1.780521 0.584478 1.781893 0.584478
1.781893 0.584478 1.782579 0.585666
1.782579 0.585666 1.781893 0.586854
1.781893 0.586854 1.783265 0.586854
1.783265 0.586854 1.783951 0.588042
1.783951 0.588042 1.783265 0.589230
1.783265 0.589230 1.781893 0.589230
1.781893 0.589230 1.782579 0.590418
1.782579 0.590418 1.781893 0.591606
1.781893 0.591606 1.780521 0.591606
1.780521 0.591606 1.779835 0.590418
1.779835 0.590418 1.779150 0.591606
1.779150 0.591606 1.777778 0.591606
1.777778 0.591606 1.778464 0.592794
1.778464 0.592794 1.777778 0.593982
1.777778 0.593982 1.779150 0.593982
1.779150 0.593982 1.779835 0.595170
1.779835 0.595170 1.779150 0.596358
1.779150 0.596358 1.777778 0.596358
1.777778 0.596358 1.778464 0.597546
1.778464 0.597546 1.777778 0.598734
1.777778 0.598734 1.779150 0.598734
1.779150 0.598734 1.779835 0.599922
1.779835 0.599922 1.780521 0.598734
1.780521 0.598734 1.781893 0.598734
1.781893 0.598734 1.782579 0.599922
1.782579 0.599922 1.781893 0.601110
1.781893 0.601110 1.783265 0.601110
1.783265 0.601110 1.783951 0.602298
1.783951 0.602298 1.784636 0.601110
1.784636 0.601110 1.786008 0.601110
1.786008 0.601110 1.785322 0.599922
1.785322 0.599922 1.786008 0.598734
1.786008 0.598734 1.787380 0.598734
1.787380 0.598734 1.788066 0.599922
1.788066 0.599922 1.788752 0.598734
1.788752 0.598734 1.790123 0.598734
1.790123 0.598734 1.790809 0.599922
1.790809 0.599922 1.790123 0.601110
1.790123 0.601110 1.791495 0.601110
1.791495 0.601110 1.792181 0.602298
1.792181 0.602298 1.791495 0.603485
1.791495 0.603485 1.790123 0.603485
1.790123 0.603485 1.790809 0.604673
1.790809 0.604673 1.790123 0.605861
1.790123 0.605861 1.791495 0.605861
1.791495 0.605861 1.792181 0.607049
1.792181 0.607049 1.792867 0.605861
1.792867 0.605861 1.794239 0.605861
1.794239 0.605861 1.794925 0.607049
1.794925 0.607049 1.794239 0.608237
1.794239 0.608237 1.795610 0.608237
1.795610 0.608237 1.796296 0.609425
1.796296 0.609425 1.795610 0.610613
1.795610 0.610613 1.794239 0.610613
1.794239 0.610613 1.794925 0.611801
1.794925 0.611801 1.794239 0.612989
1.794239 0.612989 1.792867 0.612989
1.792867 0.612989 1.792181 0.611801
1.792181 0.611801 1.791495 0.612989
1.791495 0.612989 1.790123 0.612989
1.790123 0.612989 1.790809 0.614177
1.790809 0.614177 1.790123 0.615365
1.790123 0.615365 1.791495 0.615365
1.791495 0.615365 1.792181 0.616553
1.792181 0.616553 1.791495 0.617741
1.791495 0.617741 1.790123 0.617741
1.790123 0.617741 1.790809 0.618929
1.790809 0.618929 1.790123 0.620117
1.790123 0.620117 1.788752 0.620117
1.788752 0.620117 1.788066 0.618929
1.788066 0.618929 1.787380 0.620117
1.787380 0.620117 1.786008 0.620117
1.786008 0.620117 1.785322 0.618929
1.785322 0.618929 1.786008 0.617741
1.786008 0.617741 1.784636 0.617741
1.784636 0.617741 1.783951 0.616553
1.783951 0.616553 1.783265 0.617741
1.783265 0.617741 1.781893 0.617741
1.781893 0.617741 1.782579 0.618929
1.782579 0.618929 1.781893 0.620117
1.781893 0.620117 1.780521 0.620117
1.780521 0.620117 1.779835 0.618929
1.779835 0.618929 1.779150 0.620117
1.779150 0.620117 1.777778 0.620117
1.777778 0.620117 1.778464 0.621305
1.778464 0.621305 1.777778 0.622493
1.777778 0.622493 1.779150 0.622493
1.779150 0.622493 1.779835 0.623681
1.779835 0.623681 1.779150 0.624869
1.779150 0.624869 1.777778 0.624869
1.777778 0.624869 1.778464 0.626057
1.778464 0.626057 1.777778 0.627245
1.777778 0.627245 1.779150 0.627245
1.779150 0.627245 1.779835 0.628433
1.779835 0.628433 1.780521 0.627245
1.780521 0.627245 1.781893 0.627245
1.781893 0.627245 1.782579 0.628433
1.782579 0.628433 1.781893 0.629621
1.781893 0.629621 1.783265 0.629621
1.783265 0.629621 1.783951 0.630809
1.783951 0.630809 1.783265 0.631997
1.783265 0.631997 1.781893 0.631997
1.781893 0.631997 1.782579 0.633185
1.782579 0.633185 1.781893 0.634373
1.781893 0.634373 1.780521 0.634373
1.780521 0.634373 1.779835 0.633185
1.779835 0.633185 1.779150 0.634373
1.779150 0.634373 1.777778 0.634373
1.777778 0.634373 1.778464 0.635560
1.778464 0.635560 1.777778 0.636748
1.777778 0.636748 1.779150 0.636748
1.779150 0.636748 1.779835 0.637936
1.779835 0.637936 1.779150 0.639124
1.779150 0.639124 1.777778 0.639124
1.777778 0.639124 1.778464 0.640312
1.778464 0.640312 1.777778 0.641500
1.777778 0.641500 1.779150 0.641500
1.779150 0.641500 1.779835 0.642688
1.779835 0.642688 1.780521 0.641500
1.780521 0.641500 1.781893 0.641500
1.781893 0.641500 1.782579 0.642688
1.782579 0.642688 1.781893 0.643876
1.781893 0.643876 1.783265 0.643876
1.783265 0.643876 1.783951 0.645064
1.783951 0.645064 1.784636 0.643876
1.784636 0.643876 1.786008 0.643876
1.786008 0.643876 1.785322 0.642688
1.785322 0.642688 1.786008 0.641500
1.786008 0.641500 1.787380 0.641500
1.787380 0.641500 1.788066 0.642688
1.788066 0.642688 1.788752 0.641500
1.788752 0.641500 1.790123 0.641500
1.790123 0.641500 1.790809 0.642688
1.790809 0.642688 1.790123 0.643876
1.790123 0.643876 1.791495 0.643876
1.791495 0.643876 1.792181 0.645064
1.792181 0.645064 1.791495 0.646252
1.791495 0.646252 1.790123 0.646252
1.790123 0.646252 1.790809 0.647440
1.790809 0.647440 1.790123 0.648628
1.790123 0.648628 1.791495 0.648628
1.791495 0.648628 1.792181 0.649816
1.792181 0.649816 1.792867 0.648628
1.792867 0.648628 1.794239 0.648628
1.794239 0.648628 1.794925 0.649816
1.794925 0.649816 1.794239 0.651004
1.794239 0.651004 1.795610 0.651004
1.795610 0.651004 1.796296 0.652192
1.796296 0.652192 1.796982 0.651004
1.796982 0.651004 1.798354 0.651004
1.798354 0.651004 1.797668 0.649816
1.797668 0.649816 1.798354 0.648628
1.798354 0.648628 1.799726 0.648628
1.799726 0.648628 1.800412 0.649816
1.800412 0.649816 1.801097 0.648628
1.801097 0.648628 1.802469 0.648628
1.802469 0.648628 1.801783 0.647440
1.801783 0.647440 1.802469 0.646252
1.802469 0.646252 1.801097 0.646252
1.801097 0.646252 1.800412 0.645064
1.800412 0.645064 1.801097 0.643876
1.801097 0.643876 1.802469 0.643876
1.802469 0.643876 1.801783 0.642688
1.801783 0.642688 1.802469 0.641500
1.802469 0.641500 1.803841 0.641500
1.803841 0.641500 1.804527 0.642688
1.804527 0.642688 1.805213 0.641500
1.805213 0.641500 1.806584 0.641500
1.806584 0.641500 1.807270 0.642688
1.807270 0.642688 1.806584 0.643876
1.806584 0.643876 1.807956 0.643876
1.807956 0.643876 1.808642 0.645064
1.808642 0.645064 1.809328 0.643876
1.809328 0.643876 1.810700 0.643876
1.810700 0.643876 1.810014 0.642688
1.810014 0.642688 1.810700 0.641500
1.810700 0.641500 1.812071 0.641500
1.812071 0.641500 1.812757 0.642688
1.812757 0.642688 1.813443 0.641500
1.813443 0.641500 1.814815 0.641500
1.814815 0.641500 1.815501 0.642688
1.815501 0.642688 1.814815 0.643876
1.814815 0.643876 1.816187 0.643876
1.816187 0.643876 1.816872 0.645064
1.816872 0.645064 1.816187 0.646252
1.816187 0.646252 1.814815 0.646252
1.814815 0.646252 1.815501 0.647440
1.815501 0.647440 1.814815 0.648628
1.814815 0.648628 1.816187 0.648628
1.816187 0.648628 1.816872 0.649816
1.816872 0.649816 1.817558 0.648628
1.817558 0.648628 1.818930 0.648628
1.818930 0.648628 1.819616 0.649816
1.819616 0.649816 1.818930 0.651004
1.818930 0.651004 1.820302 0.651004
1.820302 0.651004 1.820988 0.652192
1.820988 0.652192 1.820302 0.653380
1.820302 0.653380 1.818930 0.653380
1.818930 0.653380 1.819616 0.654568
1.819616 0.654568 1.818930 0.655756
1.818930 0.655756 1.817558 0.655756
1.817558 0.655756 1.816872 0.654568
1.816872 0.654568 1.816187 0.655756
1.816187 0.655756 1.814815 0.655756
1.814815 0.655756 1.815501 0.656944
1.815501 0.656944 1.814815 0.658132
1.814815 0.658132 1.816187 0.658132
1.816187 0.658132 1.816872 0.659320
1.816872 0.659320 1.816187 0.660508
1.816187 0.660508 1.814815 0.660508
1.814815 0.660508 1.815501 0.661696
1.815501 0.661696 1.814815 0.662884
1.814815 0.662884 1.816187 0.662884
1.816187 0.662884 1.816872 0.664072
1.816872 0.664072 1.817558 0.662884
1.817558 0.662884 1.818930 0.662884
1.818930 0.662884 1.819616 0.664072
1.819616 0.664072 1.818930 0.665260
1.818930 0.665260 1.820302 0.665260
1.820302 0.665260 1.820988 0.666448
1.820988 0.666448 1.821674 0.665260
1.821674 0.665260 1.823045 0.665260
1.823045 0.665260 1.822359 0.664072
1.822359 0.664072 1.823045 0.662884
1.823045 0.662884 1.824417 0.662884
1.824417 0.662884 1.825103 0.664072
1.825103 0.664072 1.825789 0.662884
1.825789 0.662884 1.827160 0.662884
1.827160 0.662884 1.827846 0.664072
1.827846 0.664072 1.827160 0.665260
1.827160 0.665260 1.828532 0.665260
1.828532 0.665260 1.829218 0.666448
1.829218 0.666448 1.828532 0.667635
1.828532 0.667635 1.827160 0.667635
1.827160 0.667635 1.827846 0.668823
1.827846 0.668823 1.827160 0.670011
1.827160 0.670011 1.828532 0.670011
1.828532 0.670011 1.829218 0.671199
1.829218 0.671199 1.829904 0.670011
1.829904 0.670011 1.831276 0.670011
1.831276 0.670011 1.831962 0.671199
1.831962 0.671199 1.831276 0.672387
1.831276 0.672387 1.832647 0.672387
1.832647 0.672387 1.833333 0.673575
1.833333 0.673575 1.834019 0.672387
1.834019 0.672387 1.835391 0.672387
1.835391 0.672387 1.834705 0.671199
1.834705 0.671199 1.835391 0.670011
1.835391 0.670011 1.836763 0.670011
1.836763 0.670011 1.837449 0.671199
1.837449 0.671199 1.838134 0.670011
1.838134 0.670011 1.839506 0.670011
1.839506 0.670011 1.838820 0.668823
1.838820 0.668823 1.839506 0.667635
1.839506 0.667635 1.838134 0.667635
1.838134 0.667635 1.837449 0.666448
1.837449 0.666448 1.838134 0.665260
1.838134 0.665260 1.839506 0.665260
1.839506 0.665260 1.838820 0.664072
1.838820 0.664072 1.839506 0.662884
1.839506 0.662884 1.840878 0.662884
1.840878 0.662884 1.841564 0.664072
1.841564 0.664072 1.842250 0.662884
1.842250 0.662884 1.843621 0.662884
1.843621 0.662884 1.844307 0.664072
1.844307 0.664072 1.843621 0.665260
1.843621 0.665260 1.844993 0.665260
1.844993 0.665260 1.845679 0.666448
1.845679 0.666448 1.846365 0.665260
1.846365 0.665260 1.847737 0.665260
1.847737 0.665260 1.847051 0.664072
1.847051 0.664072 1.847737 0.662884
1.847737 0.662884 1.849108 0.662884
1.849108 0.662884 1.849794 0.664072
1.849794 0.664072 1.850480 0.662884
1.850480 0.662884 1.851852 0.662884
1.851852 0.662884 1.851166 0.661696
1.851166 0.661696 1.851852 0.660508
1.851852 0.660508 1.850480 0.660508
1.850480 0.660508 1.849794 0.659320
1.849794 0.659320 1.850480 0.658132
1.850480 0.658132 1.851852 0.658132
1.851852 0.658132 1.851166 0.656944
1.851166 0.656944 1.851852 0.655756
1.851852 0.655756 1.850480 0.655756
1.850480 0.655756 1.849794 0.654568
1.849794 0.654568 1.849108 0.655756
1.849108 0.655756 1.847737 0.655756
1.847737 0.655756 1.847051 0.654568
1.847051 0.654568 1.847737 0.653380
1.847737 0.653380 1.846365 0.653380
1.846365 0.653380 1.845679 0.652192
1.845679 0.652192 1.846365 0.651004
1.846365 0.651004 1.847737 0.651004
1.847737 0.651004 1.847051 0.649816
1.847051 0.649816 1.847737 0.648628
1.847737 0.648628 1.849108 0.648628
1.849108 0.648628 1.849794 0.649816
1.849794 0.649816 1.850480 0.648628
1.850480 0.648628 1.851852 0.648628
1.851852 0.648628 1.851166 0.647440
1.851166 0.647440 1.851852 0.646252
1.851852 0.646252 1.850480 0.646252
1.850480 0.646252 1.849794 0.645064
1.849794 0.645064 1.850480 0.643876
1.850480 0.643876 1.851852 0.643876
1.851852 0.643876 1.851166 0.642688
1.851166 0.642688 1.851852 0.641500
1.851852 0.641500 1.853224 0.641500
1.853224 0.641500 1.853909 0.642688
1.853909 0.642688 1.854595 0.641500
1.854595 0.641500 1.855967 0.641500
1.855967 0.641500 1.856653 0.642688
1.856653 0.642688 1.855967 0.643876
1.855967 0.643876 1.857339 0.643876
1.857339 0.643876 1.858025 0.645064
1.858025 0.645064 1.858711 0.643876
1.858711 0.643876 1.860082 0.643876
1.860082 0.643876 1.859396 0.642688
1.859396 0.642688 1.860082 0.641500
1.860082 0.641500 1.861454 0.641500
1.861454 0.641500 1.862140 0.642688
1.862140 0.642688 1.862826 0.641500
1.862826 0.641500 1.864198 0.641500
1.864198 0.641500 1.864883 0.642688
1.864883 0.642688 1.864198 0.643876
1.864198 0.643876 1.865569 0.643876
1.865569 0.643876 1.866255 0.645064
1.866255 0.645064 1.865569 0.646252
1.865569 0.646252 1.864198 0.646252
1.864198 0.646252 1.864883 0.647440
1.864883 0.647440 1.864198 0.648628
1.864198 0.648628 1.865569 0.648628
1.865569 0.648628 1.866255 0.649816
1.866255 0.649816 1.866941 0.648628
1.866941 0.648628 1.868313 0.648628
1.868313 0.648628 1.868999 0.649816
1.868999 0.649816 1.868313 0.651004
1.868313 0.651004 1.869684 0.651004
1.869684 0.651004 1.870370 0.652192
1.870370 0.652192 1.871056 0.651004
1.871056 0.651004 1.872428 0.651004
1.872428 0.651004 1.871742 0.649816
1.871742 0.649816 1.872428 0.648628
1.872428 0.648628 1.873800 0.648628
1.873800 0.648628 1.874486 0.649816
1.874486 0.649816 1.875171 0.648628
1.875171 0.648628 1.876543 0.648628
1.876543 0.648628 1.875857 0.647440
1.875857 0.647440 1.876543 0.646252
1.876543 0.646252 1.875171 0.646252
1.875171 0.646252 1.874486 0.645064
1.874486 0.645064 1.875171 0.643876
1.875171 0.643876 1.876543 0.643876
1.876543 0.643876 1.875857 0.642688
1.875857 0.642688 1.876543 0.641500
1.876543 0.641500 1.877915 0.641500
1.877915 0.641500 1.878601 0.642688
1.878601 0.642688 1.879287 0.641500
1.879287 0.641500 1.880658 0.641500
1.880658 0.641500 1.881344 0.642688
1.881344 0.642688 1.880658 0.643876
1.880658 0.643876 1.882030 0.643876
1.882030 0.643876 1.882716 0.645064
1.882716 0.645064 1.883402 0.643876
1.883402 0.643876 1.884774 0.643876
1.884774 0.643876 1.884088 0.642688
1.884088 0.642688 1.884774 0.641500
1.884774 0.641500 1.886145 0.641500
1.886145 0.641500 1.886831 0.642688
1.886831 0.642688 1.887517 0.641500
1.887517 0.641500 1.888889 0.641500
1.888889 0.641500 1.888203 0.640312
1.888203 0.640312 1.888889 0.639124
1.888889 0.639124 1.887517 0.639124
1.887517 0.639124 1.886831 0.637936
1.886831 0.637936 1.887517 0.636748
1.887517 0.636748 1.888889 0.636748
1.888889 0.636748 1.888203 0.635560
1.888203 0.635560 1.888889 0.634373
1.888889 0.634373 1.887517 0.634373
1.887517 0.634373 1.886831 0.633185
1.886831 0.633185 1.886145 0.634373
1.886145 0.634373 1.884774 0.634373
1.884774 0.634373 1.884088 0.633185
1.884088 0.633185 1.884774 0.631997
1.884774 0.631997 1.883402 0.631997
1.883402 0.631997 1.882716 0.630809
1.882716 0.630809 1.883402 0.629621
1.883402 0.629621 1.884774 0.629621
1.884774 0.629621 1.884088 0.628433
1.884088 0.628433 1.884774 0.627245
1.884774 0.627245 1.886145 0.627245
1.886145 0.627245 1.886831 0.628433
1.886831 0.628433 1.887517 0.627245
1.887517 0.627245 1.888889 0.627245
1.888889 0.627245 1.888203 0.626057
1.888203 0.626057 1.888889 0.624869
1.888889 0.624869 1.887517 0.624869
1.887517 0.624869 1.886831 0.623681
1.886831 0.623681 1.887517 0.622493
1.887517 0.622493 1.888889 0.622493
1.888889 0.622493 1.888203 0.621305
1.888203 0.621305 1.888889 0.620117
1.888889 0.620117 1.887517 0.620117
1.887517 0.620117 1.886831 0.618929
1.886831 0.618929 1.886145 0.620117
1.886145 0.620117 1.884774 0.620117
1.884774 0.620117 1.884088 0.618929
1.884088 0.618929 1.884774 0.617741
1.884774 0.617741 1.883402 0.617741
1.883402 0.617741 1.882716 0.616553
1.882716 0.616553 1.882030 0.617741
1.882030 0.617741 1.880658 0.617741
1.880658 0.617741 1.881344 0.618929
1.881344 0.618929 1.880658 0.620117
1.880658 0.620117 1.879287 0.620117
1.879287 0.620117 1.878601 0.618929
1.878601 0.618929 1.877915 0.620117
1.877915 0.620117 1.876543 0.620117
1.876543 0.620117 1.875857 0.618929
1.875857 0.618929 1.876543 0.617741
1.876543 0.617741 1.875171 0.617741
1.875171 0.617741 1.874486 0.616553
1.874486 0.616553 1.875171 0.615365
1.875171 0.615365 1.876543 0.615365
1.876543 0.615365 1.875857 0.614177
1.875857 0.614177 1.876543 0.612989
1.876543 0.612989 1.875171 0.612989
1.875171 0.612989 1.874486 0.611801
1.874486 0.611801 1.873800 0.612989
1.873800 0.612989 1.872428 0.612989
1.872428 0.612989 1.871742 0.611801
1.871742 0.611801 1.872428 0.610613
1.872428 0.610613 1.871056 0.610613
1.871056 0.610613 1.870370 0.609425
1.870370 0.609425 1.871056 0.608237
1.871056 0.608237 1.872428 0.608237
1.872428 0.608237 1.871742 0.607049
1.871742 0.607049 1.872428 0.605861
1.872428 0.605861 1.873800 0.605861
1.873800 0.605861 1.874486 0.607049
1.874486 0.607049 1.875171 0.605861
1.875171 0.605861 1.876543 0.605861
1.876543 0.605861 1.875857 0.604673
1.875857 0.604673 1.876543 0.603485
1.876543 0.603485 1.875171 0.603485
1.875171 0.603485 1.874486 0.602298
1.874486 0.602298 1.875171 0.601110
1.875171 0.601110 1.876543 0.601110
1.876543 0.601110 1.875857 0.599922
1.875857 0.599922 1.876543 0.598734
1.876543 0.598734 1.877915 0.598734
1.877915 0.598734 1.878601 0.599922
1.878601 0.599922 1.879287 0.598734
1.879287 0.598734 1.880658 0.598734
1.880658 0.598734 1.881344 0.599922
1.881344 0.599922 1.880658 0.601110
1.880658 0.601110 1.882030 0.601110
1.882030 0.601110 1.882716 0.602298
1.882716 0.602298 1.883402 0.601110
1.883402 0.601110 1.884774 0.601110
1.884774 0.601110 1.884088 0.599922
1.884088 0.599922 1.884774 0.598734
1.884774 0.598734 1.886145 0.598734
1.886145 0.598734 1.886831 0.599922
1.886831 0.599922 1.887517 0.598734
1.887517 0.598734 1.888889 0.598734
1.888889 0.598734 1.888203 0.597546
1.888203 0.597546 1.888889 0.596358
1.888889 0.596358 1.887517 0.596358
1.887517 0.596358 1.886831 0.595170
1.886831 0.595170 1.887517 0.593982
1.887517 0.593982 1.888889 0.593982
1.888889 0.593982 1.888203 0.592794
1.888203 0.592794 1.888889 0.591606
1.888889 0.591606 1.887517 0.591606
1.887517 0.591606 1.886831 0.590418
1.886831 0.590418 1.886145 0.591606
1.886145 0.591606 1.884774 0.591606
1.884774 0.591606 1.884088 0.590418
1.884088 0.590418 1.884774 0.589230
1.884774 0.589230 1.883402 0.589230
1.883402 0.589230 1.882716 0.588042
1.882716 0.588042 1.883402 0.586854
1.883402 0.586854 1.884774 0.586854
1.884774 0.586854 1.884088 0.585666
1.884088 0.585666 1.884774 0.584478
1.884774 0.584478 1.886145 0.584478
1.886145 0.584478 1.886831 0.585666
1.886831 0.585666 1.887517 0.584478
1.887517 0.584478 1.888889 0.584478
1.888889 0.584478 1.888203 0.583290
1.888203 0.583290 1.888889 0.582102
1.888889 0.582102 1.887517 0.582102
1.887517 0.582102 1.886831 0.580914
1.886831 0.580914 1.887517 0.579726
1.887517 0.579726 1.888889 0.579726
1.888889 0.579726 1.888203 0.578538
1.888203 0.578538 1.888889 0.577350
1.888889 0.577350 1.890261 0.577350
1.890261 0.577350 1.890947 0.578538
1.890947 0.578538 1.891632 0.577350
1.891632 0.577350 1.893004 0.577350
1.893004 0.577350 1.893690 0.578538
1.893690 0.578538 1.893004 0.579726
1.893004 0.579726 1.894376 0.579726
1.894376 0.579726 1.895062 0.580914
1.895062 0.580914 1.895748 0.579726
1.895748 0.579726 1.897119 0.579726
1.897119 0.579726 1.896433 0.578538
1.896433 0.578538 1.897119 0.577350
1.897119 0.577350 1.898491 0.577350
1.898491 0.577350 1.899177 0.578538
1.899177 0.578538 1.899863 0.577350
1.899863 0.577350 1.901235 0.577350
1.901235 0.577350 1.901920 0.578538
1.901920 0.578538 1.901235 0.579726
1.901235 0.579726 1.902606 0.579726
1.902606 0.579726 1.903292 0.580914
1.903292 0.580914 1.902606 0.582102
1.902606 0.582102 1.901235 0.582102
1.901235 0.582102 1.901920 0.583290
1.901920 0.583290 1.901235 0.584478
1.901235 0.584478 1.902606 0.584478
1.902606 0.584478 1.903292 0.585666
1.903292 0.585666 1.903978 0.584478
1.903978 0.584478 1.905350 0.584478
1.905350 0.584478 1.906036 0.585666
1.906036 0.585666 1.905350 0.586854
1.905350 0.586854 1.906722 0.586854
1.906722 0.586854 1.907407 0.588042
1.907407 0.588042 1.908093 0.586854
1.908093 0.586854 1.909465 0.586854
1.909465 0.586854 1.908779 0.585666
1.908779 0.585666 1.909465 0.584478
1.909465 0.584478 1.910837 0.584478
1.910837 0.584478 1.911523 0.585666
1.911523 0.585666 1.912209 0.584478
1.912209 0.584478 1.913580 0.584478
1.913580 0.584478 1.912894 0.583290
1.912894 0.583290 1.913580 0.582102
1.913580 0.582102 1.912209 0.582102
1.912209 0.582102 1.911523 0.580914
1.911523 0.580914 1.912209 0.579726
1.912209 0.579726 1.913580 0.579726
1.913580 0.579726 1.912894 0.578538
1.912894 0.578538 1.913580 0.577350
1.913580 0.577350 1.914952 0.577350
1.914952 0.577350 1.915638 0.578538
1.915638 0.578538 1.916324 0.577350
1.916324 0.577350 1.917695 0.577350
1.917695 0.577350 1.918381 0.578538
1.918381 0.578538 1.917695 0.579726
1.917695 0.579726 1.919067 0.579726
1.919067 0.579726 1.919753 0.580914
1.919753 0.580914 1.920439 0.579726
1.920439 0.579726 1.921811 0.579726
1.921811 0.579726 1.921125 0.578538
1.921125 0.578538 1.921811 0.577350
1.921811 0.577350 1.923182 0.577350
1.923182 0.577350 1.923868 0.578538
1.923868 0.578538 1.924554 0.577350
1.924554 0.577350 1.925926 0.577350
1.925926 0.577350 1.926612 0.578538
1.926612 0.578538 1.925926 0.579726
1.925926 0.579726 1.927298 0.579726
1.927298 0.579726 1.927984 0.580914
1.927984 0.580914 1.927298 0.582102
1.927298 0.582102 1.925926 0.582102
1.925926 0.582102 1.926612 0.583290
1.926612 0.583290 1.925926 0.584478
1.925926 0.584478 1.927298 0.584478
1.927298 0.584478 1.927984 0.585666
1.927984 0.585666 1.928669 0.584478
1.928669 0.584478 1.930041 0.584478
1.930041 0.584478 1.930727 0.585666
1.930727 0.585666 1.930041 0.586854
1.930041 0.586854 1.931413 0.586854
1.931413 0.586854 1.932099 0.588042
1.932099 0.588042 1.931413 0.589230
1.931413 0.589230 1.930041 0.589230
1.930041 0.589230 1.930727 0.590418
1.930727 0.590418 1.930041 0.591606
1.930041 0.591606 1.928669 0.591606
1.928669 0.591606 1.927984 0.590418
1.927984 0.590418 1.927298 0.591606
1.927298 0.591606 1.925926 0.591606
1.925926 0.591606 1.926612 0.592794
1.926612 0.592794 1.925926 0.593982
1.925926 0.593982 1.927298 0.593982
1.927298 0.593982 1.927984 0.595170
1.927984 0.595170 1.927298 0.596358
1.927298 0.596358 1.925926 0.596358
1.925926 0.596358 1.926612 0.597546
1.926612 0.597546 1.925926 0.598734
1.925926 0.598734 1.927298 0.598734
1.927298 0.598734 1.927984 0.599922
1.927984 0.599922 1.928669 0.598734
1.928669 0.598734 1.930041 0.598734
1.930041 0.598734 1.930727 0.599922
1.930727 0.599922 1.930041 0.601110
1.930041 0.601110 1.931413 0.601110
1.931413 0.601110 1.932099 0.602298
1.932099 0.602298 1.932785 0.601110
1.932785 0.601110 1.934156 0.601110
1.934156 0.601110 1.933471 0.599922
1.933471 0.599922 1.934156 0.598734
1.934156 0.598734 1.935528 0.598734
1.935528 0.598734 1.936214 0.599922
1.936214 0.599922 1.936900 0.598734
1.936900 0.598734 1.938272 0.598734
1.938272 0.598734 1.938957 0.599922
1.938957 0.599922 1.938272 0.601110
1.938272 0.601110 1.939643 0.601110
1.939643 0.601110 1.940329 0.602298
1.940329 0.602298 1.939643 0.603485
1.939643 0.603485 1.938272 0.603485
1.938272 0.603485 1.938957 0.604673
1.938957 0.604673 1.938272 0.605861
1.938272 0.605861 1.939643 0.605861
1.939643 0.605861 1.940329 0.607049
1.940329 0.607049 1.941015 0.605861
1.941015 0.605861 1.942387 0.605861
1.942387 0.605861 1.943073 0.607049
1.943073 0.607049 1.942387 0.608237
1.942387 0.608237 1.943759 0.608237
1.943759 0.608237 1.944444 0.609425
1.944444 0.609425 1.945130 0.608237
1.945130 0.608237 1.946502 0.608237
1.946502 0.608237 1.945816 0.607049
1.945816 0.607049 1.946502 0.605861
1.946502 0.605861 1.947874 0.605861
1.947874 0.605861 1.948560 0.607049
1.948560 0.607049 1.949246 0.605861
1.949246 0.605861 1.950617 0.605861
1.950617 0.605861 1.949931 0.604673
1.949931 0.604673 1.950617 0.603485
1.950617 0.603485 1.949246 0.603485
1.949246 0.603485 1.948560 0.602298
1.948560 0.602298 1.949246 0.601110
1.949246 0.601110 1.950617 0.601110
1.950617 0.601110 1.949931 0.599922
1.949931 0.599922 1.950617 0.598734
1.950617 0.598734 1.951989 0.598734
1.951989 0.598734 1.952675 0.599922
1.952675 0.599922 1.953361 0.598734
1.953361 0.598734 1.954733 0.598734
1.954733 0.598734 1.955418 0.599922
1.955418 0.599922 1.954733 0.601110
1.954733 0.601110 1.956104 0.601110
1.956104 0.601110 1.956790 0.602298
1.956790 0.602298 1.957476 0.601110
1.957476 0.601110 1.958848 0.601110
1.958848 0.601110 1.958162 0.599922
1.958162 0.599922 1.958848 0.598734
1.958848 0.598734 1.960219 0.598734
1.960219 0.598734 1.960905 0.599922
1.960905 0.599922 1.961591 0.598734
1.961591 0.598734 1.962963 0.598734
1.962963 0.598734 1.962277 0.597546
1.962277 0.597546 1.962963 0.596358
1.962963 0.596358 1.961591 0.596358
1.961591 0.596358 1.960905 0.595170
1.960905 0.595170 1.961591 0.593982
1.961591 0.593982 1.962963 0.593982
1.962963 0.593982 1.962277 0.592794
1.962277 0.592794 1.962963 0.591606
1.962963 0.591606 1.961591 0.591606
1.961591 0.591606 1.960905 0.590418
1.960905 0.590418 1.960219 0.591606
1.960219 0.591606 1.958848 0.591606
1.958848 0.591606 1.958162 0.590418
1.958162 0.590418 1.958848 0.589230
1.958848 0.589230 1.957476 0.589230
1.957476 0.589230 1.956790 0.588042
1.956790 0.588042 1.957476 0.586854
1.957476 0.586854 1.958848 0.586854
1.958848 0.586854 1.958162 0.585666
1.958162 0.585666 1.958848 0.584478
1.958848 0.584478 1.960219 0.584478
1.960219 0.584478 1.960905 0.585666
1.960905 0.585666 1.961591 0.584478
1.961591 0.584478 1.962963 0.584478
1.962963 0.584478 1.962277 0.583290
1.962277 0.583290 1.962963 0.582102
1.962963 0.582102 1.961591 0.582102
1.961591 0.582102 1.960905 0.580914
1.960905 0.580914 1.961591 0.579726
1.961591 0.579726 1.962963 0.579726
1.962963 0.579726 1.962277 0.578538
1.962277 0.578538 1.962963 0.577350
1.962963 0.577350 1.964335 0.577350
1.964335 0.577350 1.965021 0.578538
1.965021 0.578538 1.965706 0.577350
1.965706 0.577350 1.967078 0.577350
1.967078 0.577350 1.967764 0.578538
1.967764 0.578538 1.967078 0.579726
1.967078 0.579726 1.968450 0.579726
1.968450 0.579726 1.969136 0.580914
1.969136 0.580914 1.969822 0.579726
1.969822 0.579726 1.971193 0.579726
1.971193 0.579726 1.970508 0.578538
1.970508 0.578538 1.971193 0.577350
1.971193 0.577350 1.972565 0.577350
1.972565 0.577350 1.973251 0.578538
1.973251 0.578538 1.973937 0.577350
1.973937 0.577350 1.975309 0.577350
1.975309 0.577350 1.975995 0.578538
1.975995 0.578538 1.975309 0.579726
1.975309 0.579726 1.976680 0.579726
1.976680 0.579726 1.977366 0.580914
1.977366 0.580914 1.976680 0.582102
1.976680 0.582102 1.975309 0.582102
1.975309 0.582102 1.975995 0.583290
1.975995 0.583290 1.975309 0.584478
1.975309 0.584478 1.976680 0.584478
1.976680 0.584478 1.977366 0.585666
1.977366 0.585666 1.978052 0.584478
1.978052 0.584478 1.979424 0.584478
1.979424 0.584478 1.980110 0.585666
1.980110 0.585666 1.979424 0.586854
1.979424 0.586854 1.980796 0.586854
1.980796 0.586854 1.981481 0.588042
1.981481 0.588042 1.982167 0.586854
1.982167 0.586854 1.983539 0.586854
1.983539 0.586854 1.982853 0.585666
1.982853 0.585666 1.983539 0.584478
1.983539 0.584478 1.984911 0.584478
1.984911 0.584478 1.985597 0.585666
1.985597 0.585666 1.986283 0.584478
1.986283 0.584478 1.987654 0.584478
1.987654 0.584478 1.986968 0.583290
1.986968 0.583290 1.987654 0.582102
1.987654 0.582102 1.986283 0.582102
1.986283 0.582102 1.985597 0.580914
1.985597 0.580914 1.986283 0.579726
1.986283 0.579726 1.987654 0.579726
1.987654 0.579726 1.986968 0.578538
1.986968 0.578538 1.987654 0.577350
1.987654 0.577350 1.989026 0.577350
1.989026 0.577350 1.989712 0.578538
1.989712 0.578538 1.990398 0.577350
1.990398 0.577350 1.991770 0.577350
1.991770 0.577350 1.992455 0.578538
1.992455 0.578538 1.991770 0.579726
1.991770 0.579726 1.993141 0.579726
1.993141 0.579726 1.993827 0.580914
1.993827 0.580914 1.994513 0.579726
1.994513 0.579726 1.995885 0.579726
1.995885 0.579726 1.995199 0.578538
1.995199 0.578538 1.995885 0.577350
1.995885 0.577350 1.997257 0.577350
1.997257 0.577350 1.997942 0.578538
1.997942 0.578538 1.998628 0.577350
1.998628 0.577350 2.000000 0.577350
2.000000 0.577350 1.999314 0.576162
1.999314 0.576162 2.000000 0.574974
2.000000 0.574974 1.998628 0.574974
1.998628 0.574974 1.997942 0.573786
1.997942 0.573786 1.998628 0.572598
1.998628 0.572598 2.000000 0.572598
2.000000 0.572598 1.999314 0.571410
1.999314 0.571410 2.000000 0.570222
2.000000 0.570222 1.998628 0.570222
1.998628 0.570222 1.997942 0.569035
1.997942 0.569035 1.997257 0.570222
1.997257 0.570222 1.995885 0.570222
1.995885 0.570222 1.995199 0.569035
1.995199 0.569035 1.995885 0.567847
1.995885 0.567847 1.994513 0.567847
1.994513 0.567847 1.993827 0.566659
1.993827 0.566659 1.994513 0.565471
1.994513 0.565471 1.995885 0.565471
1.995885 0.565471 1.995199 0.564283
1.995199 0.564283 1.995885 0.563095
1.995885 0.563095 1.997257 0.563095
1.997257 0.563095 1.997942 0.564283
1.997942 0.564283 1.998628 0.563095
1.998628 0.563095 2.000000 0.563095
2.000000 0.563095 1.999314 0.561907
1.999314 0.561907 2.000000 0.560719
2.000000 0.560719 1.998628 0.560719
1.998628 0.560719 1.997942 0.559531
1.997942 0.559531 1.998628 0.558343
1.998628 0.558343 2.000000 0.558343
2.000000 0.558343 1.999314 0.557155
1.999314 0.557155 2.000000 0.555967
2.000000 0.555967 1.998628 0.555967
1.998628 0.555967 1.997942 0.554779
1.997942 0.554779 1.997257 0.555967
1.997257 0.555967 1.995885 0.555967
1.995885 0.555967 1.995199 0.554779
1.995199 0.554779 1.995885 0.553591
1.995885 0.553591 1.994513 0.553591
1.994513 0.553591 1.993827 0.552403
1.993827 0.552403 1.993141 0.553591
1.993141 0.553591 1.991770 0.553591
1.991770 0.553591 1.992455 0.554779
1.992455 0.554779 1.991770 0.555967
1.991770 0.555967 1.990398 0.555967
1.990398 0.555967 1.989712 0.554779
1.989712 0.554779 1.989026 0.555967
1.989026 0.555967 1.987654 0.555967
1.987654 0.555967 1.986968 0.554779
1.986968 0.554779 1.987654 0.553591
1.987654 0.553591 1.986283 0.553591
1.986283 0.553591 1.985597 0.552403
1.985597 0.552403 1.986283 0.551215
1.986283 0.551215 1.987654 0.551215
1.987654 0.551215 1.986968 0.550027
1.986968 0.550027 1.987654 0.548839
1.987654 0.548839 1.986283 0.548839
1.986283 0.548839 1.985597 0.547651
1.985597 0.547651 1.984911 0.548839
1.984911 0.548839 1.983539 0.548839
1.983539 0.548839 1.982853 0.547651
1.982853 0.547651 1.983539 0.546463
1.983539 0.546463 1.982167 0.546463
1.982167 0.546463 1.981481 0.545275
1.981481 0.545275 1.982167 0.544087
1.982167 0.544087 1.983539 0.544087
1.983539 0.544087 1.982853 0.542899
1.982853 0.542899 1.983539 0.541711
1.983539 0.541711 1.984911 0.541711
1.984911 0.541711 1.985597 0.542899
1.985597 0.542899 1.986283 0.541711
1.986283 0.541711 1.987654 0.541711
1.987654 0.541711 1.986968 0.540523
1.986968 0.540523 1.987654 0.539335
1.987654 0.539335 1.986283 0.539335
1.986283 0.539335 1.985597 0.538147
1.985597 0.538147 1.986283 0.536960
1.986283 0.536960 1.987654 0.536960
1.987654 0.536960 1.986968 0.535772
1.986968 0.535772 1.987654 0.534584
1.987654 0.534584 1.989026 0.534584
1.989026 0.534584 1.989712 0.535772
1.989712 0.535772 1.990398 0.534584
1.990398 0.534584 1.991770 0.534584
1.991770 0.534584 1.992455 0.535772
1.992455 0.535772 1.991770 0.536960
1.991770 0.536960 1.993141 0.536960
1.993141 0.536960 1.993827 0.538147
1.993827 0.538147 1.994513 0.536960
1.994513 0.536960 1.995885 0.536960
1.995885 0.536960 1.995199 0.535772
1.995199 0.535772 1.995885 0.534584
1.995885 0.534584 1.997257 0.534584
1.997257 0.534584 1.997942 0.535772
1.997942 0.535772 1.998628 0.534584
1.998628 0.534584 2.000000 0.534584
2.000000 0.534584 1.999314 0.533396
1.999314 0.533396 2.000000 0.532208
2.000000 0.532208 1.998628 0.532208
1.998628 0.532208 1.997942 0.531020
1.997942 0.531020 1.998628 0.529832
1.998628 0.529832 2.000000 0.529832
2.000000 0.529832 1.999314 0.528644
1.999314 0.528644 2.000000 0.527456
2.000000 0.527456 1.998628 0.527456
1.998628 0.527456 1.997942 0.526268
1.997942 0.526268 1.997257 0.527456
1.997257 0.527456 1.995885 0.527456
1.995885 0.527456 1.995199 0.526268
1.995199 0.526268 1.995885 0.525080
1.995885 0.525080 1.994513 0.525080
1.994513 0.525080 1.993827 0.523892
1.993827 0.523892 1.994513 0.522704
1.994513 0.522704 1.995885 0.522704
1.995885 0.522704 1.995199 0.521516
1.995199 0.521516 1.995885 0.520328
1.995885 0.520328 1.997257 0.520328
1.997257 0.520328 1.997942 0.521516
1.997942 0.521516 1.998628 0.520328
1.998628 0.520328 2.000000 0.520328
2.000000 0.520328 1.999314 0.519140
1.999314 0.519140 2.000000 0.517952
2.000000 0.517952 1.998628 0.517952
1.998628 0.517952 1.997942 0.516764
1.997942 0.516764 1.998628 0.515576
1.998628 0.515576 2.000000 0.515576
2.000000 0.515576 1.999314 0.514388
1.999314 0.514388 2.000000 0.513200
2.000000 0.513200 1.998628 0.513200
1.998628 0.513200 1.997942 0.512012
1.997942 0.512012 1.997257 0.513200
1.997257 0.513200 1.995885 0.513200
1.995885 0.513200 1.995199 0.512012
1.995199 0.512012 1.995885 0.510824
1.995885 0.510824 1.994513 0.510824
1.994513 0.510824 1.993827 0.509636
1.993827 0.509636 1.993141 0.510824
1.993141 0.510824 1.991770 0.510824
1.991770 0.510824 1.992455 0.512012
1.992455 0.512012 1.991770 0.513200
1.991770 0.513200 1.990398 0.513200
1.990398 0.513200 1.989712 0.512012
1.989712 0.512012 1.989026 0.513200
1.989026 0.513200 1.987654 0.513200
1.987654 0.513200 1.986968 0.512012
1.986968 0.512012 1.987654 0.510824
1.987654 0.510824 1.986283 0.510824
1.986283 0.510824 1.985597 0.509636
1.985597 0.509636 1.986283 0.508448
1.986283 0.508448 1.987654 0.508448
1.987654 0.508448 1.986968 0.507260
1.986968 0.507260 1.987654 0.506072
1.987654 0.506072 1.986283 0.506072
1.986283 0.506072 1.985597 0.504884
1.985597 0.504884 1.984911 0.506072
1.984911 0.506072 1.983539 0.506072
1.983539 0.506072 1.982853 0.504884
1.982853 0.504884 1.983539 0.503697
1.983539 0.503697 1.982167 0.503697
1.982167 0.503697 1.981481 0.502509
1.981481 0.502509 1.980796 0.503697
1.980796 0.503697 1.979424 0.503697
1.979424 0.503697 1.980110 0.504884
1.980110 0.504884 1.979424 0.506072
1.979424 0.506072 1.978052 0.506072
1.978052 0.506072 1.977366 0.504884
1.977366 0.504884 1.976680 0.506072
1.976680 0.506072 1.975309 0.506072
1.975309 0.506072 1.975995 0.507260
1.975995 0.507260 1.975309 0.508448
1.975309 0.508448 1.976680 0.508448
1.976680 0.508448 1.977366 0.509636
1.977366 0.509636 1.976680 0.510824
1.976680 0.510824 1.975309 0.510824
1.975309 0.510824 1.975995 0.512012
1.975995 0.512012 1.975309 0.513200
1.975309 0.513200 1.973937 0.513200
1.973937 0.513200 1.973251 0.512012
1.973251 0.512012 1.972565 0.513200
1.972565 0.513200 1.971193 0.513200
1.971193 0.513200 1.970508 0.512012
1.970508 0.512012 1.971193 0.510824
1.971193 0.510824 1.969822 0.510824
1.969822 0.510824 1.969136 0.509636
1.969136 0.509636 1.968450 0.510824
1.968450 0.510824 1.967078 0.510824
1.967078 0.510824 1.967764 0.512012
1.967764 0.512012 1.967078 0.513200
1.967078 0.513200 1.965706 0.513200
1.965706 0.513200 1.965021 0.512012
1.965021 0.512012 1.964335 0.513200
1.964335 0.513200 1.962963 0.513200
1.962963 0.513200 1.962277 0.512012
1.962277 0.512012 1.962963 0.510824
1.962963 0.510824 1.961591 0.510824
1.961591 0.510824 1.960905 0.509636
1.960905 0.509636 1.961591 0.508448
1.961591 0.508448 1.962963 0.508448
1.962963 0.508448 1.962277 0.507260
1.962277 0.507260 1.962963 0.506072
1.962963 0.506072 1.961591 0.506072
1.961591 0.506072 1.960905 0.504884
1.960905 0.504884 1.960219 0.506072
1.960219 0.506072 1.958848 0.506072
1.958848 0.506072 1.958162 0.504884
1.958162 0.504884 1.958848 0.503697
1.958848 0.503697 1.957476 0.503697
1.957476 0.503697 1.956790 0.502509
1.956790 0.502509 1.957476 0.501321
1.957476 0.501321 1.958848 0.501321
1.958848 0.501321 1.958162 0.500133
1.958162 0.500133 1.958848 0.498945
1.958848 0.498945 1.960219 0.498945
1.960219 0.498945 1.960905 0.500133
1.960905 0.500133 1.961591 0.498945
1.961591 0.498945 1.962963 0.498945
1.962963 0.498945 1.962277 0.497757
1.962277 0.497757 1.962963 0.496569
1.962963 0.496569 1.961591 0.496569
1.961591 0.496569 1.960905 0.495381
1.960905 0.495381 1.961591 0.494193
1.961591 0.494193 1.962963 0.494193
1.962963 0.494193 1.962277 0.493005
1.962277 0.493005 1.962963 0.491817
1.962963 0.491817 1.961591 0.491817
1.961591 0.491817 1.960905 0.490629
1.960905 0.490629 1.960219 0.491817
1.960219 0.491817 1.958848 0.491817
1.958848 0.491817 1.958162 0.490629
1.958162 0.490629 1.958848 0.489441
1.958848 0.489441 1.957476 0.489441
1.957476 0.489441 1.956790 0.488253
1.956790 0.488253 1.956104 0.489441
1.956104 0.489441 1.954733 0.489441
1.954733 0.489441 1.955418 0.490629
1.955418 0.490629 1.954733 0.491817
1.954733 0.491817 1.953361 0.491817
1.953361 0.491817 1.952675 0.490629
1.952675 0.490629 1.951989 0.491817
1.951989 0.491817 1.950617 0.491817
1.950617 0.491817 1.949931 0.490629
1.949931 0.490629 1.950617 0.489441
1.950617 0.489441 1.949246 0.489441
1.949246 0.489441 1.948560 0.488253
1.948560 0.488253 1.949246 0.487065
1.949246 0.487065 1.950617 0.487065
1.950617 0.487065 1.949931 0.485877
1.949931 0.485877 1.950617 0.484689
1.950617 0.484689 1.949246 0.484689
1.949246 0.484689 1.948560 0.483501
1.948560 0.483501 1.947874 0.484689
1.947874 0.484689 1.946502 0.484689
1.946502 0.484689 1.945816 0.483501
1.945816 0.483501 1.946502 0.482313
1.946502 0.482313 1.945130 0.482313
1.945130 0.482313 1.944444 0.481125
1.944444 0.481125 1.945130 0.479937
1.945130 0.479937 1.946502 0.479937
1.946502 0.479937 1.945816 0.478749
1.945816 0.478749 1.946502 0.477561
1.946502 0.477561 1.947874 0.477561
1.947874 0.477561 1.948560 0.478749
1.948560 0.478749 1.949246 0.477561
1.949246 0.477561 1.950617 0.477561
1.950617 0.477561 1.949931 0.476373
1.949931 0.476373 1.950617 0.475185
1.950617 0.475185 1.949246 0.475185
1.949246 0.475185 1.948560 0.473997
1.948560 0.473997 1.949246 0.472809
1.949246 0.472809 1.950617 0.472809
1.950617 0.472809 1.949931 0.471622
1.949931 0.471622 1.950617 0.470434
1.950617 0.470434 1.951989 0.470434
1.951989 0.470434 1.952675 0.471622
1.952675 0.471622 1.953361 0.470434
1.953361 0.470434 1.954733 0.470434
1.954733 0.470434 1.955418 0.471622
1.955418 0.471622 1.954733 0.472809
1.954733 0.472809 1.956104 0.472809
1.956104 0.472809 1.956790 0.473997
1.956790 0.473997 1.957476 0.472809
1.957476 0.472809 1.958848 0.472809
1.958848 0.472809 1.958162 0.471622
1.958162 0.471622 1.958848 0.470434
1.958848 0.470434 1.960219 0.470434
1.960219 0.470434 1.960905 0.471622
1.960905 0.471622 1.961591 0.470434
1.961591 0.470434 1.962963 0.470434
1.962963 0.470434 1.962277 0.469246
1.962277 0.469246 1.962963 0.468058
1.962963 0.468058 1.961591 0.468058
1.961591 0.468058 1.960905 0.466870
1.960905 0.466870 1.961591 0.465682
1.961591 0.465682 1.962963 0.465682
1.962963 0.465682 1.962277 0.464494
1.962277 0.464494 1.962963 0.463306
1.962963 0.463306 1.961591 0.463306
1.961591 0.463306 1.960905 0.462118
1.960905 0.462118 1.960219 0.463306
1.960219 0.463306 1.958848 0.463306
1.958848 0.463306 1.958162 0.462118
1.958162 0.462118 1.958848 0.460930
1.958848 0.460930 1.957476 0.460930
1.957476 0.460930 1.956790 0.459742
1.956790 0.459742 1.957476 0.458554
1.957476 0.458554 1.958848 0.458554
1.958848 0.458554 1.958162 0.457366
1.958162 0.457366 1.958848 0.456178
1.958848 0.456178 1.960219 0.456178
1.960219 0.456178 1.960905 0.457366
1.960905 0.457366 1.961591 0.456178
1.961591 0.456178 1.962963 0.456178
1.962963 0.456178 1.962277 0.454990
1.962277 0.454990 1.962963 0.453802
1.962963 0.453802 1.961591 0.453802
1.961591 0.453802 1.960905 0.452614
1.960905 0.452614 1.961591 0.451426
1.961591 0.451426 1.962963 0.451426
1.962963 0.451426 1.962277 0.450238
1.962277 0.450238 1.962963 0.449050
1.962963 0.449050 1.964335 0.449050
1.964335 0.449050 1.965021 0.450238
1.965021 0.450238 1.965706 0.449050
1.965706 0.449050 1.967078 0.449050
1.967078 0.449050 1.967764 0.450238
1.967764 0.450238 1.967078 0.451426
1.967078 0.451426 1.968450 0.451426
1.968450 0.451426 1.969136 0.452614
1.969136 0.452614 1.969822 0.451426
1.969822 0.451426 1.971193 0.451426
1.971193 0.451426 1.970508 0.450238
1.970508 0.450238 1.971193 0.449050
1.971193 0.449050 1.972565 0.449050
1.972565 0.449050 1.973251 0.450238
1.973251 0.450238 1.973937 0.449050
1.973937 0.449050 1.975309 0.449050
1.975309 0.449050 1.975995 0.450238
1.975995 0.450238 1.975309 0.451426
1.975309 0.451426 1.976680 0.451426
1.976680 0.451426 1.977366 0.452614
1.977366 0.452614 1.976680 0.453802
1.976680 0.453802 1.975309 0.453802
1.975309 0.453802 1.975995 0.454990
1.975995 0.454990 1.975309 0.456178
1.975309 0.456178 1.976680 0.456178
1.976680 0.456178 1.977366 0.457366
1.977366 0.457366 1.978052 0.456178
1.978052 0.456178 1.979424 0.456178
1.979424 0.456178 1.980110 0.457366
1.980110 0.457366 1.979424 0.458554
1.979424 0.458554 1.980796 0.458554
1.980796 0.458554 1.981481 0.459742
1.981481 0.459742 1.982167 0.458554
1.982167 0.458554 1.983539 0.458554
1.983539 0.458554 1.982853 0.457366
1.982853 0.457366 1.983539 0.456178
1.983539 0.456178 1.984911 0.456178
1.984911 0.456178 1.985597 0.457366
1.985597 0.457366 1.986283 0.456178
1.986283 0.456178 1.987654 0.456178
1.987654 0.456178 1.986968 0.454990
1.986968 0.454990 1.987654 0.453802
1.987654 0.453802 1.986283 0.453802
1.986283 0.453802 1.985597 0.452614
1.985597 0.452614 1.986283 0.451426
1.986283 0.451426 1.987654 0.451426
1.987654 0.451426 1.986968 0.450238
1.986968 0.450238 1.987654 0.449050
1.987654 0.449050 1.989026 0.449050
1.989026 0.449050 1.989712 0.450238
1.989712 0.450238 1.990398 0.449050
1.990398 0.449050 1.991770 0.449050
1.991770 0.449050 1.992455 0.450238
1.992455 0.450238 1.991770 0.451426
1.991770 0.451426 1.993141 0.451426
1.993141 0.451426 1.993827 0.452614
1.993827 0.452614 1.994513 0.451426
1.994513 0.451426 1.995885 0.451426
1.995885 0.451426 1.995199 0.450238
1.995199 0.450238 1.995885 0.449050
1.995885 0.449050 1.997257 0.449050
1.997257 0.449050 1.997942 0.450238
1.997942 0.450238 1.998628 0.449050
1.998628 0.449050 2.000000 0.449050
2.000000 0.449050 1.999314 0.447862
1.999314 0.447862 2.000000 0.446674
2.000000 0.446674 1.998628 0.446674
1.998628 0.446674 1.997942 0.445486
1.997942 0.445486 1.998628 0.444298
1.998628 0.444298 2.000000 0.444298
2.000000 0.444298 1.999314 0.443110
1.999314 0.443110 2.000000 0.441922
2.000000 0.441922 1.998628 0.441922
1.998628 0.441922 1.997942 0.440734
1.997942 0.440734 1.997257 0.441922
1.997257 0.441922 1.995885 0.441922
1.995885 0.441922 1.995199 0.440734
1.995199 0.440734 1.995885 0.439547
1.995885 0.439547 1.994513 0.439547
1.994513 0.439547 1.993827 0.438359
1.993827 0.438359 1.994513 0.437171
1.994513 0.437171 1.995885 0.437171
1.995885 0.437171 1.995199 0.435983
1.995199 0.435983 1.995885 0.434795
1.995885 0.434795 1.997257 0.434795
1.997257 0.434795 1.997942 0.435983
1.997942 0.435983 1.998628 0.434795
1.998628 0.434795 2.000000 0.434795
2.000000 0.434795 1.999314 0.433607
1.999314 0.433607 2.000000 0.432419
2.000000 0.432419 1.998628 0.432419
1.998628 0.432419 1.997942 0.431231
1.997942 0.431231 1.998628 0.430043
1.998628 0.430043 2.000000 0.430043
2.000000 0.430043 1.999314 0.428855
1.999314 0.428855 2.000000 0.427667
2.000000 0.427667 1.998628 0.427667
1.998628 0.427667 1.997942 0.426479
1.997942 0.426479 1.997257 0.427667
1.997257 0.427667 1.995885 0.427667
1.995885 0.427667 1.995199 0.426479
1.995199 0.426479 1.995885 0.425291
1.995885 0.425291 1.994513 0.425291
1.994513 0.425291 1.993827 0.424103
1.993827 0.424103 1.993141 0.425291
1.993141 0.425291 1.991770 0.425291
1.991770 0.425291 1.992455 0.426479
1.992455 0.426479 1.991770 0.427667
1.991770 0.427667 1.990398 0.427667
1.990398 0.427667 1.989712 0.426479
1.989712 0.426479 1.989026 0.427667
1.989026 0.427667 1.987654 0.427667
1.987654 0.427667 1.986968 0.426479
1.986968 0.426479 1.987654 0.425291
1.987654 0.425291 1.986283 0.425291
1.986283 0.425291 1.985597 0.424103
1.985597 0.424103 1.986283 0.422915
1.986283 0.422915 1.987654 0.422915
1.987654 0.422915 1.986968 0.421727
1.986968 0.421727 1.987654 0.420539
1.987654 0.420539 1.986283 0.420539
1.986283 0.420539 1.985597 0.419351
1.985597 0.419351 1.984911 0.420539
1.984911 0.420539 1.983539 0.420539
1.983539 0.420539 1.982853 0.419351
1.982853 0.419351 1.983539 0.418163
1.983539 0.418163 1.982167 0.418163
1.982167 0.418163 1.981481 0.416975
1.981481 0.416975 1.982167 0.415787
1.982167 0.415787 1.983539 0.415787
1.983539 0.415787 1.982853 0.414599
1.982853 0.414599 1.983539 0.413411
1.983539 0.413411 1.984911 0.413411
1.984911 0.413411 1.985597 0.414599
1.985597 0.414599 1.986283 0.413411
1.986283 0.413411 1.987654 0.413411
1.987654 0.413411 1.986968 0.412223
1.986968 0.412223 1.987654 0.411035
1.987654 0.411035 1.986283 0.411035
1.986283 0.411035 1.985597 0.409847
1.985597 0.409847 1.986283 0.408659
1.986283 0.408659 1.987654 0.408659
1.987654 0.408659 1.986968 0.407471
1.986968 0.407471 1.987654 0.406284
1.987654 0.406284 1.989026 0.406284
1.989026 0.406284 1.989712 0.407471
1.989712 0.407471 1.990398 0.406284
1.990398 0.406284 1.991770 0.406284
1.991770 0.406284 1.992455 0.407471
1.992455 0.407471 1.991770 0.408659
1.991770 0.408659 1.993141 0.408659
1.993141 0.408659 1.993827 0.409847
1.993827 0.409847 1.994513 0.408659
1.994513 0.408659 1.995885 0.408659
1.995885 0.408659 1.995199 0.407471
1.995199 0.407471 1.995885 0.406284
1.995885 0.406284 1.997257 0.406284
1.997257 0.406284 1.997942 0.407471
1.997942 0.407471 1.998628 0.406284
1.998628 0.406284 2.000000 0.406284
2.000000 0.406284 1.999314 0.405096
1.999314 0.405096 2.000000 0.403908
2.000000 0.403908 1.998628 0.403908
1.998628 0.403908 1.997942 0.402720
1.997942 0.402720 1.998628 0.401532
1.998628 0.401532 2.000000 0.401532
2.000000 0.401532 1.999314 0.400344
1.999314 0.400344 2.000000 0.399156
2.000000 0.399156 1.998628 0.399156
1.998628 0.399156 1.997942 0.397968
1.997942 0.397968 1.997257 0.399156
1.997257 0.399156 1.995885 0.399156
1.995885 0.399156 1.995199 0.397968
1.995199 0.397968 1.995885 0.396780
1.995885 0.396780 1.994513 0.396780
1.994513 0.396780 1.993827 0.395592
1.993827 0.395592 1.994513 0.394404
1.994513 0.394404 1.995885 0.394404
1.995885 0.394404 1.995199 0.393216
1.995199 0.393216 1.995885 0.392028
1.995885 0.392028 1.997257 0.392028
1.997257 0.392028 1.997942 0.393216
1.997942 0.393216 1.998628 0.392028
1.998628 0.392028 2.000000 0.392028
2.000000 0.392028 1.999314 0.390840
1.999314 0.390840 2.000000 0.389652
2.000000 0.389652 1.998628 0.389652
1.998628 0.389652 1.997942 0.388464
1.997942 0.388464 1.998628 0.387276
1.998628 0.387276 2.000000 0.387276
2.000000 0.387276 1.999314 0.386088
1.999314 0.386088 2.000000 0.384900
2.000000 0.384900 1.998628 0.384900
1.998628 0.384900 1.997942 0.383712
1.997942 0.383712 1.997257 0.384900
1.997257 0.384900 1.995885 0.384900
1.995885 0.384900 1.995199 0.383712
1.995199 0.383712 1.995885 0.382524
1.995885 0.382524 1.994513 0.382524
1.994513 0.382524 1.993827 0.381336
1.993827 0.381336 1.993141 0.382524
1.993141 0.382524 1.991770 0.382524
1.991770 0.382524 1.992455 0.383712
1.992455 0.383712 1.991770 0.384900
1.991770 0.384900 1.990398 0.384900
1.990398 0.384900 1.989712 0.383712
1.989712 0.383712 1.989026 0.384900
1.989026 0.384900 1.987654 0.384900
1.987654 0.384900 1.986968 0.383712
1.986968 0.383712 1.987654 0.382524
1.987654 0.382524 1.986283 0.382524
1.986283 0.382524 1.985597 0.381336
1.985597 0.381336 1.986283 0.380148
1.986283 0.380148 1.987654 0.380148
1.987654 0.380148 1.986968 0.378960
1.986968 0.378960 1.987654 0.377772
1.987654 0.377772 1.986283 0.377772
1.986283 0.377772 1.985597 0.376584
1.985597 0.376584 1.984911 0.377772
1.984911 0.377772 1.983539 0.377772
1.983539 0.377772 1.982853 0.376584
1.982853 0.376584 1.983539 0.375396
1.983539 0.375396 1.982167 0.375396
1.982167 0.375396 1.981481 0.374209
1.981481 0.374209 1.980796 0.375396
1.980796 0.375396 1.979424 0.375396
1.979424 0.375396 1.980110 0.376584
1.980110 0.376584 1.979424 0.377772
1.979424 0.377772 1.978052 0.377772
1.978052 0.377772 1.977366 0.376584
1.977366 0.376584 1.976680 0.377772
1.976680 0.377772 1.975309 0.377772
1.975309 0.377772 1.975995 0.378960
1.975995 0.378960 1.975309 0.380148
1.975309 0.380148 1.976680 0.380148
1.976680 0.380148 1.977366 0.381336
1.977366 0.381336 1.976680 0.382524
1.976680 0.382524 1.975309 0.382524
1.975309 0.382524 1.975995 0.383712
1.975995 0.383712 1.975309 0.384900
1.975309 0.384900 1.973937 0.384900
1.973937 0.384900 1.973251 0.383712
1.973251 0.383712 1.972565 0.384900
1.972565 0.384900 1.971193 0.384900
1.971193 0.384900 1.970508 0.383712
1.970508 0.383712 1.971193 0.382524
1.971193 0.382524 1.969822 0.382524
1.969822 0.382524 1.969136 0.381336
1.969136 0.381336 1.968450 0.382524
1.968450 0.382524 1.967078 0.382524
1.967078 0.382524 1.967764 0.383712
1.967764 0.383712 1.967078 0.384900
1.967078 0.384900 1.965706 0.384900
1.965706 0.384900 1.965021 0.383712
1.965021 0.383712 1.964335 0.384900
1.964335 0.384900 1.962963 0.384900
1.962963 0.384900 1.962277 0.383712
1.962277 0.383712 1.962963 0.382524
1.962963 0.382524 1.961591 0.382524
1.961591 0.382524 1.960905 0.381336
1.960905 0.381336 1.961591 0.380148
1.961591 0.380148 1.962963 0.380148
1.962963 0.380148 1.962277 0.378960
1.962277 0.378960 1.962963 0.377772
1.962963 0.377772 1.961591 0.377772
1.961591 0.377772 1.960905 0.376584
1.960905 0.376584 1.960219 0.377772
1.960219 0.377772 1.958848 0.377772
1.958848 0.377772 1.958162 0.376584
1.958162 0.376584 1.958848 0.375396
1.958848 0.375396 1.957476 0.375396
1.957476 0.375396 1.956790 0.374209
1.956790 0.374209 1.957476 0.373021
1.957476 0.373021 1.958848 0.373021
1.958848 0.373021 1.958162 0.371833
1.958162 0.371833 1.958848 0.370645
1.958848 0.370645 1.960219 0.370645
1.960219 0.370645 1.960905 0.371833
1.960905 0.371833 1.961591 0.370645
1.961591 0.370645 1.962963 0.370645
1.962963 0.370645 1.962277 0.369457
1.962277 0.369457 1.962963 0.368269
1.962963 0.368269 1.961591 0.368269
1.961591 0.368269 1.960905 0.367081
1.960905 0.367081 1.961591 0.365893
1.961591 0.365893 1.962963 0.365893
1.962963 0.365893 1.962277 0.364705
1.962277 0.364705 1.962963 0.363517
1.962963 0.363517 1.961591 0.363517
1.961591 0.363517 1.960905 0.362329
1.960905 0.362329 1.960219 0.363517
1.960219 0.363517 1.958848 0.363517
1.958848 0.363517 1.958162 0.362329
1.958162 0.362329 1.958848 0.361141
1.958848 0.361141 1.957476 0.361141
1.957476 0.361141 1.956790 0.359953
1.956790 0.359953 1.956104 0.361141
1.956104 0.361141 1.954733 0.361141
1.954733 0.361141 1.955418 0.362329
1.955418 0.362329 1.954733 0.363517
1.954733 0.363517 1.953361 0.363517
1.953361 0.363517 1.952675 0.362329
1.952675 0.362329 1.951989 0.363517
1.951989 0.363517 1.950617 0.363517
1.950617 0.363517 1.949931 0.362329
1.949931 0.362329 1.950617 0.361141
1.950617 0.361141 1.949246 0.361141
1.949246 0.361141 1.948560 0.359953
1.948560 0.359953 1.949246 0.358765
1.949246 0.358765 1.950617 0.358765
1.950617 0.358765 1.949931 0.357577
1.949931 0.357577 1.950617 0.356389
1.950617 0.356389 1.949246 0.356389
1.949246 0.356389 1.948560 0.355201
1.948560 0.355201 1.947874 0.356389
1.947874 0.356389 1.946502 0.356389
1.946502 0.356389 1.945816 0.355201
1.945816 0.355201 1.946502 0.354013
1.946502 0.354013 1.945130 0.354013
1.945130 0.354013 1.944444 0.352825
1.944444 0.352825 1.943759 0.354013
1.943759 0.354013 1.942387 0.354013
1.942387 0.354013 1.943073 0.355201
1.943073 0.355201 1.942387 0.356389
1.942387 0.356389 1.941015 0.356389
1.941015 0.356389 1.940329 0.355201
1.940329 0.355201 1.939643 0.356389
1.939643 0.356389 1.938272 0.356389
1.938272 0.356389 1.938957 0.357577
1.938957 0.357577 1.938272 0.358765
1.938272 0.358765 1.939643 0.358765
1.939643 0.358765 1.940329 0.359953
1.940329 0.359953 1.939643 0.361141
1.939643 0.361141 1.938272 0.361141
1.938272 0.361141 1.938957 0.362329
1.938957 0.362329 1.938272 0.363517
1.938272 0.363517 1.936900 0.363517
1.936900 0.363517 1.936214 0.362329
1.936214 0.362329 1.935528 0.363517
1.935528 0.363517 1.934156 0.363517
1.934156 0.363517 1.933471 0.362329
1.933471 0.362329 1.934156 0.361141
1.934156 0.361141 1.932785 0.361141
1.932785 0.361141 1.932099 0.359953
1.932099 0.359953 1.931413 0.361141
1.931413 0.361141 1.930041 0.361141
1.930041 0.361141 1.930727 0.362329
1.930727 0.362329 1.930041 0.363517
1.930041 0.363517 1.928669 0.363517
1.928669 0.363517 1.927984 0.362329
1.927984 0.362329 1.927298 0.363517
1.927298 0.363517 1.925926 0.363517
1.925926 0.363517 1.926612 0.364705
1.926612 0.364705 1.925926 0.365893
1.925926 0.365893 1.927298 0.365893
1.927298 0.365893 1.927984 0.367081
1.927984 0.367081 1.927298 0.368269
1.927298 0.368269 1.925926 0.368269
1.925926 0.368269 1.926612 0.369457
1.926612 0.369457 1.925926 0.370645
1.925926 0.370645 1.927298 0.370645
1.927298 0.370645 1.927984 0.371833
1.927984 0.371833 1.928669 0.370645
1.928669 0.370645 1.930041 0.370645
1.930041 0.370645 1.930727 0.371833
1.930727 0.371833 1.930041 0.373021
1.930041 0.373021 1.931413 0.373021
1.931413 0.373021 1.932099 0.374209
1.932099 0.374209 1.931413 0.375396
1.931413 0.375396 1.930041 0.375396
1.930041 0.375396 1.930727 0.376584
1.930727 0.376584 1.930041 0.377772
1.930041 0.377772 1.928669 0.377772
1.928669 0.377772 1.927984 0.376584
1.927984 0.376584 1.927298 0.377772
1.927298 0.377772 1.925926 0.377772
1.925926 0.377772 1.926612 0.378960
1.926612 0.378960 1.925926 0.380148
1.925926 0.380148 1.927298 0.380148
1.927298 0.380148 1.927984 0.381336
1.927984 0.381336 1.927298 0.382524
1.927298 0.382524 1.925926 0.382524
1.925926 0.382524 1.926612 0.383712
1.926612 0.383712 1.925926 0.384900
1.925926 0.384900 1.924554 0.384900
1.924554 0.384900 1.923868 0.383712
1.923868 0.383712 1.923182 0.384900
1.923182 0.384900 1.921811 0.384900
1.921811 0.384900 1.921125 0.383712
1.921125 0.383712 1.921811 0.382524
1.921811 0.382524 1.920439 0.382524
1.920439 0.382524 1.919753 0.381336
1.919753 0.381336 1.919067 0.382524
1.919067 0.382524 1.917695 0.382524
1.917695 0.382524 1.918381 0.383712
1.918381 0.383712 1.917695 0.384900
1.917695 0.384900 1.916324 0.384900
1.916324 0.384900 1.915638 0.383712
1.915638 0.383712 1.914952 0.384900
1.914952 0.384900 1.913580 0.384900
1.913580 0.384900 1.912894 0.383712
1.912894 0.383712 1.913580 0.382524
1.913580 0.382524 1.912209 0.382524
1.912209 0.382524 1.911523 0.381336
1.911523 0.381336 1.912209 0.380148
1.912209 0.380148 1.913580 0.380148
1.913580 0.380148 1.912894 0.378960
1.912894 0.378960 1.913580 0.377772
1.913580 0.377772 1.912209 0.377772
1.912209 0.377772 1.911523 0.376584
1.911523 0.376584 1.910837 0.377772
1.910837 0.377772 1.909465 0.377772
1.909465 0.377772 1.908779 0.376584
1.908779 0.376584 1.909465 0.375396
1.909465 0.375396 1.908093 0.375396
1.908093 0.375396 1.907407 0.374209
1.907407 0.374209 1.906722 0.375396
1.906722 0.375396 1.905350 0.375396
1.905350 0.375396 1.906036 0.376584
1.906036 0.376584 1.905350 0.377772
1.905350 0.377772 1.903978 0.377772
1.903978 0.377772 1.903292 0.376584
1.903292 0.376584 1.902606 0.377772
1.902606 0.377772 1.901235 0.377772
1.901235 0.377772 1.901920 0.378960
1.901920 0.378960 1.901235 0.380148
1.901235 0.380148 1.902606 0.380148
1.902606 0.380148 1.903292 0.381336
1.903292 0.381336 1.902606 0.382524
1.902606 0.382524 1.901235 0.382524
1.901235 0.382524 1.901920 0.383712
1.901920 0.383712 1.901235 0.384900
1.901235 0.384900 1.899863 0.384900
1.899863 0.384900 1.899177 0.383712
1.899177 0.383712 1.898491 0.384900
1.898491 0.384900 1.897119 0.384900
1.897119 0.384900 1.896433 0.383712
1.896433 0.383712 1.897119 0.382524
1.897119 0.382524 1.895748 0.382524
1.895748 0.382524 1.895062 0.381336
1.895062 0.381336 1.894376 0.382524
1.894376 0.382524 1.893004 0.382524
1.893004 0.382524 1.893690 0.383712
1.893690 0.383712 1.893004 0.384900
1.893004 0.384900 1.891632 0.384900
1.891632 0.384900 1.890947 0.383712
1.890947 0.383712 1.890261 0.384900
1.890261 0.384900 1.888889 0.384900
1.888889 0.384900 1.888203 0.383712
1.888203 0.383712 1.888889 0.382524
1.888889 0.382524 1.887517 0.382524
1.887517 0.382524 1.886831 0.381336
1.886831 0.381336 1.887517 0.380148
1.887517 0.380148 1.888889 0.380148
1.888889 0.380148 1.888203 0.378960
1.888203 0.378960 1.888889 0.377772
1.888889 0.377772 1.887517 0.377772
1.887517 0.377772 1.886831 0.376584
1.886831 0.376584 1.886145 0.377772
1.886145 0.377772 1.884774 0.377772
1.884774 0.377772 1.884088 0.376584
1.884088 0.376584 1.884774 0.375396
1.884774 0.375396 1.883402 0.375396
1.883402 0.375396 1.882716 0.374209
1.882716 0.374209 1.883402 0.373021
1.883402 0.373021 1.884774 0.373021
1.884774 0.373021 1.884088 0.371833
1.884088 0.371833 1.884774 0.370645
1.884774 0.370645 1.886145 0.370645
1.886145 0.370645 1.886831 0.371833
1.886831 0.371833 1.887517 0.370645
1.887517 0.370645 1.888889 0.370645
1.888889 0.370645 1.888203 0.369457
1.888203 0.369457 1.888889 0.368269
1.888889 0.368269 1.887517 0.368269
1.887517 0.368269 1.886831 0.367081
1.886831 0.367081 1.887517 0.365893
1.887517 0.365893 1.888889 0.365893
1.888889 0.365893 1.888203 0.364705
1.888203 0.364705 1.888889 0.363517
1.888889 0.363517 1.887517 0.363517
1.887517 0.363517 1.886831 0.362329
1.886831 0.362329 1.886145 0.363517
1.886145 0.363517 1.884774 0.363517
1.884774 0.363517 1.884088 0.362329
1.884088 0.362329 1.884774 0.361141
1.884774 0.361141 1.883402 0.361141
1.883402 0.361141 1.882716 0.359953
1.882716 0.359953 1.882030 0.361141
1.882030 0.361141 1.880658 0.361141
1.880658 0.361141 1.881344 0.362329
1.881344 0.362329 1.880658 0.363517
1.880658 0.363517 1.879287 0.363517
1.879287 0.363517 1.878601 0.362329
1.878601 0.362329 1.877915 0.363517
1.877915 0.363517 1.876543 0.363517
1.876543 0.363517 1.875857 0.362329
1.875857 0.362329 1.876543 0.361141
1.876543 0.361141 1.875171 0.361141
1.875171 0.361141 1.874486 0.359953
1.874486 0.359953 1.875171 0.358765
1.875171 0.358765 1.876543 0.358765
1.876543 0.358765 1.875857 0.357577
1.875857 0.357577 1.876543 0.356389
1.876543 0.356389 1.875171 0.356389
1.875171 0.356389 1.874486 0.355201
1.874486 0.355201 1.873800 0.356389
1.873800 0.356389 1.872428 0.356389
1.872428 0.356389 1.871742 0.355201
1.871742 0.355201 1.872428 0.354013
1.872428 0.354013 1.871056 0.354013
1.871056 0.354013 1.870370 0.352825
1.870370 0.352825 1.871056 0.351637
1.871056 0.351637 1.872428 0.351637
1.872428 0.351637 1.871742 0.350449
1.871742 0.350449 1.872428 0.349261
1.872428 0.349261 1.873800 0.349261
1.873800 0.349261 1.874486 0.350449
1.874486 0.350449 1.875171 0.349261
1.875171 0.349261 1.876543 0.349261
1.876543 0.349261 1.875857 0.348073
1.875857 0.348073 1.876543 0.346885
1.876543 0.346885 1.875171 0.346885
1.875171 0.346885 1.874486 0.345697
1.874486 0.345697 1.875171 0.344509
1.875171 0.344509 1.876543 0.344509
1.876543 0.344509 1.875857 0.343321
1.875857 0.343321 1.876543 0.342133
1.876543 0.342133 1.877915 0.342133
1.877915 0.342133 1.878601 0.343321
1.878601 0.343321 1.879287 0.342133
1.879287 0.342133 1.880658 0.342133
1.880658 0.342133 1.881344 0.343321
1.881344 0.343321 1.880658 0.344509
1.880658 0.344509 1.882030 0.344509
1.882030 0.344509 1.882716 0.345697
1.882716 0.345697 1.883402 0.344509
1.883402 0.344509 1.884774 0.344509
1.884774 0.344509 1.884088 0.343321
1.884088 0.343321 1.884774 0.342133
1.884774 0.342133 1.886145 0.342133
1.886145 0.342133 1.886831 0.343321
1.886831 0.343321 1.887517 0.342133
1.887517 0.342133 1.888889 0.342133
1.888889 0.342133 1.888203 0.340946
1.888203 0.340946 1.888889 0.339758
1.888889 0.339758 1.887517 0.339758
1.887517 0.339758 1.886831 0.338570
1.886831 0.338570 1.887517 0.337382
1.887517 0.337382 1.888889 0.337382
1.888889 0.337382 1.888203 0.336194
1.888203 0.336194 1.888889 0.335006
1.888889 0.335006 1.887517 0.335006
1.887517 0.335006 1.886831 0.333818
1.886831 0.333818 1.886145 0.335006
1.886145 0.335006 1.884774 0.335006
1.884774 0.335006 1.884088 0.333818
1.884088 0.333818 1.884774 0.332630
1.884774 0.332630 1.883402 0.332630
1.883402 0.332630 1.882716 0.331442
1.882716 0.331442 1.883402 0.330254
1.883402 0.330254 1.884774 0.330254
1.884774 0.330254 1.884088 0.329066
1.884088 0.329066 1.884774 0.327878
1.884774 0.327878 1.886145 0.327878
1.886145 0.327878 1.886831 0.329066
1.886831 0.329066 1.887517 0.327878
1.887517 0.327878 1.888889 0.327878
1.888889 0.327878 1.888203 0.326690
1.888203 0.326690 1.888889 0.325502
1.888889 0.325502 1.887517 0.325502
1.887517 0.325502 1.886831 0.324314
1.886831 0.324314 1.887517 0.323126
1.887517 0.323126 1.888889 0.323126
1.888889 0.323126 1.888203 0.321938
1.888203 0.321938 1.888889 0.320750
1.888889 0.320750 1.887517 0.320750
1.887517 0.320750 1.886831 0.319562
1.886831 0.319562 1.886145 0.320750
1.886145 0.320750 1.884774 0.320750
1.884774 0.320750 1.884088 0.319562
1.884088 0.319562 1.884774 0.318374
1.884774 0.318374 1.883402 0.318374
1.883402 0.318374 1.882716 0.317186
1.882716 0.317186 1.882030 0.318374
1.882030 0.318374 1.880658 0.318374
1.880658 0.318374 1.881344 0.319562
1.881344 0.319562 1.880658 0.320750
1.880658 0.320750 1.879287 0.320750
1.879287 0.320750 1.878601 0.319562
1.878601 0.319562 1.877915 0.320750
1.877915 0.320750 1.876543 0.320750
1.876543 0.320750 1.875857 0.319562
1.875857 0.319562 1.876543 0.318374
1.876543 0.318374 1.875171 0.318374
1.875171 0.318374 1.874486 0.317186
1.874486 0.317186 1.875171 0.315998
1.875171 0.315998 1.876543 0.315998
1.876543 0.315998 1.875857 0.314810
1.875857 0.314810 1.876543 0.313622
1.876543 0.313622 1.875171 0.313622
1.875171 0.313622 1.874486 0.312434
1.874486 0.312434 1.873800 0.313622
1.873800 0.313622 1.872428 0.313622
1.872428 0.313622 1.871742 0.312434
1.871742 0.312434 1.872428 0.311246
1.872428 0.311246 1.871056 0.311246
1.871056 0.311246 1.870370 0.310058
1.870370 0.310058 1.869684 0.311246
1.869684 0.311246 1.868313 0.311246
1.868313 0.311246 1.868999 0.312434
1.868999 0.312434 1.868313 0.313622
1.868313 0.313622 1.866941 0.313622
1.866941 0.313622 1.866255 0.312434
1.866255 0.312434 1.865569 0.313622
1.865569 0.313622 1.864198 0.313622
1.864198 0.313622 1.864883 0.314810
1.864883 0.314810 1.864198 0.315998
1.864198 0.315998 1.865569 0.315998
1.865569 0.315998 1.866255 0.317186
1.866255 0.317186 1.865569 0.318374
1.865569 0.318374 1.864198 0.318374
1.864198 0.318374 1.864883 0.319562
1.864883 0.319562 1.864198 0.320750
1.864198 0.320750 1.862826 0.320750
1.862826 0.320750 1.862140 0.319562
1.862140 0.319562 1.861454 0.320750
1.861454 0.320750 1.860082 0.320750
1.860082 0.320750 1.859396 0.319562
1.859396 0.319562 1.860082 0.318374
1.860082 0.318374 1.858711 0.318374
1.858711 0.318374 1.858025 0.317186
1.858025 0.317186 1.857339 0.318374
1.857339 0.318374 1.855967 0.318374
1.855967 0.318374 1.856653 0.319562
1.856653 0.319562 1.855967 0.320750
1.855967 0.320750 1.854595 0.320750
1.854595 0.320750 1.853909 0.319562
1.853909 0.319562 1.853224 0.320750
1.853224 0.320750 1.851852 0.320750
1.851852 0.320750 1.851166 0.319562
1.851166 0.319562 1.851852 0.318374
1.851852 0.318374 1.850480 0.318374
1.850480 0.318374 1.849794 0.317186
1.849794 0.317186 1.850480 0.315998
1.850480 0.315998 1.851852 0.315998
1.851852 0.315998 1.851166 0.314810
1.851166 0.314810 1.851852 0.313622
1.851852 0.313622 1.850480 0.313622
1.850480 0.313622 1.849794 0.312434
1.849794 0.312434 1.849108 0.313622
1.849108 0.313622 1.847737 0.313622
1.847737 0.313622 1.847051 0.312434
1.847051 0.312434 1.847737 0.311246
1.847737 0.311246 1.846365 0.311246
1.846365 0.311246 1.845679 0.310058
1.845679 0.310058 1.846365 0.308871
1.846365 0.308871 1.847737 0.308871
1.847737 0.308871 1.847051 0.307683
1.847051 0.307683 1.847737 0.306495
1.847737 0.306495 1.849108 0.306495
1.849108 0.306495 1.849794 0.307683
1.849794 0.307683 1.850480 0.306495
1.850480 0.306495 1.851852 0.306495
1.851852 0.306495 1.851166 0.305307
1.851166 0.305307 1.851852 0.304119
1.851852 0.304119 1.850480 0.304119
1.850480 0.304119 1.849794 0.302931
1.849794 0.302931 1.850480 0.301743
1.850480 0.301743 1.851852 0.301743
1.851852 0.301743 1.851166 0.300555
1.851166 0.300555 1.851852 0.299367
1.851852 0.299367 1.850480 0.299367
1.850480 0.299367 1.849794 0.298179
1.849794 0.298179 1.849108 0.299367
1.849108 0.299367 1.847737 0.299367
1.847737 0.299367 1.847051 0.298179
1.847051 0.298179 1.847737 0.296991
1.847737 0.296991 1.846365 0.296991
1.846365 0.296991 1.845679 0.295803
1.845679 0.295803 1.844993 0.296991
1.844993 0.296991 1.843621 0.296991
1.843621 0.296991 1.844307 0.298179
1.844307 0.298179 1.843621 0.299367
1.843621 0.299367 1.842250 0.299367
1.842250 0.299367 1.841564 0.298179
1.841564 0.298179 1.840878 0.299367
1.840878 0.299367 1.839506 0.299367
1.839506 0.299367 1.838820 0.298179
1.838820 0.298179 1.839506 0.296991
1.839506 0.296991 1.838134 0.296991
1.838134 0.296991 1.837449 0.295803
1.837449 0.295803 1.838134 0.294615
1.838134 0.294615 1.839506 0.294615
1.839506 0.294615 1.838820 0.293427
1.838820 0.293427 1.839506 0.292239
1.839506 0.292239 1.838134 0.292239
1.838134 0.292239 1.837449 0.291051
1.837449 0.291051 1.836763 0.292239
1.836763 0.292239 1.835391 0.292239
1.835391 0.292239 1.834705 0.291051
1.834705 0.291051 1.835391 0.289863
1.835391 0.289863 1.834019 0.289863
1.834019 0.289863 1.833333 0.288675
1.833333 0.288675 1.834019 0.287487
1.834019 0.287487 1.835391 0.287487
1.835391 0.287487 1.834705 0.286299
1.834705 0.286299 1.835391 0.285111
1.835391 0.285111 1.836763 0.285111
1.836763 0.285111 1.837449 0.286299
1.837449 0.286299 1.838134 0.285111
1.838134 0.285111 1.839506 0.285111
1.839506 0.285111 1.838820 0.283923
1.838820 0.283923 1.839506 0.282735
1.839506 0.282735 1.838134 0.282735
1.838134 0.282735 1.837449 0.281547
1.837449 0.281547 1.838134 0.280359
1.838134 0.280359 1.839506 0.280359
1.839506 0.280359 1.838820 0.279171
1.838820 0.279171 1.839506 0.277983
1.839506 0.277983 1.840878 0.277983
1.840878 0.277983 1.841564 0.279171
1.841564 0.279171 1.842250 0.277983
1.842250 0.277983 1.843621 0.277983
1.843621 0.277983 1.844307 0.279171
1.844307 0.279171 1.843621 0.280359
1.843621 0.280359 1.844993 0.280359
1.844993 0.280359 1.845679 0.281547
1.845679 0.281547 1.846365 0.280359
1.846365 0.280359 1.847737 0.280359
1.847737 0.280359 1.847051 0.279171
1.847051 0.279171 1.847737 0.277983
1.847737 0.277983 1.849108 0.277983
1.849108 0.277983 1.849794 0.279171
1.849794 0.279171 1.850480 0.277983
1.850480 0.277983 1.851852 0.277983
1.851852 0.277983 1.851166 0.276795
1.851166 0.276795 1.851852 0.275608
1.851852 0.275608 1.850480 0.275608
1.850480 0.275608 1.849794 0.274420
1.849794 0.274420 1.850480 0.273232
1.850480 0.273232 1.851852 0.273232
1.851852 0.273232 1.851166 0.272044
1.851166 0.272044 1.851852 0.270856
1.851852 0.270856 1.850480 0.270856
1.850480 0.270856 1.849794 0.269668
1.849794 0.269668 1.849108 0.270856
1.849108 0.270856 1.847737 0.270856
1.847737 0.270856 1.847051 0.269668
1.847051 0.269668 1.847737 0.268480
1.847737 0.268480 1.846365 0.268480
1.846365 0.268480 1.845679 0.267292
1.845679 0.267292 1.846365 0.266104
1.846365 0.266104 1.847737 0.266104
1.847737 0.266104 1.847051 0.264916
1.847051 0.264916 1.847737 0.263728
1.847737 0.263728 1.849108 0.263728
1.849108 0.263728 1.849794 0.264916
1.849794 0.264916 1.850480 0.263728
1.850480 0.263728 1.851852 0.263728
1.851852 0.263728 1.851166 0.262540
1.851166 0.262540 1.851852 0.261352
1.851852 0.261352 1.850480 0.261352
1.850480 0.261352 1.849794 0.260164
1.849794 0.260164 1.850480 0.258976
1.850480 0.258976 1.851852 0.258976
1.851852 0.258976 1.851166 0.257788
1.851166 0.257788 1.851852 0.256600
1.851852 0.256600 1.853224 0.256600
1.853224 0.256600 1.853909 0.257788
1.853909 0.257788 1.854595 0.256600
1.854595 0.256600 1.855967 0.256600
1.855967 0.256600 1.856653 0.257788
1.856653 0.257788 1.855967 0.258976
1.855967 0.258976 1.857339 0.258976
1.857339 0.258976 1.858025 0.260164
1.858025 0.260164 1.858711 0.258976
1.858711 0.258976 1.860082 0.258976
1.860082 0.258976 1.859396 0.257788
1.859396 0.257788 1.860082 0.256600
1.860082 0.256600 1.861454 0.256600
1.861454 0.256600 1.862140 0.257788
1.862140 0.257788 1.862826 0.256600
1.862826 0.256600 1.864198 0.256600
1.864198 0.256600 1.864883 0.257788
1.864883 0.257788 1.864198 0.258976
1.864198 0.258976 1.865569 0.258976
1.865569 0.258976 1.866255 0.260164
1.866255 0.260164 1.865569 0.261352
1.865569 0.261352 1.864198 0.261352
1.864198 0.261352 1.864883 0.262540
1.864883 0.262540 1.864198 0.263728
1.864198 0.263728 1.865569 0.263728
1.865569 0.263728 1.866255 0.264916
1.866255 0.264916 1.866941 0.263728
1.866941 0.263728 1.868313 0.263728
1.868313 0.263728 1.868999 0.264916
1.868999 0.264916 1.868313 0.266104
1.868313 0.266104 1.869684 0.266104
1.869684 0.266104 1.870370 0.267292
1.870370 0.267292 1.871056 0.266104
1.871056 0.266104 1.872428 0.266104
1.872428 0.266104 1.871742 0.264916
1.871742 0.264916 1.872428 0.263728
1.872428 0.263728 1.873800 0.263728
1.873800 0.263728 1.874486 0.264916
1.874486 0.264916 1.875171 0.263728
1.875171 0.263728 1.876543 0.263728
1.876543 0.263728 1.875857 0.262540
1.875857 0.262540 1.876543 0.261352
1.876543 0.261352 1.875171 0.261352
1.875171 0.261352 1.874486 0.260164
1.874486 0.260164 1.875171 0.258976
1.875171 0.258976 1.876543 0.258976
1.876543 0.258976 1.875857 0.257788
1.875857 0.257788 1.876543 0.256600
1.876543 0.256600 1.877915 0.256600
1.877915 0.256600 1.878601 0.257788
1.878601 0.257788 1.879287 0.256600
1.879287 0.256600 1.880658 0.256600
1.880658 0.256600 1.881344 0.257788
1.881344 0.257788 1.880658 0.258976
1.880658 0.258976 1.882030 0.258976
1.882030 0.258976 1.882716 0.260164
1.882716 0.260164 1.883402 0.258976
1.883402 0.258976 1.884774 0.258976
1.884774 0.258976 1.884088 0.257788
1.884088 0.257788 1.884774 0.256600
1.884774 0.256600 1.886145 0.256600
1.886145 0.256600 1.886831 0.257788
1.886831 0.257788 1.887517 0.256600
1.887517 0.256600 1.888889 0.256600
1.888889 0.256600 1.888203 0.255412
1.888203 0.255412 1.888889 0.254224
1.888889 0.254224 1.887517 0.254224
1.887517 0.254224 1.886831 0.253036
1.886831 0.253036 1.887517 0.251848
1.887517 0.251848 1.888889 0.251848
1.888889 0.251848 1.888203 0.250660
1.888203 0.250660 1.888889 0.249472
1.888889 0.249472 1.887517 0.249472
1.887517 0.249472 1.886831 0.248284
1.886831 0.248284 1.886145 0.249472
1.886145 0.249472 1.884774 0.249472
1.884774 0.249472 1.884088 0.248284
1.884088 0.248284 1.884774 0.247096
1.884774 0.247096 1.883402 0.247096
1.883402 0.247096 1.882716 0.245908
1.882716 0.245908 1.883402 0.244720
1.883402 0.244720 1.884774 0.244720
1.884774 0.244720 1.884088 0.243533
1.884088 0.243533 1.884774 0.242345
1.884774 0.242345 1.886145 0.242345
1.886145 0.242345 1.886831 0.243533
1.886831 0.243533 1.887517 0.242345
1.887517 0.242345 1.888889 0.242345
1.888889 0.242345 1.888203 0.241157
1.888203 0.241157 1.888889 0.239969
1.888889 0.239969 1.887517 0.239969
1.887517 0.239969 1.886831 0.238781
1.886831 0.238781 1.887517 0.237593
1.887517 0.237593 1.888889 0.237593
1.888889 0.237593 1.888203 0.236405
1.888203 0.236405 1.888889 0.235217
1.888889 0.235217 1.887517 0.235217
1.887517 0.235217 1.886831 0.234029
1.886831 0.234029 1.886145 0.235217
1.886145 0.235217 1.884774 0.235217
1.884774 0.235217 1.884088 0.234029
1.884088 0.234029 1.884774 0.232841
1.884774 0.232841 1.883402 0.232841
1.883402 0.232841 1.882716 0.231653
1.882716 0.231653 1.882030 0.232841
1.882030 0.232841 1.880658 0.232841
1.880658 0.232841 1.881344 0.234029
1.881344 0.234029 1.880658 0.235217
1.880658 0.235217 1.879287 0.235217
1.879287 0.235217 1.878601 0.234029
1.878601 0.234029 1.877915 0.235217
1.877915 0.235217 1.876543 0.235217
1.876543 0.235217 1.875857 0.234029
1.875857 0.234029 1.876543 0.232841
1.876543 0.232841 1.875171 0.232841
1.875171 0.232841 1.874486 0.231653
1.874486 0.231653 1.875171 0.230465
1.875171 0.230465 1.876543 0.230465
1.876543 0.230465 1.875857 0.229277
1.875857 0.229277 1.876543 0.228089
1.876543 0.228089 1.875171 0.228089
1.875171 0.228089 1.874486 0.226901
1.874486 0.226901 1.873800 0.228089
1.873800 0.228089 1.872428 0.228089
1.872428 0.228089 1.871742 0.226901
1.871742 0.226901 1.872428 0.225713
1.872428 0.225713 1.871056 0.225713
1.871056 0.225713 1.870370 0.224525
1.870370 0.224525 1.871056 0.223337
1.871056 0.223337 1.872428 0.223337
1.872428 0.223337 1.871742 0.222149
1.871742 0.222149 1.872428 0.220961
1.872428 0.220961 1.873800 0.220961
1.873800 0.220961 1.874486 0.222149
1.874486 0.222149 1.875171 0.220961
1.875171 0.220961 1.876543 0.220961
1.876543 0.220961 1.875857 0.219773
1.875857 0.219773 1.876543 0.218585
1.876543 0.218585 1.875171 0.218585
1.875171 0.218585 1.874486 0.217397
1.874486 0.217397 1.875171 0.216209
1.875171 0.216209 1.876543 0.216209
1.876543 0.216209 1.875857 0.215021
1.875857 0.215021 1.876543 0.213833
1.876543 0.213833 1.877915 0.213833
1.877915 0.213833 1.878601 0.215021
1.878601 0.215021 1.879287 0.213833
1.879287 0.213833 1.880658 0.213833
1.880658 0.213833 1.881344 0.215021
1.881344 0.215021 1.880658 0.216209
1.880658 0.216209 1.882030 0.216209
1.882030 0.216209 1.882716 0.217397
1.882716 0.217397 1.883402 0.216209
1.883402 0.216209 1.884774 0.216209
1.884774 0.216209 1.884088 0.215021
1.884088 0.215021 1.884774 0.213833
1.884774 0.213833 1.886145 0.213833
1.886145 0.213833 1.886831 0.215021
1.886831 0.215021 1.887517 0.213833
1.887517 0.213833 1.888889 0.213833
1.888889 0.213833 1.888203 0.212645
1.888203 0.212645 1.888889 0.211458
1.888889 0.211458 1.887517 0.211458
1.887517 0.211458 1.886831 0.210270
1.886831 0.210270 1.887517 0.209082
1.887517 0.209082 1.888889 0.209082
1.888889 0.209082 1.888203 0.207894
1.888203 0.207894 1.888889 0.206706
1.888889 0.206706 1.887517 0.206706
1.887517 0.206706 1.886831 0.205518
1.886831 0.205518 1.886145 0.206706
1.886145 0.206706 1.884774 0.206706
1.884774 0.206706 1.884088 0.205518
1.884088 0.205518 1.884774 0.204330
1.884774 0.204330 1.883402 0.204330
1.883402 0.204330 1.882716 0.203142
1.882716 0.203142 1.883402 0.201954
1.883402 0.201954 1.884774 0.201954
1.884774 0.201954 1.884088 0.200766
1.884088 0.200766 1.884774 0.199578
1.884774 0.199578 1.886145 0.199578
1.886145 0.199578 1.886831 0.200766
1.886831 0.200766 1.887517 0.199578
1.887517 0.199578 1.888889 0.199578
1.888889 0.199578 1.888203 0.198390
1.888203 0.198390 1.888889 0.197202
1.888889 0.197202 1.887517 0.197202
1.887517 0.197202 1.886831 0.196014
1.886831 0.196014 1.887517 0.194826
1.887517 0.194826 1.888889 0.194826
1.888889 0.194826 1.888203 0.193638
1.888203 0.193638 1.888889 0.192450
1.888889 0.192450 1.890261 0.192450
1.890261 0.192450 1.890947 0.193638
1.890947 0.193638 1.891632 0.192450
1.891632 0.192450 1.893004 0.192450
1.893004 0.192450 1.893690 0.193638
1.893690 0.193638 1.893004 0.194826
1.893004 0.194826 1.894376 0.194826
1.894376 0.194826 1.895062 0.196014
1.895062 0.196014 1.895748 0.194826
1.895748 0.194826 1.897119 0.194826
1.897119 0.194826 1.896433 0.193638
1.896433 0.193638 1.897119 0.192450
1.897119 0.192450 1.898491 0.192450
1.898491 0.192450 1.899177 0.193638
1.899177 0.193638 1.899863 0.192450
1.899863 0.192450 1.901235 0.192450
1.901235 0.192450 1.901920 0.193638
1.901920 0.193638 1.901235 0.194826
1.901235 0.194826 1.902606 0.194826
1.902606 0.194826 1.903292 0.196014
1.903292 0.196014 1.902606 0.197202
1.902606 0.197202 1.901235 0.197202
1.901235 0.197202 1.901920 0.198390
1.901920 0.198390 1.901235 0.199578
1.901235 0.199578 1.902606 0.199578
1.902606 0.199578 1.903292 0.200766
1.903292 0.200766 1.903978 0.199578
1.903978 0.199578 1.905350 0.199578
1.905350 0.199578 1.906036 0.200766
1.906036 0.200766 1.905350 0.201954
1.905350 0.201954 1.906722 0.201954
1.906722 0.201954 1.907407 0.203142
1.907407 0.203142 1.908093 0.201954
1.908093 0.201954 1.909465 0.201954
1.909465 0.201954 1.908779 0.200766
1.908779 0.200766 1.909465 0.199578
1.909465 0.199578 1.910837 0.199578
1.910837 0.199578 1.911523 0.200766
1.911523 0.200766 1.912209 0.199578
1.912209 0.199578 1.913580 0.199578
1.913580 0.199578 1.912894 0.198390
1.912894 0.198390 1.913580 0.197202
1.913580 0.197202 1.912209 0.197202
1.912209 0.197202 1.911523 0.196014
1.911523 0.196014 1.912209 0.194826
1.912209 0.194826 1.913580 0.194826
1.913580 0.194826 1.912894 0.193638
1.912894 0.193638 1.913580 0.192450
1.913580 0.192450 1.914952 0.192450
1.914952 0.192450 1.915638 0.193638
1.915638 0.193638 1.916324 0.192450
1.916324 0.192450 1.917695 0.192450
1.917695 0.192450 1.918381 0.193638
1.918381 0.193638 1.917695 0.194826
1.917695 0.194826 1.919067 0.194826
1.919067 0.194826 1.919753 0.196014
1.919753 0.196014 1.920439 0.194826
1.920439 0.194826 1.921811 0.194826
1.921811 0.194826 1.921125 0.193638
1.921125 0.193638 1.921811 0.192450
1.921811 0.192450 1.923182 0.192450
1.923182 0.192450 1.923868 0.193638
1.923868 0.193638 1.924554 0.192450
1.924554 0.192450 1.925926 0.192450
1.925926 0.192450 1.926612 0.193638
1.926612 0.193638 1.925926 0.194826
1.925926 0.194826 1.927298 0.194826
1.927298 0.194826 1.927984 0.196014
1.927984 0.196014 1.927298 0.197202
1.927298 0.197202 1.925926 0.197202
1.925926 0.197202 1.926612 0.198390
1.926612 0.198390 1.925926 0.199578
1.925926 0.199578 1.927298 0.199578
1.927298 0.199578 1.927984 0.200766
1.927984 0.200766 1.928669 0.199578
1.928669 0.199578 1.930041 0.199578
1.930041 0.199578 1.930727 0.200766
1.930727 0.200766 1.930041 0.201954
1.930041 0.201954 1.931413 0.201954
1.931413 0.201954 1.932099 0.203142
1.932099 0.203142 1.931413 0.204330
1.931413 0.204330 1.930041 0.204330
1.930041 0.204330 1.930727 0.205518
1.930727 0.205518 1.930041 0.206706
1.930041 0.206706 1.928669 0.206706
1.928669 0.206706 1.927984 0.205518
1.927984 0.205518 1.927298 0.206706
1.927298 0.206706 1.925926 0.206706
1.925926 0.206706 1.926612 0.207894
1.926612 0.207894 1.925926 0.209082
1.925926 0.209082 1.927298 0.209082
1.927298 0.209082 1.927984 0.210270
1.927984 0.210270 1.927298 0.211458
1.927298 0.211458 1.925926 0.211458
1.925926 0.211458 1.926612 0.212645
1.926612 0.212645 1.925926 0.213833
1.925926 0.213833 1.927298 0.213833
1.927298 0.213833 1.927984 0.215021
1.927984 0.215021 1.928669 0.213833
1.928669 0.213833 1.930041 0.213833
1.930041 0.213833 1.930727 0.215021
1.930727 0.215021 1.930041 0.216209
1.930041 0.216209 1.931413 0.216209
1.931413 0.216209 1.932099 0.217397
1.932099 0.217397 1.932785 0.216209
1.932785 0.216209 1.934156 0.216209
1.934156 0.216209 1.933471 0.215021
1.933471 0.215021 1.934156 0.213833
1.934156 0.213833 1.935528 0.213833
1.935528 0.213833 1.936214 0.215021
1.936214 0.215021 1.936900 0.213833
1.936900 0.213833 1.938272 0.213833
1.938272 0.213833 1.938957 0.215021
1.938957 0.215021 1.938272 0.216209
1.938272 0.216209 1.939643 0.216209
1.939643 0.216209 1.940329 0.217397
1.940329 0.217397 1.939643 0.218585
1.939643 0.218585 1.938272 0.218585
1.938272 0.218585 1.938957 0.219773
1.938957 0.219773 1.938272 0.220961
1.938272 0.220961 1.939643 0.220961
1.939643 0.220961 1.940329 0.222149
1.940329 0.222149 1.941015 0.220961
1.941015 0.220961 1.942387 0.220961
1.942387 0.220961 1.943073 0.222149
1.943073 0.222149 1.942387 0.223337
1.942387 0.223337 1.943759 0.223337
1.943759 0.223337 1.944444 0.224525
1.944444 0.224525 1.945130 0.223337
1.945130 0.223337 1.946502 0.223337
1.946502 0.223337 1.945816 0.222149
1.945816 0.222149 1.946502 0.220961
1.946502 0.220961 1.947874 0.220961
1.947874 0.220961 1.948560 0.222149
1.948560 0.222149 1.949246 0.220961
1.949246 0.220961 1.950617 0.220961
1.950617 0.220961 1.949931 0.219773
1.949931 0.219773 1.950617 0.218585
1.950617 0.218585 1.949246 0.218585
1.949246 0.218585 1.948560 0.217397
1.948560 0.217397 1.949246 0.216209
1.949246 0.216209 1.950617 0.216209
1.950617 0.216209 1.949931 0.215021
1.949931 0.215021 1.950617 0.213833
1.950617 0.213833 1.951989 0.213833
1.951989 0.213833 1.952675 0.215021
1.952675 0.215021 1.953361 0.213833
1.953361 0.213833 1.954733 0.213833
1.954733 0.213833 1.955418 0.215021
1.955418 0.215021 1.954733 0.216209
1.954733 0.216209 1.956104 0.216209
1.956104 0.216209 1.956790 0.217397
1.956790 0.217397 1.957476 0.216209
1.957476 0.216209 1.958848 0.216209
1.958848 0.216209 1.958162 0.215021
1.958162 0.215021 1.958848 0.213833
1.958848 0.213833 1.960219 0.213833
1.960219 0.213833 1.960905 0.215021
1.960905 0.215021 1.961591 0.213833
1.961591 0.213833 1.962963 0.213833
1.962963 0.213833 1.962277 0.212645
1.962277 0.212645 1.962963 0.211458
1.962963 0.211458 1.961591 0.211458
1.961591 0.211458 1.960905 0.210270
1.960905 0.210270 1.961591 0.209082
1.961591 0.209082 1.962963 0.209082
1.962963 0.209082 1.962277 0.207894
1.962277 0.207894 1.962963 0.206706
1.962963 0.206706 1.961591 0.206706
1.961591 0.206706 1.960905 0.205518
1.960905 0.205518 1.960219 0.206706
1.960219 0.206706 1.958848 0.206706
1.958848 0.206706 1.958162 0.205518
1.958162 0.205518 1.958848 0.204330
1.958848 0.204330 1.957476 0.204330
1.957476 0.204330 1.956790 0.203142
1.956790 0.203142 1.957476 0.201954
1.957476 0.201954 1.958848 0.201954
1.958848 0.201954 1.958162 0.200766
1.958162 0.200766 1.958848 0.199578
1.958848 0.199578 1.960219 0.199578
1.960219 0.199578 1.960905 0.200766
1.960905 0.200766 1.961591 0.199578
1.961591 0.199578 1.962963 0.199578
1.962963 0.199578 1.962277 0.198390
1.962277 0.198390 1.962963 0.197202
1.962963 0.197202 1.961591 0.197202
1.961591 0.197202 1.960905 0.196014
1.960905 0.196014 1.961591 0.194826
1.961591 0.194826 1.962963 0.194826
1.962963 0.194826 1.962277 0.193638
1.962277 0.193638 1.962963 0.192450
1.962963 0.192450 1.964335 0.192450
1.964335 0.192450 1.965021 0.193638
1.965021 0.193638 1.965706 0.192450
1.965706 0.192450 1.967078 0.192450
1.967078 0.192450 1.967764 0.193638
1.967764 0.193638 1.967078 0.194826
1.967078 0.194826 1.968450 0.194826
1.968450 0.194826 1.969136 0.196014
1.969136 0.196014 1.969822 0.194826
1.969822 0.194826 1.971193 0.194826
1.971193 0.194826 1.970508 0.193638
1.970508 0.193638 1.971193 0.192450
1.971193 0.192450 1.972565 0.192450
1.972565 0.192450 1.973251 0.193638
1.973251 0.193638 1.973937 0.192450
1.973937 0.192450 1.975309 0.192450
1.975309 0.192450 1.975995 0.193638
1.975995 0.193638 1.975309 0.194826
1.975309 0.194826 1.976680 0.194826
1.976680 0.194826 1.977366 0.196014
1.977366 0.196014 1.976680 0.197202
1.976680 0.197202 1.975309 0.197202
1.975309 0.197202 1.975995 0.198390
1.975995 0.198390 1.975309 0.199578
1.975309 0.199578 1.976680 0.199578
1.976680 0.199578 1.977366 0.200766
1.977366 0.200766 1.978052 0.199578
1.978052 0.199578 1.979424 0.199578
1.979424 0.199578 1.980110 0.200766
1.980110 0.200766 1.979424 0.201954
1.979424 0.201954 1.980796 0.201954
1.980796 0.201954 1.981481 0.203142
1.981481 0.203142 1.982167 0.201954
1.982167 0.201954 1.983539 0.201954
1.983539 0.201954 1.982853 0.200766
1.982853 0.200766 1.983539 0.199578
1.983539 0.199578 1.984911 0.199578
1.984911 0.199578 1.985597 0.200766
1.985597 0.200766 1.986283 0.199578
1.986283 0.199578 1.987654 0.199578
1.987654 0.199578 1.986968 0.198390
1.986968 0.198390 1.987654 0.197202
1.987654 0.197202 1.986283 0.197202
1.986283 0.197202 1.985597 0.196014
1.985597 0.196014 1.986283 0.194826
1.986283 0.194826 1.987654 0.194826
1.987654 0.194826 1.986968 0.193638
1.986968 0.193638 1.987654 0.192450
1.987654 0.192450 1.989026 0.192450
1.989026 0.192450 1.989712 0.193638
1.989712 0.193638 1.990398 0.192450
1.990398 0.192450 1.991770 0.192450
1.991770 0.192450 1.992455 0.193638
1.992455 0.193638 1.991770 0.194826
1.991770 0.194826 1.993141 0.194826
1.993141 0.194826 1.993827 0.196014
1.993827 0.196014 1.994513 0.194826
1.994513 0.194826 1.995885 0.194826
1.995885 0.194826 1.995199 0.193638
1.995199 0.193638 1.995885 0.192450
1.995885 0.192450 1.997257 0.192450
1.997257 0.192450 1.997942 0.193638
1.997942 0.193638 1.998628 0.192450
1.998628 0.192450 2.000000 0.192450
2.000000 0.192450 1.999314 0.191262
1.999314 0.191262 2.000000 0.190074
2.000000 0.190074 1.998628 0.190074
1.998628 0.190074 1.997942 0.188886
1.997942 0.188886 1.998628 0.187698
1.998628 0.187698 2.000000 0.187698
2.000000 0.187698 1.999314 0.186510
1.999314 0.186510 2.000000 0.185322
2.000000 0.185322 1.998628 0.185322
1.998628 0.185322 1.997942 0.184134
1.997942 0.184134 1.997257 0.185322
1.997257 0.185322 1.995885 0.185322
1.995885 0.185322 1.995199 0.184134
1.995199 0.184134 1.995885 0.182946
1.995885 0.182946 1.994513 0.182946
1.994513 0.182946 1.993827 0.181758
1.993827 0.181758 1.994513 0.180570
1.994513 0.180570 1.995885 0.180570
1.995885 0.180570 1.995199 0.179382
1.995199 0.179382 1.995885 0.178195
1.995885 0.178195 1.997257 0.178195
1.997257 0.178195 1.997942 0.179382
1.997942 0.179382 1.998628 0.178195
1.998628 0.178195 2.000000 0.178195
2.000000 0.178195 1.999314 0.177007
1.999314 0.177007 2.000000 0.175819
2.000000 0.175819 1.998628 0.175819
1.998628 0.175819 1.997942 0.174631
1.997942 0.174631 1.998628 0.173443
1.998628 0.173443 2.000000 0.173443
2.000000 0.173443 1.999314 0.172255
1.999314 0.172255 2.000000 0.171067
2.000000 0.171067 1.998628 0.171067
1.998628 0.171067 1.997942 0.169879
1.997942 0.169879 1.997257 0.171067
1.997257 0.171067 1.995885 0.171067
1.995885 0.171067 1.995199 0.169879
1.995199 0.169879 1.995885 0.168691
1.995885 0.168691 1.994513 0.168691
1.994513 0.168691 1.993827 0.167503
1.993827 0.167503 1.993141 0.168691
1.993141 0.168691 1.991770 0.168691
1.991770 0.168691 1.992455 0.169879
1.992455 0.169879 1.991770 0.171067
1.991770 0.171067 1.990398 0.171067
1.990398 0.171067 1.989712 0.169879
1.989712 0.169879 1.989026 0.171067
1.989026 0.171067 1.987654 0.171067
1.987654 0.171067 1.986968 0.169879
1.986968 0.169879 1.987654 0.168691
1.987654 0.168691 1.986283 0.168691
1.986283 0.168691 1.985597 0.167503
1.985597 0.167503 1.986283 0.166315
1.986283 0.166315 1.987654 0.166315
1.987654 0.166315 1.986968 0.165127
1.986968 0.165127 1.987654 0.163939
1.987654 0.163939 1.986283 0.163939
1.986283 0.163939 1.985597 0.162751
1.985597 0.162751 1.984911 0.163939
1.984911 0.163939 1.983539 0.163939
1.983539 0.163939 1.982853 0.162751
1.982853 0.162751 1.983539 0.161563
1.983539 0.161563 1.982167 0.161563
1.982167 0.161563 1.981481 0.160375
1.981481 0.160375 1.982167 0.159187
1.982167 0.159187 1.983539 0.159187
1.983539 0.159187 1.982853 0.157999
1.982853 0.157999 1.983539 0.156811
1.983539 0.156811 1.984911 0.156811
1.984911 0.156811 1.985597 0.157999
1.985597 0.157999 1.986283 0.156811
1.986283 0.156811 1.987654 0.156811
1.987654 0.156811 1.986968 0.155623
1.986968 0.155623 1.987654 0.154435
1.987654 0.154435 1.986283 0.154435
1.986283 0.154435 1.985597 0.153247
1.985597 0.153247 1.986283 0.152059
1.986283 0.152059 1.987654 0.152059
1.987654 0.152059 1.986968 0.150871
1.986968 0.150871 1.987654 0.149683
1.987654 0.149683 1.989026 0.149683
1.989026 0.149683 1.989712 0.150871
1.989712 0.150871 1.990398 0.149683
1.990398 0.149683 1.991770 0.149683
1.991770 0.149683 1.992455 0.150871
1.992455 0.150871 1.991770 0.152059
1.991770 0.152059 1.993141 0.152059
1.993141 0.152059 1.993827 0.153247
1.993827 0.153247 1.994513 0.152059
1.994513 0.152059 1.995885 0.152059
1.995885 0.152059 1.995199 0.150871
1.995199 0.150871 1.995885 0.149683
1.995885 0.149683 1.997257 0.149683
1.997257 0.149683 1.997942 0.150871
1.997942 0.150871 1.998628 0.149683
1.998628 0.149683 2.000000 0.149683
2.000000 0.149683 1.999314 0.148495
1.999314 0.148495 2.000000 0.147307
2.000000 0.147307 1.998628 0.147307
1.998628 0.147307 1.997942 0.146120
1.997942 0.146120 1.998628 0.144932
1.998628 0.144932 2.000000 0.144932
2.000000 0.144932 1.999314 0.143744
1.999314 0.143744 2.000000 0.142556
2.000000 0.142556 1.998628 0.142556
1.998628 0.142556 1.997942 0.141368
1.997942 0.141368 1.997257 0.142556
1.997257 0.142556 1.995885 0.142556
1.995885 0.142556 1.995199 0.141368
1.995199 0.141368 1.995885 0.140180
1.995885 0.140180 1.994513 0.140180
1.994513 0.140180 1.993827 0.138992
1.993827 0.138992 1.994513 0.137804
1.994513 0.137804 1.995885 0.137804
1.995885 0.137804 1.995199 0.136616
1.995199 0.136616 1.995885 0.135428
1.995885 0.135428 1.997257 0.135428
1.997257 0.135428 1.997942 0.136616
1.997942 0.136616 1.998628 0.135428
1.998628 0.135428 2.000000 0.135428
2.000000 0.135428 1.999314 0.134240
1.999314 0.134240 2.000000 0.133052
2.000000 0.133052 1.998628 0.133052
1.998628 0.133052 1.997942 0.131864
1.997942 0.131864 1.998628 0.130676
1.998628 0.130676 2.000000 0.130676
2.000000 0.130676 1.999314 0.129488
1.999314 0.129488 2.000000 0.128300
2.000000 0.128300 1.998628 0.128300
1.998628 0.128300 1.997942 0.127112
1.997942 0.127112 1.997257 0.128300
1.997257 0.128300 1.995885 0.128300
1.995885 0.128300 1.995199 0.127112
1.995199 0.127112 1.995885 0.125924
1.995885 0.125924 1.994513 0.125924
1.994513 0.125924 1.993827 0.124736
1.993827 0.124736 1.993141 0.125924
1.993141 0.125924 1.991770 0.125924
1.991770 0.125924 1.992455 0.127112
1.992455 0.127112 1.991770 0.128300
1.991770 0.128300 1.990398 0.128300
1.990398 0.128300 1.989712 0.127112
1.989712 0.127112 1.989026 0.128300
1.989026 0.128300 1.987654 0.128300
1.987654 0.128300 1.986968 0.127112
1.986968 0.127112 1.987654 0.125924
1.987654 0.125924 1.986283 0.125924
1.986283 0.125924 1.985597 0.124736
1.985597 0.124736 1.986283 0.123548
1.986283 0.123548 1.987654 0.123548
1.987654 0.123548 1.986968 0.122360
1.986968 0.122360 1.987654 0.121172
1.987654 0.121172 1.986283 0.121172
1.986283 0.121172 1.985597 0.119984
1.985597 0.119984 1.984911 0.121172
1.984911 0.121172 1.983539 0.121172
1.983539 0.121172 1.982853 0.119984
1.982853 0.119984 1.983539 0.118796
1.983539 0.118796 1.982167 0.118796
1.982167 0.118796 1.981481 0.117608
1.981481 0.117608 1.980796 0.118796
1.980796 0.118796 1.979424 0.118796
1.979424 0.118796 1.980110 0.119984
1.980110 0.119984 1.979424 0.121172
1.979424 0.121172 1.978052 0.121172
1.978052 0.121172 1.977366 0.119984
1.977366 0.119984 1.976680 0.121172
1.976680 0.121172 1.975309 0.121172
1.975309 0.121172 1.975995 0.122360
1.975995 0.122360 1.975309 0.123548
1.975309 0.123548 1.976680 0.123548
1.976680 0.123548 1.977366 0.124736
1.977366 0.124736 1.976680 0.125924
1.976680 0.125924 1.975309 0.125924
1.975309 0.125924 1.975995 0.127112
1.975995 0.127112 1.975309 0.128300
1.975309 0.128300 1.973937 0.128300
1.973937 0.128300 1.973251 0.127112
1.973251 0.127112 1.972565 0.128300
1.972565 0.128300 1.971193 0.128300
1.971193 0.128300 1.970508 0.127112
1.970508 0.127112 1.971193 0.125924
1.971193 0.125924 1.969822 0.125924
1.969822 0.125924 1.969136 0.124736
1.969136 0.124736 1.968450 0.125924
1.968450 0.125924 1.967078 0.125924
1.967078 0.125924 1.967764 0.127112
1.967764 0.127112 1.967078 0.128300
1.967078 0.128300 1.965706 0.128300
1.965706 0.128300 1.965021 0.127112
1.965021 0.127112 1.964335 0.128300
1.964335 0.128300 1.962963 0.128300
1.962963 0.128300 1.962277 0.127112
1.962277 0.127112 1.962963 0.125924
1.962963 0.125924 1.961591 0.125924
1.961591 0.125924 1.960905 0.124736
1.960905 0.124736 1.961591 0.123548
1.961591 0.123548 1.962963 0.123548
1.962963 0.123548 1.962277 0.122360
1.962277 0.122360 1.962963 0.121172
1.962963 0.121172 1.961591 0.121172
1.961591 0.121172 1.960905 0.119984
1.960905 0.119984 1.960219 0.121172
1.960219 0.121172 1.958848 0.121172
1.958848 0.121172 1.958162 0.119984
1.958162 0.119984 1.958848 0.118796
1.958848 0.118796 1.957476 0.118796
1.957476 0.118796 1.956790 0.117608
1.956790 0.117608 1.957476 0.116420
1.957476 0.116420 1.958848 0.116420
1.958848 0.116420 1.958162 0.115232
1.958162 0.115232 1.958848 0.114044
1.958848 0.114044 1.960219 0.114044
1.960219 0.114044 1.960905 0.115232
1.960905 0.115232 1.961591 0.114044
1.961591 0.114044 1.962963 0.114044
1.962963 0.114044 1.962277 0.112857
1.962277 0.112857 1.962963 0.111669
1.962963 0.111669 1.961591 0.111669
1.961591 0.111669 1.960905 0.110481
1.960905 0.110481 1.961591 0.109293
1.961591 0.109293 1.962963 0.109293
1.962963 0.109293 1.962277 0.108105
1.962277 0.108105 1.962963 0.106917
1.962963 0.106917 1.961591 0.106917
1.961591 0.106917 1.960905 0.105729
1.960905 0.105729 1.960219 0.106917
1.960219 0.106917 1.958848 0.106917
1.958848 0.106917 1.958162 0.105729
1.958162 0.105729 1.958848 0.104541
1.958848 0.104541 1.957476 0.104541
1.957476 0.104541 1.956790 0.103353
1.956790 0.103353 1.956104 0.104541
1.956104 0.104541 1.954733 0.104541
1.954733 0.104541 1.955418 0.105729
1.955418 0.105729 1.954733 0.106917
1.954733 0.106917 1.953361 0.106917
1.953361 0.106917 1.952675 0.105729
1.952675 0.105729 1.951989 0.106917
1.951989 0.106917 1.950617 0.106917
1.950617 0.106917 1.949931 0.105729
1.949931 0.105729 1.950617 0.104541
1.950617 0.104541 1.949246 0.104541
1.949246 0.104541 1.948560 0.103353
1.948560 0.103353 1.949246 0.102165
1.949246 0.102165 1.950617 0.102165
1.950617 0.102165 1.949931 0.100977
1.949931 0.100977 1.950617 0.099789
1.950617 0.099789 1.949246 0.099789
1.949246 0.099789 1.948560 0.098601
1.948560 0.098601 1.947874 0.099789
1.947874 0.099789 1.946502 0.099789
1.946502 0.099789 1.945816 0.098601
1.945816 0.098601 1.946502 0.097413
1.946502 0.097413 1.945130 0.097413
1.945130 0.097413 1.944444 0.096225
1.944444 0.096225 1.945130 0.095037
1.945130 0.095037 1.946502 0.095037
1.946502 0.095037 1.945816 0.093849
1.945816 0.093849 1.946502 0.092661
1.946502 0.092661 1.947874 0.092661
1.947874 0.092661 1.948560 0.093849
1.948560 0.093849 1.949246 0.092661
1.949246 0.092661 1.950617 0.092661
1.950617 0.092661 1.949931 0.091473
1.949931 0.091473 1.950617 0.090285
1.950617 0.090285 1.949246 0.090285
1.949246 0.090285 1.948560 0.089097
1.948560 0.089097 1.949246 0.087909
1.949246 0.087909 1.950617 0.087909
1.950617 0.087909 1.949931 0.086721
1.949931 0.086721 1.950617 0.085533
1.950617 0.085533 1.951989 0.085533
1.951989 0.085533 1.952675 0.086721
1.952675 0.086721 1.953361 0.085533
1.953361 0.085533 1.954733 0.085533
1.954733 0.085533 1.955418 0.086721
1.955418 0.086721 1.954733 0.087909
1.954733 0.087909 1.956104 0.087909
1.956104 0.087909 1.956790 0.089097
1.956790 0.089097 1.957476 0.087909
1.957476 0.087909 1.958848 0.087909
1.958848 0.087909 1.958162 0.086721
1.958162 0.086721 1.958848 0.085533
1.958848 0.085533 1.960219 0.085533
1.960219 0.085533 1.960905 0.086721
1.960905 0.086721 1.961591 0.085533
1.961591 0.085533 1.962963 0.085533
1.962963 0.085533 1.962277 0.084345
1.962277 0.084345 1.962963 0.083157
1.962963 0.083157 1.961591 0.083157
1.961591 0.083157 1.960905 0.081969
1.960905 0.081969 1.961591 0.080782
1.961591 0.080782 1.962963 0.080782
1.962963 0.080782 1.962277 0.079594
1.962277 0.079594 1.962963 0.078406
1.962963 0.078406 1.961591 0.078406
1.961591 0.078406 1.960905 0.077218
1.960905 0.077218 1.960219 0.078406
1.960219 0.078406 1.958848 0.078406
1.958848 0.078406 1.958162 0.077218
1.958162 0.077218 1.958848 0.076030
1.958848 0.076030 1.957476 0.076030
1.957476 0.076030 1.956790 0.074842
1.956790 0.074842 1.957476 0.073654
1.957476 0.073654 1.958848 0.073654
1.958848 0.073654 1.958162 0.072466
1.958162 0.072466 1.958848 0.071278
1.958848 0.071278 1.960219 0.071278
1.960219 0.071278 1.960905 0.072466
1.960905 0.072466 1.961591 0.071278
1.961591 0.071278 1.962963 0.071278
1.962963 0.071278 1.962277 0.070090
1.962277 0.070090 1.962963 0.068902
1.962963 0.068902 1.961591 0.068902
1.961591 0.068902 1.960905 0.067714
1.960905 0.067714 1.961591 0.066526
1.961591 0.066526 1.962963 0.066526
1.962963 0.066526 1.962277 0.065338
1.962277 0.065338 1.962963 0.064150
1.962963 0.064150 1.964335 0.064150
1.964335 0.064150 1.965021 0.065338
1.965021 0.065338 1.965706 0.064150
1.965706 0.064150 1.967078 0.064150
1.967078 0.064150 1.967764 0.065338
1.967764 0.065338 1.967078 0.066526
1.967078 0.066526 1.968450 0.066526
1.968450 0.066526 1.969136 0.067714
1.969136 0.067714 1.969822 0.066526
1.969822 0.066526 1.971193 0.066526
1.971193 0.066526 1.970508 0.065338
1.970508 0.065338 1.971193 0.064150
1.971193 0.064150 1.972565 0.064150
1.972565 0.064150 1.973251 0.065338
1.973251 0.065338 1.973937 0.064150
1.973937 0.064150 1.975309 0.064150
1.975309 0.064150 1.975995 0.065338
1.975995 0.065338 1.975309 0.066526
1.975309 0.066526 1.976680 0.066526
1.976680 0.066526 1.977366 0.067714
1.977366 0.067714 1.976680 0.068902
1.976680 0.068902 1.975309 0.068902
1.975309 0.068902 1.975995 0.070090
1.975995 0.070090 1.975309 0.071278
1.975309 0.071278 1.976680 0.071278
1.976680 0.071278 1.977366 0.072466
1.977366 0.072466 1.978052 0.071278
1.978052 0.071278 1.979424 0.071278
1.979424 0.071278 1.980110 0.072466
1.980110 0.072466 1.979424 0.073654
1.979424 0.073654 1.980796 0.073654
1.980796 0.073654 1.981481 0.074842
1.981481 0.074842 1.982167 0.073654
1.982167 0.073654 1.983539 0.073654
1.983539 0.073654 1.982853 0.072466
1.982853 0.072466 1.983539 0.071278
1.983539 0.071278 1.984911 0.071278
1.984911 0.071278 1.985597 0.072466
1.985597 0.072466 1.986283 0.071278
1.986283 0.071278 1.987654 0.071278
1.987654 0.071278 1.986968 0.070090
1.986968 0.070090 1.987654 0.068902
1.987654 0.068902 1.986283 0.068902
1.986283 0.068902 1.985597 0.067714
1.985597 0.067714 1.986283 0.066526
1.986283 0.066526 1.987654 0.066526
1.987654 0.066526 1.986968 0.065338
1.986968 0.065338 1.987654 0.064150
1.987654 0.064150 1.989026 0.064150
1.989026 0.064150 1.989712 0.065338
1.989712 0.065338 1.990398 0.064150
1.990398 0.064150 1.991770 0.064150
1.991770 0.064150 1.992455 0.065338
1.992455 0.065338 1.991770 0.066526
1.991770 0.066526 1.993141 0.066526
1.993141 0.066526 1.993827 0.067714
1.993827 0.067714 1.994513 0.066526
1.994513 0.066526 1.995885 0.066526
1.995885 0.066526 1.995199 0.065338
1.995199 0.065338 1.995885 0.064150
1.995885 0.064150 1.997257 0.064150
1.997257 0.064150 1.997942 0.065338
1.997942 0.065338 1.998628 0.064150
1.998628 0.064150 2.000000 0.064150
2.000000 0.064150 1.999314 0.062962
1.999314 0.062962 2.000000 0.061774
2.000000 0.061774 1.998628 0.061774
1.998628 0.061774 1.997942 0.060586
1.997942 0.060586 1.998628 0.059398
1.998628 0.059398 2.000000 0.059398
2.000000 0.059398 1.999314 0.058210
1.999314 0.058210 2.000000 0.057022
2.000000 0.057022 1.998628 0.057022
1.998628 0.057022 1.997942 0.055834
1.997942 0.055834 1.997257 0.057022
1.997257 0.057022 1.995885 0.057022
1.995885 0.057022 1.995199 0.055834
1.995199 0.055834 1.995885 0.054646
1.995885 0.054646 1.994513 0.054646
1.994513 0.054646 1.993827 0.053458
1.993827 0.053458 1.994513 0.052270
1.994513 0.052270 1.995885 0.052270
1.995885 0.052270 1.995199 0.051082
1.995199 0.051082 1.995885 0.049894
1.995885 0.049894 1.997257 0.049894
1.997257 0.049894 1.997942 0.051082
1.997942 0.051082 1.998628 0.049894
1.998628 0.049894 2.000000 0.049894
2.000000 0.049894 1.999314 0.048707
1.999314 0.048707 2.000000 0.047519
2.000000 0.047519 1.998628 0.047519
1.998628 0.047519 1.997942 0.046331
1.997942 0.046331 1.998628 0.045143
1.998628 0.045143 2.000000 0.045143
2.000000 0.045143 1.999314 0.043955
1.999314 0.043955 2.000000 0.042767
2.000000 0.042767 1.998628 0.042767
1.998628 0.042767 1.997942 0.041579
1.997942 0.041579 1.997257 0.042767
1.997257 0.042767 1.995885 0.042767
1.995885 0.042767 1.995199 0.041579
1.995199 0.041579 1.995885 0.040391
1.995885 0.040391 1.994513 0.040391
1.994513 0.040391 1.993827 0.039203
1.993827 0.039203 1.993141 0.040391
1.993141 0.040391 1.991770 0.040391
1.991770 0.040391 1.992455 0.041579
1.992455 0.041579 1.991770 0.042767
1.991770 0.042767 1.990398 0.042767
1.990398 0.042767 1.989712 0.041579
1.989712 0.041579 1.989026 0.042767
1.989026 0.042767 1.987654 0.042767
1.987654 0.042767 1.986968 0.041579
1.986968 0.041579 1.987654 0.040391
1.987654 0.040391 1.986283 0.040391
1.986283 0.040391 1.985597 0.039203
1.985597 0.039203 1.986283 0.038015
1.986283 0.038015 1.987654 0.038015
1.987654 0.038015 1.986968 0.036827
1.986968 0.036827 1.987654 0.035639
1.987654 0.035639 1.986283 0.035639
1.986283 0.035639 1.985597 0.034451
1.985597 0.034451 1.984911 0.035639
1.984911 0.035639 1.983539 0.035639
1.983539 0.035639 1.982853 0.034451
1.982853 0.034451 1.983539 0.033263
1.983539 0.033263 1.982167 0.033263
1.982167 0.033263 1.981481 0.032075
1.981481 0.032075 1.982167 0.030887
1.982167 0.030887 1.983539 0.030887
1.983539 0.030887 1.982853 0.029699
1.982853 0.029699 1.983539 0.028511
1.983539 0.028511 1.984911 0.028511
1.984911 0.028511 1.985597 0.029699
1.985597 0.029699 1.986283 0.028511
1.986283 0.028511 1.987654 0.028511
1.987654 0.028511 1.986968 0.027323
1.986968 0.027323 1.987654 0.026135
1.987654 0.026135 1.986283 0.026135
1.986283 0.026135 1.985597 0.024947
1.985597 0.024947 1.986283 0.023759
1.986283 0.023759 1.987654 0.023759
1.987654 0.023759 1.986968 0.022571
1.986968 0.022571 1.987654 0.021383
1.987654 0.021383 1.989026 0.021383
1.989026 0.021383 1.989712 0.022571
1.989712 0.022571 1.990398 0.021383
1.990398 0.021383 1.991770 0.021383
1.991770 0.021383 1.992455 0.022571
1.992455 0.022571 1.991770 0.023759
1.991770 0.023759 1.993141 0.023759
1.993141 0.023759 1.993827 0.024947
1.993827 0.024947 1.994513 0.023759
1.994513 0.023759 1.995885 0.023759
1.995885 0.023759 1.995199 0.022571
1.995199 0.022571 1.995885 0.021383
1.995885 0.021383 1.997257 0.021383
1.997257 0.021383 1.997942 0.022571
1.997942 0.022571 1.998628 0.021383
1.998628 0.021383 2.000000 0.021383
2.000000 0.021383 1.999314 0.020195
1.999314 0.020195 2.000000 0.019007
2.000000 0.019007 1.998628 0.019007
1.998628 0.019007 1.997942 0.017819
1.997942 0.017819 1.998628 0.016631
1.998628 0.016631 2.000000 0.016631
2.000000 0.016631 1.999314 0.015444
1.999314 0.015444 2.000000 0.014256
2.000000 0.014256 1.998628 0.014256
1.998628 0.014256 1.997942 0.013068
1.997942 0.013068 1.997257 0.014256
1.997257 0.014256 1.995885 0.014256
1.995885 0.014256 1.995199 0.013068
1.995199 0.013068 1.995885 0.011880
1.995885 0.011880 1.994513 0.011880
1.994513 0.011880 1.993827 0.010692
1.993827 0.010692 1.994513 0.009504
1.994513 0.009504 1.995885 0.009504
1.995885 0.009504 1.995199 0.008316
1.995199 0.008316 1.995885 0.007128
1.995885 0.007128 1.997257 0.007128
1.997257 0.007128 1.997942 0.008316
1.997942 0.008316 1.998628 0.007128
1.998628 0.007128 2.000000 0.007128
2.000000 0.007128 1.999314 0.005940
1.999314 0.005940 2.000000 0.004752
2.000000 0.004752 1.998628 0.004752
1.998628 0.004752 1.997942 0.003564
1.997942 0.003564 1.998628 0.002376
1.998628 0.002376 2.000000 0.002376
2.000000 0.002376 1.999314 0.001188
1.999314 0.001188 2.000000 0.000000
2.000000 0.000000 2.001372 0.000000
2.001372 0.000000 2.002058 0.001188
2.002058 0.001188 2.002743 0.000000
2.002743 0.000000 2.004115 0.000000
2.004115 0.000000 2.004801 0.001188
2.004801 0.001188 2.004115 0.002376
2.004115 0.002376 2.005487 0.002376
2.005487 0.002376 2.006173 0.003564
2.006173 0.003564 2.006859 0.002376
2.006859 0.002376 2.008230 0.002376
2.008230 0.002376 2.007545 0.001188
2.007545 0.001188 2.008230 0.000000
2.008230 0.000000 2.009602 0.000000
2.009602 0.000000 2.010288 0.001188
2.010288 0.001188 2.010974 0.000000
2.010974 0.000000 2.012346 0.000000
2.012346 0.000000 2.013032 0.001188
2.013032 0.001188 2.012346 0.002376
2.012346 0.002376 2.013717 0.002376
2.013717 0.002376 2.014403 0.003564
2.014403 0.003564 2.013717 0.004752
2.013717 0.004752 2.012346 0.004752
2.012346 0.004752 2.013032 0.005940
2.013032 0.005940 2.012346 0.007128
2.012346 0.007128 2.013717 0.007128
2.013717 0.007128 2.014403 0.008316
2.014403 0.008316 2.015089 0.007128
2.015089 0.007128 2.016461 0.007128
2.016461 0.007128 2.017147 0.008316
2.017147 0.008316 2.016461 0.009504
2.016461 0.009504 2.017833 0.009504
2.017833 0.009504 2.018519 0.010692
2.018519 0.010692 2.019204 0.009504
2.019204 0.009504 2.020576 0.009504
2.020576 0.009504 2.019890 0.008316
2.019890 0.008316 2.020576 0.007128
2.020576 0.007128 2.021948 0.007128
2.021948 0.007128 2.022634 0.008316
2.022634 0.008316 2.023320 0.007128
2.023320 0.007128 2.024691 0.007128
2.024691 0.007128 2.024005 0.005940
2.024005 0.005940 2.024691 0.004752
2.024691 0.004752 2.023320 0.004752
2.023320 0.004752 2.022634 0.003564
2.022634 0.003564 2.023320 0.002376
2.023320 0.002376 2.024691 0.002376
2.024691 0.002376 2.024005 0.001188
2.024005 0.001188 2.024691 0.000000
2.024691 0.000000 2.026063 0.000000
2.026063 0.000000 2.026749 0.001188
2.026749 0.001188 2.027435 0.000000
2.027435 0.000000 2.028807 0.000000
2.028807 0.000000 2.029492 0.001188
2.029492 0.001188 2.028807 0.002376
2.028807 0.002376 2.030178 0.002376
2.030178 0.002376 2.030864 0.003564
2.030864 0.003564 2.031550 0.002376
2.031550 0.002376 2.032922 0.002376
2.032922 0.002376 2.032236 0.001188
2.032236 0.001188 2.032922 0.000000
2.032922 0.000000 2.034294 0.000000
2.034294 0.000000 2.034979 0.001188
2.034979 0.001188 2.035665 0.000000
2.035665 0.000000 2.037037 0.000000
2.037037 0.000000 2.037723 0.001188
2.037723 0.001188 2.037037 0.002376
2.037037 0.002376 2.038409 0.002376
2.038409 0.002376 2.039095 0.003564
2.039095 0.003564 2.038409 0.004752
2.038409 0.004752 2.037037 0.004752
2.037037 0.004752 2.037723 0.005940
2.037723 0.005940 2.037037 0.007128
2.037037 0.007128 2.038409 0.007128
2.038409 0.007128 2.039095 0.008316
2.039095 0.008316 2.039781 0.007128
2.039781 0.007128 2.041152 0.007128
2.041152 0.007128 2.041838 0.008316
2.041838 0.008316 2.041152 0.009504
2.041152 0.009504 2.042524 0.009504
2.042524 0.009504 2.043210 0.010692
2.043210 0.010692 2.042524 0.011880
2.042524 0.011880 2.041152 0.011880
2.041152 0.011880 2.041838 0.013068
2.041838 0.013068 2.041152 0.014256
2.041152 0.014256 2.039781 0.014256
2.039781 0.014256 2.039095 0.013068
2.039095 0.013068 2.038409 0.014256
2.038409 0.014256 2.037037 0.014256
2.037037 0.014256 2.037723 0.015444
2.037723 0.015444 2.037037 0.016631
2.037037 0.016631 2.038409 0.016631
2.038409 0.016631 2.039095 0.017819
2.039095 0.017819 2.038409 0.019007
2.038409 0.019007 2.037037 0.019007
2.037037 0.019007 2.037723 0.020195
2.037723 0.020195 2.037037 0.021383
2.037037 0.021383 2.038409 0.021383
2.038409 0.021383 2.039095 0.022571
2.039095 0.022571 2.039781 0.021383
2.039781 0.021383 2.041152 0.021383
2.041152 0.021383 2.041838 0.022571
2.041838 0.022571 2.041152 0.023759
2.041152 0.023759 2.042524 0.023759
2.042524 0.023759 2.043210 0.024947
2.043210 0.024947 2.043896 0.023759
2.043896 0.023759 2.045267 0.023759
2.045267 0.023759 2.044582 0.022571
2.044582 0.022571 2.045267 0.021383
2.045267 0.021383 2.046639 0.021383
2.046639 0.021383 2.047325 0.022571
2.047325 0.022571 2.048011 0.021383
2.048011 0.021383 2.049383 0.021383
2.049383 0.021383 2.050069 0.022571
2.050069 0.022571 2.049383 0.023759
2.049383 0.023759 2.050754 0.023759
2.050754 0.023759 2.051440 0.024947
2.051440 0.024947 2.050754 0.026135
2.050754 0.026135 2.049383 0.026135
2.049383 0.026135 2.050069 0.027323
2.050069 0.027323 2.049383 0.028511
2.049383 0.028511 2.050754 0.028511
2.050754 0.028511 2.051440 0.029699
2.051440 0.029699 2.052126 0.028511
2.052126 0.028511 2.053498 0.028511
2.053498 0.028511 2.054184 0.029699
2.054184 0.029699 2.053498 0.030887
2.053498 0.030887 2.054870 0.030887
2.054870 0.030887 2.055556 0.032075
2.055556 0.032075 2.056241 0.030887
2.056241 0.030887 2.057613 0.030887
2.057613 0.030887 2.056927 0.029699
2.056927 0.029699 2.057613 0.028511
2.057613 0.028511 2.058985 0.028511
2.058985 0.028511 2.059671 0.029699
2.059671 0.029699 2.060357 0.028511
2.060357 0.028511 2.061728 0.028511
2.061728 0.028511 2.061043 0.027323
2.061043 0.027323 2.061728 0.026135
2.061728 0.026135 2.060357 0.026135
2.060357 0.026135 2.059671 0.024947
2.059671 0.024947 2.060357 0.023759
2.060357 0.023759 2.061728 0.023759
2.061728 0.023759 2.061043 0.022571
2.061043 0.022571 2.061728 0.021383
2.061728 0.021383 2.063100 0.021383
2.063100 0.021383 2.063786 0.022571
2.063786 0.022571 2.064472 0.021383
2.064472 0.021383 2.065844 0.021383
2.065844 0.021383 2.066529 0.022571
2.066529 0.022571 2.065844 0.023759
2.065844 0.023759 2.067215 0.023759
2.067215 0.023759 2.067901 0.024947
2.067901 0.024947 2.068587 0.023759
2.068587 0.023759 2.069959 0.023759
2.069959 0.023759 2.069273 0.022571
2.069273 0.022571 2.069959 0.021383
2.069959 0.021383 2.071331 0.021383
2.071331 0.021383 2.072016 0.022571
2.072016 0.022571 2.072702 0.021383
2.072702 0.021383 2.074074 0.021383
2.074074 0.021383 2.073388 0.020195
2.073388 0.020195 2.074074 0.019007
2.074074 0.019007 2.072702 0.019007
2.072702 0.019007 2.072016 0.017819
2.072016 0.017819 2.072702 0.016631
2.072702 0.016631 2.074074 0.016631
2.074074 0.016631 2.073388 0.015444
2.073388 0.015444 2.074074 0.014256
2.074074 0.014256 2.072702 0.014256
2.072702 0.014256 2.072016 0.013068
2.072016 0.013068 2.071331 0.014256
2.071331 0.014256 2.069959 0.014256
2.069959 0.014256 2.069273 0.013068
2.069273 0.013068 2.069959 0.011880
2.069959 0.011880 2.068587 0.011880
2.068587 0.011880 2.067901 0.010692
2.067901 0.010692 2.068587 0.009504
2.068587 0.009504 2.069959 0.009504
2.069959 0.009504 2.069273 0.008316
2.069273 0.008316 2.069959 0.007128
2.069959 0.007128 2.071331 0.007128
2.071331 0.007128 2.072016 0.008316
2.072016 0.008316 2.072702 0.007128
2.072702 0.007128 2.074074 0.007128
2.074074 0.007128 2.073388 0.005940
2.073388 0.005940 2.074074 0.004752
2.074074 0.004752 2.072702 0.004752
2.072702 0.004752 2.072016 0.003564
2.072016 0.003564 2.072702 0.002376
2.072702 0.002376 2.074074 0.002376
2.074074 0.002376 2.073388 0.001188
2.073388 0.001188 2.074074 0.000000
2.074074 0.000000 2.075446 0.000000
2.075446 0.000000 2.076132 0.001188
2.076132 0.001188 2.076818 0.000000
2.076818 0.000000 2.078189 0.000000
2.078189 0.000000 2.078875 0.001188
2.078875 0.001188 2.078189 0.002376
2.078189 0.002376 2.079561 0.002376
2.079561 0.002376 2.080247 0.003564
2.080247 0.003564 2.080933 0.002376
2.080933 0.002376 2.082305 0.002376
2.082305 0.002376 2.081619 0.001188
2.081619 0.001188 2.082305 0.000000
2.082305 0.000000 2.083676 0.000000
2.083676 0.000000 2.084362 0.001188
2.084362 0.001188 2.085048 0.000000
2.085048 0.000000 2.086420 0.000000
2.086420 0.000000 2.087106 0.001188
2.087106 0.001188 2.086420 0.002376
2.086420 0.002376 2.087791 0.002376
2.087791 0.002376 2.088477 0.003564
2.088477 0.003564 2.087791 0.004752
2.087791 0.004752 2.086420 0.004752
2.086420 0.004752 2.087106 0.005940
2.087106 0.005940 2.086420 0.007128
2.086420 0.007128 2.087791 0.007128
2.087791 0.007128 2.088477 0.008316
2.088477 0.008316 2.089163 0.007128
2.089163 0.007128 2.090535 0.007128
2.090535 0.007128 2.091221 0.008316
2.091221 0.008316 2.090535 0.009504
2.090535 0.009504 2.091907 0.009504
2.091907 0.009504 2.092593 0.010692
2.092593 0.010692 2.093278 0.009504
2.093278 0.009504 2.094650 0.009504
2.094650 0.009504 2.093964 0.008316
2.093964 0.008316 2.094650 0.007128
2.094650 0.007128 2.096022 0.007128
2.096022 0.007128 2.096708 0.008316
2.096708 0.008316 2.097394 0.007128
2.097394 0.007128 2.098765 0.007128
2.098765 0.007128 2.098080 0.005940
2.098080 0.005940 2.098765 0.004752
2.098765 0.004752 2.097394 0.004752
2.097394 0.004752 2.096708 0.003564
2.096708 0.003564 2.097394 0.002376
2.097394 0.002376 2.098765 0.002376
2.098765 0.002376 2.098080 0.001188
2.098080 0.001188 2.098765 0.000000
2.098765 0.000000 2.100137 0.000000
2.100137 0.000000 2.100823 0.001188
2.100823 0.001188 2.101509 0.000000
2.101509 0.000000 2.102881 0.000000
2.102881 0.000000 2.103567 0.001188
2.103567 0.001188 2.102881 0.002376
2.102881 0.002376 2.104252 0.002376
2.104252 0.002376 2.104938 0.003564
2.104938 0.003564 2.105624 0.002376
2.105624 0.002376 2.106996 0.002376
2.106996 0.002376 2.106310 0.001188
2.106310 0.001188 2.106996 0.000000
2.106996 0.000000 2.108368 0.000000
2.108368 0.000000 2.109053 0.001188
2.109053 0.001188 2.109739 0.000000
2.109739 0.000000 2.111111 0.000000
2.111111 0.000000 2.111797 0.001188
2.111797 0.001188 2.111111 0.002376
2.111111 0.002376 2.112483 0.002376
2.112483 0.002376 2.113169 0.003564
2.113169 0.003564 2.112483 0.004752
2.112483 0.004752 2.111111 0.004752
2.111111 0.004752 2.111797 0.005940
2.111797 0.005940 2.111111 0.007128
2.111111 0.007128 2.112483 0.007128
2.112483 0.007128 2.113169 0.008316
2.113169 0.008316 2.113855 0.007128
2.113855 0.007128 2.115226 0.007128
2.115226 0.007128 2.115912 0.008316
2.115912 0.008316 2.115226 0.009504
2.115226 0.009504 2.116598 0.009504
2.116598 0.009504 2.117284 0.010692
2.117284 0.010692 2.116598 0.011880
2.116598 0.011880 2.115226 0.011880
2.115226 0.011880 2.115912 0.013068
2.115912 0.013068 2.115226 0.014256
2.115226 0.014256 2.113855 0.014256
2.113855 0.014256 2.113169 0.013068
2.113169 0.013068 2.112483 0.014256
2.112483 0.014256 2.111111 0.014256
2.111111 0.014256 2.111797 0.015444
2.111797 0.015444 2.111111 0.016631
2.111111 0.016631 2.112483 0.016631
2.112483 0.016631 2.113169 0.017819
2.113169 0.017819 2.112483 0.019007
2.112483 0.019007 2.111111 0.019007
2.111111 0.019007 2.111797 0.020195
2.111797 0.020195 2.111111 0.021383
2.111111 0.021383 2.112483 0.021383
2.112483 0.021383 2.113169 0.022571
2.113169 0.022571 2.113855 0.021383
2.113855 0.021383 2.115226 0.021383
2.115226 0.021383 2.115912 0.022571
2.115912 0.022571 2.115226 0.023759
2.115226 0.023759 2.116598 0.023759
2.116598 0.023759 2.117284 0.024947
2.117284 0.024947 2.117970 0.023759
2.117970 0.023759 2.119342 0.023759
2.119342 0.023759 2.118656 0.022571
2.118656 0.022571 2.119342 0.021383
2.119342 0.021383 2.120713 0.021383
2.120713 0.021383 2.121399 0.022571
2.121399 0.022571 2.122085 0.021383
2.122085 0.021383 2.123457 0.021383
2.123457 0.021383 2.124143 0.022571
2.124143 0.022571 2.123457 0.023759
2.123457 0.023759 2.124829 0.023759
2.124829 0.023759 2.125514 0.024947
2.125514 0.024947 2.124829 0.026135
2.124829 0.026135 2.123457 0.026135
2.123457 0.026135 2.124143 0.027323
2.124143 0.027323 2.123457 0.028511
2.123457 0.028511 2.124829 0.028511
2.124829 0.028511 2.125514 0.029699
2.125514 0.029699 2.126200 0.028511
2.126200 0.028511 2.127572 0.028511
2.127572 0.028511 2.128258 0.029699
2.128258 0.029699 2.127572 0.030887
2.127572 0.030887 2.128944 0.030887
2.128944 0.030887 2.129630 0.032075
2.129630 0.032075 2.128944 0.033263
2.128944 0.033263 2.127572 0.033263
2.127572 0.033263 2.128258 0.034451
2.128258 0.034451 2.127572 0.035639
2.127572 0.035639 2.126200 0.035639
2.126200 0.035639 2.125514 0.034451
2.125514 0.034451 2.124829 0.035639
2.124829 0.035639 2.123457 0.035639
2.123457 0.035639 2.124143 0.036827
2.124143 0.036827 2.123457 0.038015
2.123457 0.038015 2.124829 0.038015
2.124829 0.038015 2.125514 0.039203
2.125514 0.039203 2.124829 0.040391
2.124829 0.040391 2.123457 0.040391
2.123457 0.040391 2.124143 0.041579
2.124143 0.041579 2.123457 0.042767
2.123457 0.042767 2.122085 0.042767
2.122085 0.042767 2.121399 0.041579
2.121399 0.041579 2.120713 0.042767
2.120713 0.042767 2.119342 0.042767
2.119342 0.042767 2.118656 0.041579
2.118656 0.041579 2.119342 0.040391
2.119342 0.040391 2.117970 0.040391
2.117970 0.040391 2.117284 0.039203
2.117284 0.039203 2.116598 0.040391
2.116598 0.040391 2.115226 0.040391
2.115226 0.040391 2.115912 0.041579
2.115912 0.041579 2.115226 0.042767
2.115226 0.042767 2.113855 0.042767
2.113855 0.042767 2.113169 0.041579
2.113169 0.041579 2.112483 0.042767
2.112483 0.042767 2.111111 0.042767
2.111111 0.042767 2.111797 0.043955
2.111797 0.043955 2.111111 0.045143
2.111111 0.045143 2.112483 0.045143
2.112483 0.045143 2.113169 0.046331
2.113169 0.046331 2.112483 0.047519
2.112483 0.047519 2.111111 0.047519
2.111111 0.047519 2.111797 0.048707
2.111797 0.048707 2.111111 0.049894
2.111111 0.049894 2.112483 0.049894
2.112483 0.049894 2.113169 0.051082
2.113169 0.051082 2.113855 0.049894
2.113855 0.049894 2.115226 0.049894
2.115226 0.049894 2.115912 0.051082
2.115912 0.051082 2.115226 0.052270
2.115226 0.052270 2.116598 0.052270
2.116598 0.052270 2.117284 0.053458
2.117284 0.053458 2.116598 0.054646
2.116598 0.054646 2.115226 0.054646
2.115226 0.054646 2.115912 0.055834
2.115912 0.055834 2.115226 0.057022
2.115226 0.057022 2.113855 0.057022
2.113855 0.057022 2.113169 0.055834
2.113169 0.055834 2.112483 0.057022
2.112483 0.057022 2.111111 0.057022
2.111111 0.057022 2.111797 0.058210
2.111797 0.058210 2.111111 0.059398
2.111111 0.059398 2.112483 0.059398
2.112483 0.059398 2.113169 0.060586
2.113169 0.060586 2.112483 0.061774
2.112483 0.061774 2.111111 0.061774
2.111111 0.061774 2.111797 0.062962
2.111797 0.062962 2.111111 0.064150
2.111111 0.064150 2.112483 0.064150
2.112483 0.064150 2.113169 0.065338
2.113169 0.065338 2.113855 0.064150
2.113855 0.064150 2.115226 0.064150
2.115226 0.064150 2.115912 0.065338
2.115912 0.065338 2.115226 0.066526
2.115226 0.066526 2.116598 0.066526
2.116598 0.066526 2.117284 0.067714
2.117284 0.067714 2.117970 0.066526
2.117970 0.066526 2.119342 0.066526
2.119342 0.066526 2.118656 0.065338
2.118656 0.065338 2.119342 0.064150
2.119342 0.064150 2.120713 0.064150
2.120713 0.064150 2.121399 0.065338
2.121399 0.065338 2.122085 0.064150
2.122085 0.064150 2.123457 0.064150
2.123457 0.064150 2.124143 0.065338
2.124143 0.065338 2.123457 0.066526
2.123457 0.066526 2.124829 0.066526
2.124829 0.066526 2.125514 0.067714
2.125514 0.067714 2.124829 0.068902
2.124829 0.068902 2.123457 0.068902
2.123457 0.068902 2.124143 0.070090
2.124143 0.070090 2.123457 0.071278
2.123457 0.071278 2.124829 0.071278
2.124829 0.071278 2.125514 0.072466
2.125514 0.072466 2.126200 0.071278
2.126200 0.071278 2.127572 0.071278
2.127572 0.071278 2.128258 0.072466
2.128258 0.072466 2.127572 0.073654
2.127572 0.073654 2.128944 0.073654
2.128944 0.073654 2.129630 0.074842
2.129630 0.074842 2.130316 0.073654
2.130316 0.073654 2.131687 0.073654
2.131687 0.073654 2.131001 0.072466
2.131001 0.072466 2.131687 0.071278
2.131687 0.071278 2.133059 0.071278
2.133059 0.071278 2.133745 0.072466
2.133745 0.072466 2.134431 0.071278
2.134431 0.071278 2.135802 0.071278
2.135802 0.071278 2.135117 0.070090
2.135117 0.070090 2.135802 0.068902
2.135802 0.068902 2.134431 0.068902
2.134431 0.068902 2.133745 0.067714
2.133745 0.067714 2.134431 0.066526
2.134431 0.066526 2.135802 0.066526
2.135802 0.066526 2.135117 0.065338
2.135117 0.065338 2.135802 0.064150
2.135802 0.064150 2.137174 0.064150
2.137174 0.064150 2.137860 0.065338
2.137860 0.065338 2.138546 0.064150
2.138546 0.064150 2.139918 0.064150
2.139918 0.064150 2.140604 0.065338
2.140604 0.065338 2.139918 0.066526
2.139918 0.066526 2.141289 0.066526
2.141289 0.066526 2.141975 0.067714
2.141975 0.067714 2.142661 0.066526
2.142661 0.066526 2.144033 0.066526
2.144033 0.066526 2.143347 0.065338
2.143347 0.065338 2.144033 0.064150
2.144033 0.064150 2.145405 0.064150
2.145405 0.064150 2.146091 0.065338
2.146091 0.065338 2.146776 0.064150
2.146776 0.064150 2.148148 0.064150
2.148148 0.064150 2.148834 0.065338
2.148834 0.065338 2.148148 0.066526
2.148148 0.066526 2.149520 0.066526
2.149520 0.066526 2.150206 0.067714
2.150206 0.067714 2.149520 0.068902
2.149520 0.068902 2.148148 0.068902
2.148148 0.068902 2.148834 0.070090
2.148834 0.070090 2.148148 0.071278
2.148148 0.071278 2.149520 0.071278
2.149520 0.071278 2.150206 0.072466
2.150206 0.072466 2.150892 0.071278
2.150892 0.071278 2.152263 0.071278
2.152263 0.071278 2.152949 0.072466
2.152949 0.072466 2.152263 0.073654
2.152263 0.073654 2.153635 0.073654
2.153635 0.073654 2.154321 0.074842
2.154321 0.074842 2.153635 0.076030
2.153635 0.076030 2.152263 0.076030
2.152263 0.076030 2.152949 0.077218
2.152949 0.077218 2.152263 0.078406
2.152263 0.078406 2.150892 0.078406
2.150892 0.078406 2.150206 0.077218
2.150206 0.077218 2.149520 0.078406
2.149520 0.078406 2.148148 0.078406
2.148148 0.078406 2.148834 0.079594
2.148834 0.079594 2.148148 0.080782
2.148148 0.080782 2.149520 0.080782
2.149520 0.080782 2.150206 0.081969
2.150206 0.081969 2.149520 0.083157
2.149520 0.083157 2.148148 0.083157
2.148148 0.083157 2.148834 0.084345
2.148834 0.084345 2.148148 0.085533
2.148148 0.085533 2.149520 0.085533
2.149520 0.085533 2.150206 0.086721
2.150206 0.086721 2.150892 0.085533
2.150892 0.085533 2.152263 0.085533
2.152263 0.085533 2.152949 0.086721
2.152949 0.086721 2.152263 0.087909
2.152263 0.087909 2.153635 0.087909
2.153635 0.087909 2.154321 0.089097
2.154321 0.089097 2.155007 0.087909
2.155007 0.087909 2.156379 0.087909
2.156379 0.087909 2.155693 0.086721
2.155693 0.086721 2.156379 0.085533
2.156379 0.085533 2.157750 0.085533
2.157750 0.085533 2.158436 0.086721
2.158436 0.086721 2.159122 0.085533
2.159122 0.085533 2.160494 0.085533
2.160494 0.085533 2.161180 0.086721
2.161180 0.086721 2.160494 0.087909
2.160494 0.087909 2.161866 0.087909
2.161866 0.087909 2.162551 0.089097
2.162551 0.089097 2.161866 0.090285
2.161866 0.090285 2.160494 0.090285
2.160494 0.090285 2.161180 0.091473
2.161180 0.091473 2.160494 0.092661
2.160494 0.092661 2.161866 0.092661
2.161866 0.092661 2.162551 0.093849
2.162551 0.093849 2.163237 0.092661
2.163237 0.092661 2.164609 0.092661
2.164609 0.092661 2.165295 0.093849
2.165295 0.093849 2.164609 0.095037
2.164609 0.095037 2.165981 0.095037
2.165981 0.095037 2.166667 0.096225
2.166667 0.096225 2.167353 0.095037
2.167353 0.095037 2.168724 0.095037
2.168724 0.095037 2.168038 0.093849
2.168038 0.093849 2.168724 0.092661
2.168724 0.092661 2.170096 0.092661
2.170096 0.092661 2.170782 0.093849
2.170782 0.093849 2.171468 0.092661
2.171468 0.092661 2.172840 0.092661
2.172840 0.092661 2.172154 0.091473
2.172154 0.091473 2.172840 0.090285
2.172840 0.090285 2.171468 0.090285
2.171468 0.090285 2.170782 0.089097
2.170782 0.089097 2.171468 0.087909
2.171468 0.087909 2.172840 0.087909
2.172840 0.087909 2.172154 0.086721
2.172154 0.086721 2.172840 0.085533
2.172840 0.085533 2.174211 0.085533
2.174211 0.085533 2.174897 0.086721
2.174897 0.086721 2.175583 0.085533
2.175583 0.085533 2.176955 0.085533
2.176955 0.085533 2.177641 0.086721
2.177641 0.086721 2.176955 0.087909
2.176955 0.087909 2.178326 0.087909
2.178326 0.087909 2.179012 0.089097
2.179012 0.089097 2.179698 0.087909
2.179698 0.087909 2.181070 0.087909
2.181070 0.087909 2.180384 0.086721
2.180384 0.086721 2.181070 0.085533
2.181070 0.085533 2.182442 0.085533
2.182442 0.085533 2.183128 0.086721
2.183128 0.086721 2.183813 0.085533
2.183813 0.085533 2.185185 0.085533
2.185185 0.085533 2.184499 0.084345
2.184499 0.084345 2.185185 0.083157
2.185185 0.083157 2.183813 0.083157
2.183813 0.083157 2.183128 0.081969
2.183128 0.081969 2.183813 0.080782
2.183813 0.080782 2.185185 0.080782
2.185185 0.080782 2.184499 0.079594
2.184499 0.079594 2.185185 0.078406
2.185185 0.078406 2.183813 0.078406
2.183813 0.078406 2.183128 0.077218
2.183128 0.077218 2.182442 0.078406
2.182442 0.078406 2.181070 0.078406
2.181070 0.078406 2.180384 0.077218
2.180384 0.077218 2.181070 0.076030
2.181070 0.076030 2.179698 0.076030
2.179698 0.076030 2.179012 0.074842
2.179012 0.074842 2.179698 0.073654
2.179698 0.073654 2.181070 0.073654
2.181070 0.073654 2.180384 0.072466
2.180384 0.072466 2.181070 0.071278
2.181070 0.071278 2.182442 0.071278
2.182442 0.071278 2.183128 0.072466
2.183128 0.072466 2.183813 0.071278
2.183813 0.071278 2.185185 0.071278
2.185185 0.071278 2.184499 0.070090
2.184499 0.070090 2.185185 0.068902
2.185185 0.068902 2.183813 0.068902
2.183813 0.068902 2.183128 0.067714
2.183128 0.067714 2.183813 0.066526
2.183813 0.066526 2.185185 0.066526
2.185185 0.066526 2.184499 0.065338
2.184499 0.065338 2.185185 0.064150
2.185185 0.064150 2.186557 0.064150
2.186557 0.064150 2.187243 0.065338
2.187243 0.065338 2.187929 0.064150
2.187929 0.064150 2.189300 0.064150
2.189300 0.064150 2.189986 0.065338
2.189986 0.065338 2.189300 0.066526
2.189300 0.066526 2.190672 0.066526
2.190672 0.066526 2.191358 0.067714
2.191358 0.067714 2.192044 0.066526
2.192044 0.066526 2.193416 0.066526
2.193416 0.066526 2.192730 0.065338
2.192730 0.065338 2.193416 0.064150
2.193416 0.064150 2.194787 0.064150
2.194787 0.064150 2.195473 0.065338
2.195473 0.065338 2.196159 0.064150
2.196159 0.064150 2.197531 0.064150
2.197531 0.064150 2.198217 0.065338
2.198217 0.065338 2.197531 0.066526
2.197531 0.066526 2.198903 0.066526
2.198903 0.066526 2.199588 0.067714
2.199588 0.067714 2.198903 0.068902
2.198903 0.068902 2.197531 0.068902
2.197531 0.068902 2.198217 0.070090
2.198217 0.070090 2.197531 0.071278
2.197531 0.071278 2.198903 0.071278
2.198903 0.071278 2.199588 0.072466
2.199588 0.072466 2.200274 0.071278
2.200274 0.071278 2.201646 0.071278
2.201646 0.071278 2.202332 0.072466
2.202332 0.072466 2.201646 0.073654
2.201646 0.073654 2.203018 0.073654
2.203018 0.073654 2.203704 0.074842
2.203704 0.074842 2.204390 0.073654
2.204390 0.073654 2.205761 0.073654
2.205761 0.073654 2.205075 0.072466
2.205075 0.072466 2.205761 0.071278
2.205761 0.071278 2.207133 0.071278
2.207133 0.071278 2.207819 0.072466
2.207819 0.072466 2.208505 0.071278
2.208505 0.071278 2.209877 0.071278
2.209877 0.071278 2.209191 0.070090
2.209191 0.070090 2.209877 0.068902
2.209877 0.068902 2.208505 0.068902
2.208505 0.068902 2.207819 0.067714
2.207819 0.067714 2.208505 0.066526
2.208505 0.066526 2.209877 0.066526
2.209877 0.066526 2.209191 0.065338
2.209191 0.065338 2.209877 0.064150
2.209877 0.064150 2.211248 0.064150
2.211248 0.064150 2.211934 0.065338
2.211934 0.065338 2.212620 0.064150
2.212620 0.064150 2.213992 0.064150
2.213992 0.064150 2.214678 0.065338
2.214678 0.065338 2.213992 0.066526
2.213992 0.066526 2.215364 0.066526
2.215364 0.066526 2.216049 0.067714
2.216049 0.067714 2.216735 0.066526
2.216735 0.066526 2.218107 0.066526
2.218107 0.066526 2.217421 0.065338
2.217421 0.065338 2.218107 0.064150
2.218107 0.064150 2.219479 0.064150
2.219479 0.064150 2.220165 0.065338
2.220165 0.065338 2.220850 0.064150
2.220850 0.064150 2.222222 0.064150
2.222222 0.064150 2.221536 0.062962
2.221536 0.062962 2.222222 0.061774
2.222222 0.061774 2.220850 0.061774
2.220850 0.061774 2.220165 0.060586
2.220165 0.060586 2.220850 0.059398
2.220850 0.059398 2.222222 0.059398
2.222222 0.059398 2.221536 0.058210
2.221536 0.058210 2.222222 0.057022
2.222222 0.057022 2.220850 0.057022
2.220850 0.057022 2.220165 0.055834
2.220165 0.055834 2.219479 0.057022
2.219479 0.057022 2.218107 0.057022
2.218107 0.057022 2.217421 0.055834
2.217421 0.055834 2.218107 0.054646
2.218107 0.054646 2.216735 0.054646
2.216735 0.054646 2.216049 0.053458
2.216049 0.053458 2.216735 0.052270
2.216735 0.052270 2.218107 0.052270
2.218107 0.052270 2.217421 0.051082
2.217421 0.051082 2.218107 0.049894
2.218107 0.049894 2.219479 0.049894
2.219479 0.049894 2.220165 0.051082
2.220165 0.051082 2.220850 0.049894
2.220850 0.049894 2.222222 0.049894
2.222222 0.049894 2.221536 0.048707
2.221536 0.048707 2.222222 0.047519
2.222222 0.047519 2.220850 0.047519
2.220850 0.047519 2.220165 0.046331
2.220165 0.046331 2.220850 0.045143
2.220850 0.045143 2.222222 0.045143
2.222222 0.045143 2.221536 0.043955
2.221536 0.043955 2.222222 0.042767
2.222222 0.042767 2.220850 0.042767
2.220850 0.042767 2.220165 0.041579
2.220165 0.041579 2.219479 0.042767
2.219479 0.042767 2.218107 0.042767
2.218107 0.042767 2.217421 0.041579
2.217421 0.041579 2.218107 0.040391
2.218107 0.040391 2.216735 0.040391
2.216735 0.040391 2.216049 0.039203
2.216049 0.039203 2.215364 0.040391
2.215364 0.040391 2.213992 0.040391
2.213992 0.040391 2.214678 0.041579
2.214678 0.041579 2.213992 0.042767
2.213992 0.042767 2.212620 0.042767
2.212620 0.042767 2.211934 0.041579
2.211934 0.041579 2.211248 0.042767
2.211248 0.042767 2.209877 0.042767
2.209877 0.042767 2.209191 0.041579
2.209191 0.041579 2.209877 0.040391
2.209877 0.040391 2.208505 0.040391
2.208505 0.040391 2.207819 0.039203
2.207819 0.039203 2.208505 0.038015
2.208505 0.038015 2.209877 0.038015
2.209877 0.038015 2.209191 0.036827
2.209191 0.036827 2.209877 0.035639
2.209877 0.035639 2.208505 0.035639
2.208505 0.035639 2.207819 0.034451
2.207819 0.034451 2.207133 0.035639
2.207133 0.035639 2.205761 0.035639
2.205761 0.035639 2.205075 0.034451
2.205075 0.034451 2.205761 0.033263
2.205761 0.033263 2.204390 0.033263
2.204390 0.033263 2.203704 0.032075
2.203704 0.032075 2.204390 0.030887
2.204390 0.030887 2.205761 0.030887
2.205761 0.030887 2.205075 0.029699
2.205075 0.029699 2.205761 0.028511
2.205761 0.028511 2.207133 0.028511
2.207133 0.028511 2.207819 0.029699
2.207819 0.029699 2.208505 0.028511
2.208505 0.028511 2.209877 0.028511
2.209877 0.028511 2.209191 0.027323
2.209191 0.027323 2.209877 0.026135
2.209877 0.026135 2.208505 0.026135
2.208505 0.026135 2.207819 0.024947
2.207819 0.024947 2.208505 0.023759
2.208505 0.023759 2.209877 0.023759
2.209877 0.023759 2.209191 0.022571
2.209191 0.022571 2.209877 0.021383
2.209877 0.021383 2.211248 0.021383
2.211248 0.021383 2.211934 0.022571
2.211934 0.022571 2.212620 0.021383
2.212620 0.021383 2.213992 0.021383
2.213992 0.021383 2.214678 0.022571
2.214678 0.022571 2.213992 0.023759
2.213992 0.023759 2.215364 0.023759
2.215364 0.023759 2.216049 0.024947
2.216049 0.024947 2.216735 0.023759
2.216735 0.023759 2.218107 0.023759
2.218107 0.023759 2.217421 0.022571
2.217421 0.022571 2.218107 0.021383
2.218107 0.021383 2.219479 0.021383
2.219479 0.021383 2.220165 0.022571
2.220165 0.022571 2.220850 0.021383
2.220850 0.021383 2.222222 0.021383
2.222222 0.021383 2.221536 0.020195
2.221536 0.020195 2.222222 0.019007
2.222222 0.019007 2.220850 0.019007
2.220850 0.019007 2.220165 0.017819
2.220165 0.017819 2.220850 0.016631
2.220850 0.016631 2.222222 0.016631
2.222222 0.016631 2.221536 0.015444
2.221536 0.015444 2.222222 0.014256
2.222222 0.014256 2.220850 0.014256
2.220850 0.014256 2.220165 0.013068
2.220165 0.013068 2.219479 0.014256
2.219479 0.014256 2.218107 0.014256
2.218107 0.014256 2.217421 0.013068
2.217421 0.013068 2.218107 0.011880
2.218107 0.011880 2.216735 0.011880
2.216735 0.011880 2.216049 0.010692
2.216049 0.010692 2.216735 0.009504
2.216735 0.009504 2.218107 0.009504
2.218107 0.009504 2.217421 0.008316
2.217421 0.008316 2.218107 0.007128
2.218107 0.007128 2.219479 0.007128
2.219479 0.007128 2.220165 0.008316
2.220165 0.008316 2.220850 0.007128
2.220850 0.007128 2.222222 0.007128
2.222222 0.007128 2.221536 0.005940
2.221536 0.005940 2.222222 0.004752
2.222222 0.004752 2.220850 0.004752
2.220850 0.004752 2.220165 0.003564
2.220165 0.003564 2.220850 0.002376
2.220850 0.002376 2.222222 0.002376
2.222222 0.002376 2.221536 0.001188
2.221536 0.001188 2.222222 0.000000
2.222222 0.000000 2.223594 0.000000
2.223594 0.000000 2.224280 0.001188
2.224280 0.001188 2.224966 0.000000
2.224966 0.000000 2.226337 0.000000
2.226337 0.000000 2.227023 0.001188
2.227023 0.001188 2.226337 0.002376
2.226337 0.002376 2.227709 0.002376
2.227709 0.002376 2.228395 0.003564
2.228395 0.003564 2.229081 0.002376
2.229081 0.002376 2.230453 0.002376
2.230453 0.002376 2.229767 0.001188
2.229767 0.001188 2.230453 0.000000
2.230453 0.000000 2.231824 0.000000
2.231824 0.000000 2.232510 0.001188
2.232510 0.001188 2.233196 0.000000
2.233196 0.000000 2.234568 0.000000
2.234568 0.000000 2.235254 0.001188
2.235254 0.001188 2.234568 0.002376
2.234568 0.002376 2.235940 0.002376
2.235940 0.002376 2.236626 0.003564
2.236626 0.003564 2.235940 0.004752
2.235940 0.004752 2.234568 0.004752
2.234568 0.004752 2.235254 0.005940
2.235254 0.005940 2.234568 0.007128
2.234568 0.007128 2.235940 0.007128
2.235940 0.007128 2.236626 0.008316
2.236626 0.008316 2.237311 0.007128
2.237311 0.007128 2.238683 0.007128
2.238683 0.007128 2.239369 0.008316
2.239369 0.008316 2.238683 0.009504
2.238683 0.009504 2.240055 0.009504
2.240055 0.009504 2.240741 0.010692
2.240741 0.010692 2.241427 0.009504
2.241427 0.009504 2.242798 0.009504
2.242798 0.009504 2.242112 0.008316
2.242112 0.008316 2.242798 0.007128
2.242798 0.007128 2.244170 0.007128
2.244170 0.007128 2.244856 0.008316
2.244856 0.008316 2.245542 0.007128
2.245542 0.007128 2.246914 0.007128
2.246914 0.007128 2.246228 0.005940
2.246228 0.005940 2.246914 0.004752
2.246914 0.004752 2.245542 0.004752
2.245542 0.004752 2.244856 0.003564
2.244856 0.003564 2.245542 0.002376
2.245542 0.002376 2.246914 0.002376
2.246914 0.002376 2.246228 0.001188
2.246228 0.001188 2.246914 0.000000
2.246914 0.000000 2.248285 0.000000
2.248285 0.000000 2.248971 0.001188
2.248971 0.001188 2.249657 0.000000
2.249657 0.000000 2.251029 0.000000
2.251029 0.000000 2.251715 0.001188
2.251715 0.001188 2.251029 0.002376
2.251029 0.002376 2.252401 0.002376
2.252401 0.002376 2.253086 0.003564
2.253086 0.003564 2.253772 0.002376
2.253772 0.002376 2.255144 0.002376
2.255144 0.002376 2.254458 0.001188
2.254458 0.001188 2.255144 0.000000
2.255144 0.000000 2.256516 0.000000
2.256516 0.000000 2.257202 0.001188
2.257202 0.001188 2.257888 0.000000
2.257888 0.000000 2.259259 0.000000
2.259259 0.000000 2.259945 0.001188
2.259945 0.001188 2.259259 0.002376
2.259259 0.002376 2.260631 0.002376
2.260631 0.002376 2.261317 0.003564
2.261317 0.003564 2.260631 0.004752
2.260631 0.004752 2.259259 0.004752
2.259259 0.004752 2.259945 0.005940
2.259945 0.005940 2.259259 0.007128
2.259259 0.007128 2.260631 0.007128
2.260631 0.007128 2.261317 0.008316
2.261317 0.008316 2.262003 0.007128
2.262003 0.007128 2.263374 0.007128
2.263374 0.007128 2.264060 0.008316
2.264060 0.008316 2.263374 0.009504
2.263374 0.009504 2.264746 0.009504
2.264746 0.009504 2.265432 0.010692
2.265432 0.010692 2.264746 0.011880
2.264746 0.011880 2.263374 0.011880
2.263374 0.011880 2.264060 0.013068
2.264060 0.013068 2.263374 0.014256
2.263374 0.014256 2.262003 0.014256
2.262003 0.014256 2.261317 0.013068
2.261317 0.013068 2.260631 0.014256
2.260631 0.014256 2.259259 0.014256
2.259259 0.014256 2.259945 0.015444
2.259945 0.015444 2.259259 0.016631
2.259259 0.016631 2.260631 0.016631
2.260631 0.016631 2.261317 0.017819
2.261317 0.017819 2.260631 0.019007
2.260631 0.019007 2.259259 0.019007
2.259259 0.019007 2.259945 0.020195
2.259945 0.020195 2.259259 0.021383
2.259259 0.021383 2.260631 0.021383
2.260631 0.021383 2.261317 0.022571
2.261317 0.022571 2.262003 0.021383
2.262003 0.021383 2.263374 0.021383
2.263374 0.021383 2.264060 0.022571
2.264060 0.022571 2.263374 0.023759
2.263374 0.023759 2.264746 0.023759
2.264746 0.023759 2.265432 0.024947
2.265432 0.024947 2.266118 0.023759
2.266118 0.023759 2.267490 0.023759
2.267490 0.023759 2.266804 0.022571
2.266804 0.022571 2.267490 0.021383
2.267490 0.021383 2.268861 0.021383
2.268861 0.021383 2.269547 0.022571
2.269547 0.022571 2.270233 0.021383
2.270233 0.021383 2.271605 0.021383
2.271605 0.021383 2.272291 0.022571
2.272291 0.022571 2.271605 0.023759
2.271605 0.023759 2.272977 0.023759
2.272977 0.023759 2.273663 0.024947
2.273663 0.024947 2.272977 0.026135
2.272977 0.026135 2.271605 0.026135
2.271605 0.026135 2.272291 0.027323
2.272291 0.027323 2.271605 0.028511
2.271605 0.028511 2.272977 0.028511
2.272977 0.028511 2.273663 0.029699
2.273663 0.029699 2.274348 0.028511
2.274348 0.028511 2.275720 0.028511
2.275720 0.028511 2.276406 0.029699
2.276406 0.029699 2.275720 0.030887
2.275720 0.030887 2.277092 0.030887
2.277092 0.030887 2.277778 0.032075
2.277778 0.032075 2.278464 0.030887
2.278464 0.030887 2.279835 0.030887
2.279835 0.030887 2.279150 0.029699
2.279150 0.029699 2.279835 0.028511
2.279835 0.028511 2.281207 0.028511
2.281207 0.028511 2.281893 0.029699
2.281893 0.029699 2.282579 0.028511
2.282579 0.028511 2.283951 0.028511
2.283951 0.028511 2.283265 0.027323
2.283265 0.027323 2.283951 0.026135
2.283951 0.026135 2.282579 0.026135
2.282579 0.026135 2.281893 0.024947
2.281893 0.024947 2.282579 0.023759
2.282579 0.023759 2.283951 0.023759
2.283951 0.023759 2.283265 0.022571
2.283265 0.022571 2.283951 0.021383
2.283951 0.021383 2.285322 0.021383
2.285322 0.021383 2.286008 0.022571
2.286008 0.022571 2.286694 0.021383
2.286694 0.021383 2.288066 0.021383
2.288066 0.021383 2.288752 0.022571
2.288752 0.022571 2.288066 0.023759
2.288066 0.023759 2.289438 0.023759
2.289438 0.023759 2.290123 0.024947
2.290123 0.024947 2.290809 0.023759
2.290809 0.023759 2.292181 0.023759
2.292181 0.023759 2.291495 0.022571
2.291495 0.022571 2.292181 0.021383
2.292181 0.021383 2.293553 0.021383
2.293553 0.021383 2.294239 0.022571
2.294239 0.022571 2.294925 0.021383
2.294925 0.021383 2.296296 0.021383
2.296296 0.021383 2.295610 0.020195
2.295610 0.020195 2.296296 0.019007
2.296296 0.019007 2.294925 0.019007
2.294925 0.019007 2.294239 0.017819
2.294239 0.017819 2.294925 0.016631
2.294925 0.016631 2.296296 0.016631
2.296296 0.016631 2.295610 0.015444
2.295610 0.015444 2.296296 0.014256
2.296296 0.014256 2.294925 0.014256
2.294925 0.014256 2.294239 0.013068
2.294239 0.013068 2.293553 0.014256
2.293553 0.014256 2.292181 0.014256
2.292181 0.014256 2.291495 0.013068
2.291495 0.013068 2.292181 0.011880
2.292181 0.011880 2.290809 0.011880
2.290809 0.011880 2.290123 0.010692
2.290123 0.010692 2.290809 0.009504
2.290809 0.009504 2.292181 0.009504
2.292181 0.009504 2.291495 0.008316
2.291495 0.008316 2.292181 0.007128
2.292181 0.007128 2.293553 0.007128
2.293553 0.007128 2.294239 0.008316
2.294239 0.008316 2.294925 0.007128
2.294925 0.007128 2.296296 0.007128
2.296296 0.007128 2.295610 0.005940
2.295610 0.005940 2.296296 0.004752
2.296296 0.004752 2.294925 0.004752
2.294925 0.004752 2.294239 0.003564
2.294239 0.003564 2.294925 0.002376
2.294925 0.002376 2.296296 0.002376
2.296296 0.002376 2.295610 0.001188
2.295610 0.001188 2.296296 0.000000
2.296296 0.000000 2.297668 0.000000
2.297668 0.000000 2.298354 0.001188
2.298354 0.001188 2.299040 0.000000
2.299040 0.000000 2.300412 0.000000
2.300412 0.000000 2.301097 0.001188
2.301097 0.001188 2.300412 0.002376
2.300412 0.002376 2.301783 0.002376
2.301783 0.002376 2.302469 0.003564
2.302469 0.003564 2.303155 0.002376
2.303155 0.002376 2.304527 0.002376
2.304527 0.002376 2.303841 0.001188
2.303841 0.001188 2.304527 0.000000
2.304527 0.000000 2.305898 0.000000
2.305898 0.000000 2.306584 0.001188
2.306584 0.001188 2.307270 0.000000
2.307270 0.000000 2.308642 0.000000
2.308642 0.000000 2.309328 0.001188
2.309328 0.001188 2.308642 0.002376
2.308642 0.002376 2.310014 0.002376
2.310014 0.002376 2.310700 0.003564
2.310700 0.003564 2.310014 0.004752
2.310014 0.004752 2.308642 0.004752
2.308642 0.004752 2.309328 0.005940
2.309328 0.005940 2.308642 0.007128
2.308642 0.007128 2.310014 0.007128
2.310014 0.007128 2.310700 0.008316
2.310700 0.008316 2.311385 0.007128
2.311385 0.007128 2.312757 0.007128
2.312757 0.007128 2.313443 0.008316
2.313443 0.008316 2.312757 0.009504
2.312757 0.009504 2.314129 0.009504
2.314129 0.009504 2.314815 0.010692
2.314815 0.010692 2.315501 0.009504
2.315501 0.009504 2.316872 0.009504
2.316872 0.009504 2.316187 0.008316
2.316187 0.008316 2.316872 0.007128
2.316872 0.007128 2.318244 0.007128
2.318244 0.007128 2.318930 0.008316
2.318930 0.008316 2.319616 0.007128
2.319616 0.007128 2.320988 0.007128
2.320988 0.007128 2.320302 0.005940
2.320302 0.005940 2.320988 0.004752
2.320988 0.004752 2.319616 0.004752
2.319616 0.004752 2.318930 0.003564
2.318930 0.003564 2.319616 0.002376
2.319616 0.002376 2.320988 0.002376
2.320988 0.002376 2.320302 0.001188
2.320302 0.001188 2.320988 0.000000
2.320988 0.000000 2.322359 0.000000
2.322359 0.000000 2.323045 0.001188
2.323045 0.001188 2.323731 0.000000
2.323731 0.000000 2.325103 0.000000
2.325103 0.000000 2.325789 0.001188
2.325789 0.001188 2.325103 0.002376
2.325103 0.002376 2.326475 0.002376
2.326475 0.002376 2.327160 0.003564
2.327160 0.003564 2.327846 0.002376
2.327846 0.002376 2.329218 0.002376
2.329218 0.002376 2.328532 0.001188
2.328532 0.001188 2.329218 0.000000
2.329218 0.000000 2.330590 0.000000
2.330590 0.000000 2.331276 0.001188
2.331276 0.001188 2.331962 0.000000
2.331962 0.000000 2.333333 0.000000
2.333333 0.000000 2.334019 0.001188
2.334019 0.001188 2.333333 0.002376
2.333333 0.002376 2.334705 0.002376
2.334705 0.002376 2.335391 0.003564
2.335391 0.003564 2.334705 0.004752
2.334705 0.004752 2.333333 0.004752
2.333333 0.004752 2.334019 0.005940
2.334019 0.005940 2.333333 0.007128
2.333333 0.007128 2.334705 0.007128
2.334705 0.007128 2.335391 0.008316
2.335391 0.008316 2.336077 0.007128
2.336077 0.007128 2.337449 0.007128
2.337449 0.007128 2.338134 0.008316
2.338134 0.008316 2.337449 0.009504
2.337449 0.009504 2.338820 0.009504
2.338820 0.009504 2.339506 0.010692
2.339506 0.010692 2.338820 0.011880
2.338820 0.011880 2.337449 0.011880
2.337449 0.011880 2.338134 0.013068
2.338134 0.013068 2.337449 0.014256
2.337449 0.014256 2.336077 0.014256
2.336077 0.014256 2.335391 0.013068
2.335391 0.013068 2.334705 0.014256
2.334705 0.014256 2.333333 0.014256
2.333333 0.014256 2.334019 0.015444
2.334019 0.015444 2.333333 0.016631
2.333333 0.016631 2.334705 0.016631
2.334705 0.016631 2.335391 0.017819
2.335391 0.017819 2.334705 0.019007
2.334705 0.019007 2.333333 0.019007
2.333333 0.019007 2.334019 0.020195
2.334019 0.020195 2.333333 0.021383
2.333333 0.021383 2.334705 0.021383
2.334705 0.021383 2.335391 0.022571
2.335391 0.022571 2.336077 0.021383
2.336077 0.021383 2.337449 0.021383
2.337449 0.021383 2.338134 0.022571
2.338134 0.022571 2.337449 0.023759
2.337449 0.023759 2.338820 0.023759
2.338820 0.023759 2.339506 0.024947
2.339506 0.024947 2.340192 0.023759
2.340192 0.023759 2.341564 0.023759
2.341564 0.023759 2.340878 0.022571
2.340878 0.022571 2.341564 0.021383
2.341564 0.021383 2.342936 0.021383
2.342936 0.021383 2.343621 0.022571
2.343621 0.022571 2.344307 0.021383
2.344307 0.021383 2.345679 0.021383
2.345679 0.021383 2.346365 0.022571
2.346365 0.022571 2.345679 0.023759
2.345679 0.023759 2.347051 0.023759
2.347051 0.023759 2.347737 0.024947
2.347737 0.024947 2.347051 0.026135
2.347051 0.026135 2.345679 0.026135
2.345679 0.026135 2.346365 0.027323
2.346365 0.027323 2.345679 0.028511
2.345679 0.028511 2.347051 0.028511
2.347051 0.028511 2.347737 0.029699
2.347737 0.029699 2.348422 0.028511
2.348422 0.028511 2.349794 0.028511
2.349794 0.028511 2.350480 0.029699
2.350480 0.029699 2.349794 0.030887
2.349794 0.030887 2.351166 0.030887
2.351166 0.030887 2.351852 0.032075
2.351852 0.032075 2.351166 0.033263
2.351166 0.033263 2.349794 0.033263
2.349794 0.033263 2.350480 0.034451
2.350480 0.034451 2.349794 0.035639
2.349794 0.035639 2.348422 0.035639
2.348422 0.035639 2.347737 0.034451
2.347737 0.034451 2.347051 0.035639
2.347051 0.035639 2.345679 0.035639
2.345679 0.035639 2.346365 0.036827
2.346365 0.036827 2.345679 0.038015
2.345679 0.038015 2.347051 0.038015
2.347051 0.038015 2.347737 0.039203
2.347737 0.039203 2.347051 0.040391
2.347051 0.040391 2.345679 0.040391
2.345679 0.040391 2.346365 0.041579
2.346365 0.041579 2.345679 0.042767
2.345679 0.042767 2.344307 0.042767
2.344307 0.042767 2.343621 0.041579
2.343621 0.041579 2.342936 0.042767
2.342936 0.042767 2.341564 0.042767
2.341564 0.042767 2.340878 0.041579
2.340878 0.041579 2.341564 0.040391
2.341564 0.040391 2.340192 0.040391
2.340192 0.040391 2.339506 0.039203
2.339506 0.039203 2.338820 0.040391
2.338820 0.040391 2.337449 0.040391
2.337449 0.040391 2.338134 0.041579
2.338134 0.041579 2.337449 0.042767
2.337449 0.042767 2.336077 0.042767
2.336077 0.042767 2.335391 0.041579
2.335391 0.041579 2.334705 0.042767
2.334705 0.042767 2.333333 0.042767
2.333333 0.042767 2.334019 0.043955
2.334019 0.043955 2.333333 0.045143
2.333333 0.045143 2.334705 0.045143
2.334705 0.045143 2.335391 0.046331
2.335391 0.046331 2.334705 0.047519
2.334705 0.047519 2.333333 0.047519
2.333333 0.047519 2.334019 0.048707
2.334019 0.048707 2.333333 0.049894
2.333333 0.049894 2.334705 0.049894
2.334705 0.049894 2.335391 0.051082
2.335391 0.051082 2.336077 0.049894
2.336077 0.049894 2.337449 0.049894
2.337449 0.049894 2.338134 0.051082
2.338134 0.051082 2.337449 0.052270
2.337449 0.052270 2.338820 0.052270
2.338820 0.052270 2.339506 0.053458
2.339506 0.053458 2.338820 0.054646
2.338820 0.054646 2.337449 0.054646
2.337449 0.054646 2.338134 0.055834
2.338134 0.055834 2.337449 0.057022
2.337449 0.057022 2.336077 0.057022
2.336077 0.057022 2.335391 0.055834
2.335391 0.055834 2.334705 0.057022
2.334705 0.057022 2.333333 0.057022
2.333333 0.057022 2.334019 0.058210
2.334019 0.058210 2.333333 0.059398
2.333333 0.059398 2.334705 0.059398
2.334705 0.059398 2.335391 0.060586
2.335391 0.060586 2.334705 0.061774
2.334705 0.061774 2.333333 0.061774
2.333333 0.061774 2.334019 0.062962
2.334019 0.062962 2.333333 0.064150
2.333333 0.064150 2.334705 0.064150
2.334705 0.064150 2.335391 0.065338
2.335391 0.065338 2.336077 0.064150
2.336077 0.064150 2.337449 0.064150
2.337449 0.064150 2.338134 0.065338
2.338134 0.065338 2.337449 0.066526
2.337449 0.066526 2.338820 0.066526
2.338820 0.066526 2.339506 0.067714
2.339506 0.067714 2.340192 0.066526
2.340192 0.066526 2.341564 0.066526
2.341564 0.066526 2.340878 0.065338
2.340878 0.065338 2.341564 0.064150
2.341564 0.064150 2.342936 0.064150
2.342936 0.064150 2.343621 0.065338
2.343621 0.065338 2.344307 0.064150
2.344307 0.064150 2.345679 0.064150
2.345679 0.064150 2.346365 0.065338
2.346365 0.065338 2.345679 0.066526
2.345679 0.066526 2.347051 0.066526
2.347051 0.066526 2.347737 0.067714
2.347737 0.067714 2.347051 0.068902
2.347051 0.068902 2.345679 0.068902
2.345679 0.068902 2.346365 0.070090
2.346365 0.070090 2.345679 0.071278
2.345679 0.071278 2.347051 0.071278
2.347051 0.071278 2.347737 0.072466
2.347737 0.072466 2.348422 0.071278
2.348422 0.071278 2.349794 0.071278
2.349794 0.071278 2.350480 0.072466
2.350480 0.072466 2.349794 0.073654
2.349794 0.073654 2.351166 0.073654
2.351166 0.073654 2.351852 0.074842
2.351852 0.074842 2.352538 0.073654
2.352538 0.073654 2.353909 0.073654
2.353909 0.073654 2.353224 0.072466
2.353224 0.072466 2.353909 0.071278
2.353909 0.071278 2.355281 0.071278
2.355281 0.071278 2.355967 0.072466
2.355967 0.072466 2.356653 0.071278
2.356653 0.071278 2.358025 0.071278
2.358025 0.071278 2.357339 0.070090
2.357339 0.070090 2.358025 0.068902
2.358025 0.068902 2.356653 0.068902
2.356653 0.068902 2.355967 0.067714
2.355967 0.067714 2.356653 0.066526
2.356653 0.066526 2.358025 0.066526
2.358025 0.066526 2.357339 0.065338
2.357339 0.065338 2.358025 0.064150
2.358025 0.064150 2.359396 0.064150
2.359396 0.064150 2.360082 0.065338
2.360082 0.065338 2.360768 0.064150
2.360768 0.064150 2.362140 0.064150
2.362140 0.064150 2.362826 0.065338
2.362826 0.065338 2.362140 0.066526
2.362140 0.066526 2.363512 0.066526
2.363512 0.066526 2.364198 0.067714
2.364198 0.067714 2.364883 0.066526
2.364883 0.066526 2.366255 0.066526
2.366255 0.066526 2.365569 0.065338
2.365569 0.065338 2.366255 0.064150
2.366255 0.064150 2.367627 0.064150
2.367627 0.064150 2.368313 0.065338
2.368313 0.065338 2.368999 0.064150
2.368999 0.064150 2.370370 0.064150
2.370370 0.064150 2.371056 0.065338
2.371056 0.065338 2.370370 0.066526
2.370370 0.066526 2.371742 0.066526
2.371742 0.066526 2.372428 0.067714
2.372428 0.067714 2.371742 0.068902
2.371742 0.068902 2.370370 0.068902
2.370370 0.068902 2.371056 0.070090
2.371056 0.070090 2.370370 0.071278
2.370370 0.071278 2.371742 0.071278
2.371742 0.071278 2.372428 0.072466
2.372428 0.072466 2.373114 0.071278
2.373114 0.071278 2.374486 0.071278
2.374486 0.071278 2.375171 0.072466
2.375171 0.072466 2.374486 0.073654
2.374486 0.073654 2.375857 0.073654
2.375857 0.073654 2.376543 0.074842
2.376543 0.074842 2.375857 0.076030
2.375857 0.076030 2.374486 0.076030
2.374486 0.076030 2.375171 0.077218
2.375171 0.077218 2.374486 0.078406
2.374486 0.078406 2.373114 0.078406
2.373114 0.078406 2.372428 0.077218
2.372428 0.077218 2.371742 0.078406
2.371742 0.078406 2.370370 0.078406
2.370370 0.078406 2.371056 0.079594
2.371056 0.079594 2.370370 0.080782
2.370370 0.080782 2.371742 0.080782
2.371742 0.080782 2.372428 0.081969
2.372428 0.081969 2.371742 0.083157
2.371742 0.083157 2.370370 0.083157
2.370370 0.083157 2.371056 0.084345
2.371056 0.084345 2.370370 0.085533
2.370370 0.085533 2.371742 0.085533
2.371742 0.085533 2.372428 0.086721
2.372428 0.086721 2.373114 0.085533
2.373114 0.085533 2.374486 0.085533
2.374486 0.085533 2.375171 0.086721
2.375171 0.086721 2.374486 0.087909
2.374486 0.087909 2.375857 0.087909
2.375857 0.087909 2.376543 0.089097
2.376543 0.089097 2.377229 0.087909
2.377229 0.087909 2.378601 0.087909
2.378601 0.087909 2.377915 0.086721
2.377915 0.086721 2.378601 0.085533
2.378601 0.085533 2.379973 0.085533
2.379973 0.085533 2.380658 0.086721
2.380658 0.086721 2.381344 0.085533
2.381344 0.085533 2.382716 0.085533
2.382716 0.085533 2.383402 0.086721
2.383402 0.086721 2.382716 0.087909
2.382716 0.087909 2.384088 0.087909
2.384088 0.087909 2.384774 0.089097
2.384774 0.089097 2.384088 0.090285
2.384088 0.090285 2.382716 0.090285
2.382716 0.090285 2.383402 0.091473
2.383402 0.091473 2.382716 0.092661
2.382716 0.092661 2.384088 0.092661
2.384088 0.092661 2.384774 0.093849
2.384774 0.093849 2.385460 0.092661
2.385460 0.092661 2.386831 0.092661
2.386831 0.092661 2.387517 0.093849
2.387517 0.093849 2.386831 0.095037
2.386831 0.095037 2.388203 0.095037
2.388203 0.095037 2.388889 0.096225
2.388889 0.096225 2.388203 0.097413
2.388203 0.097413 2.386831 0.097413
2.386831 0.097413 2.387517 0.098601
2.387517 0.098601 2.386831 0.099789
2.386831 0.099789 2.385460 0.099789
2.385460 0.099789 2.384774 0.098601
2.384774 0.098601 2.384088 0.099789
2.384088 0.099789 2.382716 0.099789
2.382716 0.099789 2.383402 0.100977
2.383402 0.100977 2.382716 0.102165
2.382716 0.102165 2.384088 0.102165
2.384088 0.102165 2.384774 0.103353
2.384774 0.103353 2.384088 0.104541
2.384088 0.104541 2.382716 0.104541
2.382716 0.104541 2.383402 0.105729
2.383402 0.105729 2.382716 0.106917
2.382716 0.106917 2.381344 0.106917
2.381344 0.106917 2.380658 0.105729
2.380658 0.105729 2.379973 0.106917
2.379973 0.106917 2.378601 0.106917
2.378601 0.106917 2.377915 0.105729
2.377915 0.105729 2.378601 0.104541
2.378601 0.104541 2.377229 0.104541
2.377229 0.104541 2.376543 0.103353
2.376543 0.103353 2.375857 0.104541
2.375857 0.104541 2.374486 0.104541
2.374486 0.104541 2.375171 0.105729
2.375171 0.105729 2.374486 0.106917
2.374486 0.106917 2.373114 0.106917
2.373114 0.106917 2.372428 0.105729
2.372428 0.105729 2.371742 0.106917
2.371742 0.106917 2.370370 0.106917
2.370370 0.106917 2.371056 0.108105
2.371056 0.108105 2.370370 0.109293
2.370370 0.109293 2.371742 0.109293
2.371742 0.109293 2.372428 0.110481
2.372428 0.110481 2.371742 0.111669
2.371742 0.111669 2.370370 0.111669
2.370370 0.111669 2.371056 0.112857
2.371056 0.112857 2.370370 0.114044
2.370370 0.114044 2.371742 0.114044
2.371742 0.114044 2.372428 0.115232
2.372428 0.115232 2.373114 0.114044
2.373114 0.114044 2.374486 0.114044
2.374486 0.114044 2.375171 0.115232
2.375171 0.115232 2.374486 0.116420
2.374486 0.116420 2.375857 0.116420
2.375857 0.116420 2.376543 0.117608
2.376543 0.117608 2.375857 0.118796
2.375857 0.118796 2.374486 0.118796
2.374486 0.118796 2.375171 0.119984
2.375171 0.119984 2.374486 0.121172
2.374486 0.121172 2.373114 0.121172
2.373114 0.121172 2.372428 0.119984
2.372428 0.119984 2.371742 0.121172
2.371742 0.121172 2.370370 0.121172
2.370370 0.121172 2.371056 0.122360
2.371056 0.122360 2.370370 0.123548
2.370370 0.123548 2.371742 0.123548
2.371742 0.123548 2.372428 0.124736
2.372428 0.124736 2.371742 0.125924
2.371742 0.125924 2.370370 0.125924
2.370370 0.125924 2.371056 0.127112
2.371056 0.127112 2.370370 0.128300
2.370370 0.128300 2.368999 0.128300
2.368999 0.128300 2.368313 0.127112
2.368313 0.127112 2.367627 0.128300
2.367627 0.128300 2.366255 0.128300
2.366255 0.128300 2.365569 0.127112
2.365569 0.127112 2.366255 0.125924
2.366255 0.125924 2.364883 0.125924
2.364883 0.125924 2.364198 0.124736
2.364198 0.124736 2.363512 0.125924
2.363512 0.125924 2.362140 0.125924
2.362140 0.125924 2.362826 0.127112
2.362826 0.127112 2.362140 0.128300
2.362140 0.128300 2.360768 0.128300
2.360768 0.128300 2.360082 0.127112
2.360082 0.127112 2.359396 0.128300
2.359396 0.128300 2.358025 0.128300
2.358025 0.128300 2.357339 0.127112
2.357339 0.127112 2.358025 0.125924
2.358025 0.125924 2.356653 0.125924
2.356653 0.125924 2.355967 0.124736
2.355967 0.124736 2.356653 0.123548
2.356653 0.123548 2.358025 0.123548
2.358025 0.123548 2.357339 0.122360
2.357339 0.122360 2.358025 0.121172
2.358025 0.121172 2.356653 0.121172
2.356653 0.121172 2.355967 0.119984
2.355967 0.119984 2.355281 0.121172
2.355281 0.121172 2.353909 0.121172
2.353909 0.121172 2.353224 0.119984
2.353224 0.119984 2.353909 0.118796
2.353909 0.118796 2.352538 0.118796
2.352538 0.118796 2.351852 0.117608
2.351852 0.117608 2.351166 0.118796
2.351166 0.118796 2.349794 0.118796
2.349794 0.118796 2.350480 0.119984
2.350480 0.119984 2.349794 0.121172
2.349794 0.121172 2.348422 0.121172
2.348422 0.121172 2.347737 0.119984
2.347737 0.119984 2.347051 0.121172
2.347051 0.121172 2.345679 0.121172
2.345679 0.121172 2.346365 0.122360
2.346365 0.122360 2.345679 0.123548
2.345679 0.123548 2.347051 0.123548
2.347051 0.123548 2.347737 0.124736
2.347737 0.124736 2.347051 0.125924
2.347051 0.125924 2.345679 0.125924
2.345679 0.125924 2.346365 0.127112
2.346365 0.127112 2.345679 0.128300
2.345679 0.128300 2.344307 0.128300
2.344307 0.128300 2.343621 0.127112
2.343621 0.127112 2.342936 0.128300
2.342936 0.128300 2.341564 0.128300
2.341564 0.128300 2.340878 0.127112
2.340878 0.127112 2.341564 0.125924
2.341564 0.125924 2.340192 0.125924
2.340192 0.125924 2.339506 0.124736
2.339506 0.124736 2.338820 0.125924
2.338820 0.125924 2.337449 0.125924
2.337449 0.125924 2.338134 0.127112
2.338134 0.127112 2.337449 0.128300
2.337449 0.128300 2.336077 0.128300
2.336077 0.128300 2.335391 0.127112
2.335391 0.127112 2.334705 0.128300
2.334705 0.128300 2.333333 0.128300
2.333333 0.128300 2.334019 0.129488
2.334019 0.129488 2.333333 0.130676
2.333333 0.130676 2.334705 0.130676
2.334705 0.130676 2.335391 0.131864
2.335391 0.131864 2.334705 0.133052
2.334705 0.133052 2.333333 0.133052
2.333333 0.133052 2.334019 0.134240
2.334019 0.134240 2.333333 0.135428
2.333333 0.135428 2.334705 0.135428
2.334705 0.135428 2.335391 0.136616
2.335391 0.136616 2.336077 0.135428
2.336077 0.135428 2.337449 0.135428
2.337449 0.135428 2.338134 0.136616
2.338134 0.136616 2.337449 0.137804
2.337449 0.137804 2.338820 0.137804
2.338820 0.137804 2.339506 0.138992
2.339506 0.138992 2.338820 0.140180
2.338820 0.140180 2.337449 0.140180
2.337449 0.140180 2.338134 0.141368
2.338134 0.141368 2.337449 0.142556
2.337449 0.142556 2.336077 0.142556
2.336077 0.142556 2.335391 0.141368
2.335391 0.141368 2.334705 0.142556
2.334705 0.142556 2.333333 0.142556
2.333333 0.142556 2.334019 0.143744
2.334019 0.143744 2.333333 0.144932
2.333333 0.144932 2.334705 0.144932
2.334705 0.144932 2.335391 0.146120
2.335391 0.146120 2.334705 0.147307
2.334705 0.147307 2.333333 0.147307
2.333333 0.147307 2.334019 0.148495
2.334019 0.148495 2.333333 0.149683
2.333333 0.149683 2.334705 0.149683
2.334705 0.149683 2.335391 0.150871
2.335391 0.150871 2.336077 0.149683
2.336077 0.149683 2.337449 0.149683
2.337449 0.149683 2.338134 0.150871
2.338134 0.150871 2.337449 0.152059
2.337449 0.152059 2.338820 0.152059
2.338820 0.152059 2.339506 0.153247
2.339506 0.153247 2.340192 0.152059
2.340192 0.152059 2.341564 0.152059
2.341564 0.152059 2.340878 0.150871
2.340878 0.150871 2.341564 0.149683
2.341564 0.149683 2.342936 0.149683
2.342936 0.149683 2.343621 0.150871
2.343621 0.150871 2.344307 0.149683
2.344307 0.149683 2.345679 0.149683
2.345679 0.149683 2.346365 0.150871
2.346365 0.150871 2.345679 0.152059
2.345679 0.152059 2.347051 0.152059
2.347051 0.152059 2.347737 0.153247
2.347737 0.153247 2.347051 0.154435
2.347051 0.154435 2.345679 0.154435
2.345679 0.154435 2.346365 0.155623
2.346365 0.155623 2.345679 0.156811
2.345679 0.156811 2.347051 0.156811
2.347051 0.156811 2.347737 0.157999
2.347737 0.157999 2.348422 0.156811
2.348422 0.156811 2.349794 0.156811
2.349794 0.156811 2.350480 0.157999
2.350480 0.157999 2.349794 0.159187
2.349794 0.159187 2.351166 0.159187
2.351166 0.159187 2.351852 0.160375
2.351852 0.160375 2.351166 0.161563
2.351166 0.161563 2.349794 0.161563
2.349794 0.161563 2.350480 0.162751
2.350480 0.162751 2.349794 0.163939
2.349794 0.163939 2.348422 0.163939
2.348422 0.163939 2.347737 0.162751
2.347737 0.162751 2.347051 0.163939
2.347051 0.163939 2.345679 0.163939
2.345679 0.163939 2.346365 0.165127
2.346365 0.165127 2.345679 0.166315
2.345679 0.166315 2.347051 0.166315
2.347051 0.166315 2.347737 0.167503
2.347737 0.167503 2.347051 0.168691
2.347051 0.168691 2.345679 0.168691
2.345679 0.168691 2.346365 0.169879
2.346365 0.169879 2.345679 0.171067
2.345679 0.171067 2.344307 0.171067
2.344307 0.171067 2.343621 0.169879
2.343621 0.169879 2.342936 0.171067
2.342936 0.171067 2.341564 0.171067
2.341564 0.171067 2.340878 0.169879
2.340878 0.169879 2.341564 0.168691
2.341564 0.168691 2.340192 0.168691
2.340192 0.168691 2.339506 0.167503
2.339506 0.167503 2.338820 0.168691
2.338820 0.168691 2.337449 0.168691
2.337449 0.168691 2.338134 0.169879
2.338134 0.169879 2.337449 0.171067
2.337449 0.171067 2.336077 0.171067
2.336077 0.171067 2.335391 0.169879
2.335391 0.169879 2.334705 0.171067
2.334705 0.171067 2.333333 0.171067
2.333333 0.171067 2.334019 0.172255
2.334019 0.172255 2.333333 0.173443
2.333333 0.173443 2.334705 0.173443
2.334705 0.173443 2.335391 0.174631
2.335391 0.174631 2.334705 0.175819
2.334705 0.175819 2.333333 0.175819
2.333333 0.175819 2.334019 0.177007
2.334019 0.177007 2.333333 0.178195
2.333333 0.178195 2.334705 0.178195
2.334705 0.178195 2.335391 0.179382
2.335391 0.179382 2.336077 0.178195
2.336077 0.178195 2.337449 0.178195
2.337449 0.178195 2.338134 0.179382
2.338134 0.179382 2.337449 0.180570
2.337449 0.180570 2.338820 0.180570
2.338820 0.180570 2.339506 0.181758
2.339506 0.181758 2.338820 0.182946
2.338820 0.182946 2.337449 0.182946
2.337449 0.182946 2.338134 0.184134
2.338134 0.184134 2.337449 0.185322
2.337449 0.185322 2.336077 0.185322
2.336077 0.185322 2.335391 0.184134
2.335391 0.184134 2.334705 0.185322
2.334705 0.185322 2.333333 0.185322
2.333333 0.185322 2.334019 0.186510
2.334019 0.186510 2.333333 0.187698
2.333333 0.187698 2.334705 0.187698
2.334705 0.187698 2.335391 0.188886
2.335391 0.188886 2.334705 0.190074
2.334705 0.190074 2.333333 0.190074
2.333333 0.190074 2.334019 0.191262
2.334019 0.191262 2.333333 0.192450
2.333333 0.192450 2.334705 0.192450
2.334705 0.192450 2.335391 0.193638
2.335391 0.193638 2.336077 0.192450
2.336077 0.192450 2.337449 0.192450
2.337449 0.192450 2.338134 0.193638
2.338134 0.193638 2.337449 0.194826
2.337449 0.194826 2.338820 0.194826
2.338820 0.194826 2.339506 0.196014
2.339506 0.196014 2.340192 0.194826
2.340192 0.194826 2.341564 0.194826
2.341564 0.194826 2.340878 0.193638
2.340878 0.193638 2.341564 0.192450
2.341564 0.192450 2.342936 0.192450
2.342936 0.192450 2.343621 0.193638
2.343621 0.193638 2.344307 0.192450
2.344307 0.192450 2.345679 0.192450
2.345679 0.192450 2.346365 0.193638
2.346365 0.193638 2.345679 0.194826
2.345679 0.194826 2.347051 0.194826
2.347051 0.194826 2.347737 0.196014
2.347737 0.196014 2.347051 0.197202
2.347051 0.197202 2.345679 0.197202
2.345679 0.197202 2.346365 0.198390
2.346365 0.198390 2.345679 0.199578
2.345679 0.199578 2.347051 0.199578
2.347051 0.199578 2.347737 0.200766
2.347737 0.200766 2.348422 0.199578
2.348422 0.199578 2.349794 0.199578
2.349794 0.199578 2.350480 0.200766
2.350480 0.200766 2.349794 0.201954
2.349794 0.201954 2.351166 0.201954
2.351166 0.201954 2.351852 0.203142
2.351852 0.203142 2.352538 0.201954
2.352538 0.201954 2.353909 0.201954
2.353909 0.201954 2.353224 0.200766
2.353224 0.200766 2.353909 0.199578
2.353909 0.199578 2.355281 0.199578
2.355281 0.199578 2.355967 0.200766
2.355967 0.200766 2.356653 0.199578
2.356653 0.199578 2.358025 0.199578
2.358025 0.199578 2.357339 0.198390
2.357339 0.198390 2.358025 0.197202
2.358025 0.197202 2.356653 0.197202
2.356653 0.197202 2.355967 0.196014
2.355967 0.196014 2.356653 0.194826
2.356653 0.194826 2.358025 0.194826
2.358025 0.194826 2.357339 0.193638
2.357339 0.193638 2.358025 0.192450
2.358025 0.192450 2.359396 0.192450
2.359396 0.192450 2.360082 0.193638
2.360082 0.193638 2.360768 0.192450
2.360768 0.192450 2.362140 0.192450
2.362140 0.192450 2.362826 0.193638
2.362826 0.193638 2.362140 0.194826
2.362140 0.194826 2.363512 0.194826
2.363512 0.194826 2.364198 0.196014
2.364198 0.196014 2.364883 0.194826
2.364883 0.194826 2.366255 0.194826
2.366255 0.194826 2.365569 0.193638
2.365569 0.193638 2.366255 0.192450
2.366255 0.192450 2.367627 0.192450
2.367627 0.192450 2.368313 0.193638
2.368313 0.193638 2.368999 0.192450
2.368999 0.192450 2.370370 0.192450
2.370370 0.192450 2.371056 0.193638
2.371056 0.193638 2.370370 0.194826
2.370370 0.194826 2.371742 0.194826
2.371742 0.194826 2.372428 0.196014
2.372428 0.196014 2.371742 0.197202
2.371742 0.197202 2.370370 0.197202
2.370370 0.197202 2.371056 0.198390
2.371056 0.198390 2.370370 0.199578
2.370370 0.199578 2.371742 0.199578
2.371742 0.199578 2.372428 0.200766
2.372428 0.200766 2.373114 0.199578
2.373114 0.199578 2.374486 0.199578
2.374486 0.199578 2.375171 0.200766
2.375171 0.200766 2.374486 0.201954
2.374486 0.201954 2.375857 0.201954
2.375857 0.201954 2.376543 0.203142
2.376543 0.203142 2.375857 0.204330
2.375857 0.204330 2.374486 0.204330
2.374486 0.204330 2.375171 0.205518
2.375171 0.205518 2.374486 0.206706
2.374486 0.206706 2.373114 0.206706
2.373114 0.206706 2.372428 0.205518
2.372428 0.205518 2.371742 0.206706
2.371742 0.206706 2.370370 0.206706
2.370370 0.206706 2.371056 0.207894
2.371056 0.207894 2.370370 0.209082
2.370370 0.209082 2.371742 0.209082
2.371742 0.209082 2.372428 0.210270
2.372428 0.210270 2.371742 0.211458
2.371742 0.211458 2.370370 0.211458
2.370370 0.211458 2.371056 0.212645
2.371056 0.212645 2.370370 0.213833
2.370370 0.213833 2.371742 0.213833
2.371742 0.213833 2.372428 0.215021
2.372428 0.215021 2.373114 0.213833
2.373114 0.213833 2.374486 0.213833
2.374486 0.213833 2.375171 0.215021
2.375171 0.215021 2.374486 0.216209
2.374486 0.216209 2.375857 0.216209
2.375857 0.216209 2.376543 0.217397
2.376543 0.217397 2.377229 0.216209
2.377229 0.216209 2.378601 0.216209
2.378601 0.216209 2.377915 0.215021
2.377915 0.215021 2.378601 0.213833
2.378601 0.213833 2.379973 0.213833
2.379973 0.213833 2.380658 0.215021
2.380658 0.215021 2.381344 0.213833
2.381344 0.213833 2.382716 0.213833
2.382716 0.213833 2.383402 0.215021
2.383402 0.215021 2.382716 0.216209
2.382716 0.216209 2.384088 0.216209
2.384088 0.216209 2.384774 0.217397
2.384774 0.217397 2.384088 0.218585
2.384088 0.218585 2.382716 0.218585
2.382716 0.218585 2.383402 0.219773
2.383402 0.219773 2.382716 0.220961
2.382716 0.220961 2.384088 0.220961
2.384088 0.220961 2.384774 0.222149
2.384774 0.222149 2.385460 0.220961
2.385460 0.220961 2.386831 0.220961
2.386831 0.220961 2.387517 0.222149
2.387517 0.222149 2.386831 0.223337
2.386831 0.223337 2.388203 0.223337
2.388203 0.223337 2.388889 0.224525
2.388889 0.224525 2.389575 0.223337
2.389575 0.223337 2.390947 0.223337
2.390947 0.223337 2.390261 0.222149
2.390261 0.222149 2.390947 0.220961
2.390947 0.220961 2.392318 0.220961
2.392318 0.220961 2.393004 0.222149
2.393004 0.222149 2.393690 0.220961
2.393690 0.220961 2.395062 0.220961
2.395062 0.220961 2.394376 0.219773
2.394376 0.219773 2.395062 0.218585
2.395062 0.218585 2.393690 0.218585
2.393690 0.218585 2.393004 0.217397
2.393004 0.217397 2.393690 0.216209
2.393690 0.216209 2.395062 0.216209
2.395062 0.216209 2.394376 0.215021
2.394376 0.215021 2.395062 0.213833
2.395062 0.213833 2.396433 0.213833
2.396433 0.213833 2.397119 0.215021
2.397119 0.215021 2.397805 0.213833
2.397805 0.213833 2.399177 0.213833
2.399177 0.213833 2.399863 0.215021
2.399863 0.215021 2.399177 0.216209
2.399177 0.216209 2.400549 0.216209
2.400549 0.216209 2.401235 0.217397
2.401235 0.217397 2.401920 0.216209
2.401920 0.216209 2.403292 0.216209
2.403292 0.216209 2.402606 0.215021
2.402606 0.215021 2.403292 0.213833
2.403292 0.213833 2.404664 0.213833
2.404664 0.213833 2.405350 0.215021
2.405350 0.215021 2.406036 0.213833
2.406036 0.213833 2.407407 0.213833
2.407407 0.213833 2.406722 0.212645
2.406722 0.212645 2.407407 0.211458
2.407407 0.211458 2.406036 0.211458
2.406036 0.211458 2.405350 0.210270
2.405350 0.210270 2.406036 0.209082
2.406036 0.209082 2.407407 0.209082
2.407407 0.209082 2.406722 0.207894
2.406722 0.207894 2.407407 0.206706
2.407407 0.206706 2.406036 0.206706
2.406036 0.206706 2.405350 0.205518
2.405350 0.205518 2.404664 0.206706
2.404664 0.206706 2.403292 0.206706
2.403292 0.206706 2.402606 0.205518
2.402606 0.205518 2.403292 0.204330
2.403292 0.204330 2.401920 0.204330
2.401920 0.204330 2.401235 0.203142
2.401235 0.203142 2.401920 0.201954
2.401920 0.201954 2.403292 0.201954
2.403292 0.201954 2.402606 0.200766
2.402606 0.200766 2.403292 0.199578
2.403292 0.199578 2.404664 0.199578
2.404664 0.199578 2.405350 0.200766
2.405350 0.200766 2.406036 0.199578
2.406036 0.199578 2.407407 0.199578
2.407407 0.199578 2.406722 0.198390
2.406722 0.198390 2.407407 0.197202
2.407407 0.197202 2.406036 0.197202
2.406036 0.197202 2.405350 0.196014
2.405350 0.196014 2.406036 0.194826
2.406036 0.194826 2.407407 0.194826
2.407407 0.194826 2.406722 0.193638
2.406722 0.193638 2.407407 0.192450
2.407407 0.192450 2.408779 0.192450
2.408779 0.192450 2.409465 0.193638
2.409465 0.193638 2.410151 0.192450
2.410151 0.192450 2.411523 0.192450
2.411523 0.192450 2.412209 0.193638
2.412209 0.193638 2.411523 0.194826
2.411523 0.194826 2.412894 0.194826
2.412894 0.194826 2.413580 0.196014
2.413580 0.196014 2.414266 0.194826
2.414266 0.194826 2.415638 0.194826
2.415638 0.194826 2.414952 0.193638
2.414952 0.193638 2.415638 0.192450
2.415638 0.192450 2.417010 0.192450
2.417010 0.192450 2.417695 0.193638
2.417695 0.193638 2.418381 0.192450
2.418381 0.192450 2.419753 0.192450
2.419753 0.192450 2.420439 0.193638
2.420439 0.193638 2.419753 0.194826
2.419753 0.194826 2.421125 0.194826
2.421125 0.194826 2.421811 0.196014
2.421811 0.196014 2.421125 0.197202
2.421125 0.197202 2.419753 0.197202
2.419753 0.197202 2.420439 0.198390
2.420439 0.198390 2.419753 0.199578
2.419753 0.199578 2.421125 0.199578
2.421125 0.199578 2.421811 0.200766
2.421811 0.200766 2.422497 0.199578
2.422497 0.199578 2.423868 0.199578
2.423868 0.199578 2.424554 0.200766
2.424554 0.200766 2.423868 0.201954
2.423868 0.201954 2.425240 0.201954
2.425240 0.201954 2.425926 0.203142
2.425926 0.203142 2.426612 0.201954
2.426612 0.201954 2.427984 0.201954
2.427984 0.201954 2.427298 0.200766
2.427298 0.200766 2.427984 0.199578
2.427984 0.199578 2.429355 0.199578
2.429355 0.199578 2.430041 0.200766
2.430041 0.200766 2.430727 0.199578
2.430727 0.199578 2.432099 0.199578
2.432099 0.199578 2.431413 0.198390
2.431413 0.198390 2.432099 0.197202
2.432099 0.197202 2.430727 0.197202
2.430727 0.197202 2.430041 0.196014
2.430041 0.196014 2.430727 0.194826
2.430727 0.194826 2.432099 0.194826
2.432099 0.194826 2.431413 0.193638
2.431413 0.193638 2.432099 0.192450
2.432099 0.192450 2.433471 0.192450
2.433471 0.192450 2.434156 0.193638
2.434156 0.193638 2.434842 0.192450
2.434842 0.192450 2.436214 0.192450
2.436214 0.192450 2.436900 0.193638
2.436900 0.193638 2.436214 0.194826
2.436214 0.194826 2.437586 0.194826
2.437586 0.194826 2.438272 0.196014
2.438272 0.196014 2.438957 0.194826
2.438957 0.194826 2.440329 0.194826
2.440329 0.194826 2.439643 0.193638
2.439643 0.193638 2.440329 0.192450
2.440329 0.192450 2.441701 0.192450
2.441701 0.192450 2.442387 0.193638
2.442387 0.193638 2.443073 0.192450
2.443073 0.192450 2.444444 0.192450
2.444444 0.192450 2.445130 0.193638
2.445130 0.193638 2.444444 0.194826
2.444444 0.194826 2.445816 0.194826
2.445816 0.194826 2.446502 0.196014
2.446502 0.196014 2.445816 0.197202
2.445816 0.197202 2.444444 0.197202
2.444444 0.197202 2.445130 0.198390
2.445130 0.198390 2.444444 0.199578
2.444444 0.199578 2.445816 0.199578
2.445816 0.199578 2.446502 0.200766
2.446502 0.200766 2.447188 0.199578
2.447188 0.199578 2.448560 0.199578
2.448560 0.199578 2.449246 0.200766
2.449246 0.200766 2.448560 0.201954
2.448560 0.201954 2.449931 0.201954
2.449931 0.201954 2.450617 0.203142
2.450617 0.203142 2.449931 0.204330
2.449931 0.204330 2.448560 0.204330
2.448560 0.204330 2.449246 0.205518
2.449246 0.205518 2.448560 0.206706
2.448560 0.206706 2.447188 0.206706
2.447188 0.206706 2.446502 0.205518
2.446502 0.205518 2.445816 0.206706
2.445816 0.206706 2.444444 0.206706
2.444444 0.206706 2.445130 0.207894
2.445130 0.207894 2.444444 0.209082
2.444444 0.209082 2.445816 0.209082
2.445816 0.209082 2.446502 0.210270
2.446502 0.210270 2.445816 0.211458
2.445816 0.211458 2.444444 0.211458
2.444444 0.211458 2.445130 0.212645
2.445130 0.212645 2.444444 0.213833
2.444444 0.213833 2.445816 0.213833
2.445816 0.213833 2.446502 0.215021
2.446502 0.215021 2.447188 0.213833
2.447188 0.213833 2.448560 0.213833
2.448560 0.213833 2.449246 0.215021
2.449246 0.215021 2.448560 0.216209
2.448560 0.216209 2.449931 0.216209
2.449931 0.216209 2.450617 0.217397
2.450617 0.217397 2.451303 0.216209
2.451303 0.216209 2.452675 0.216209
2.452675 0.216209 2.451989 0.215021
2.451989 0.215021 2.452675 0.213833
2.452675 0.213833 2.454047 0.213833
2.454047 0.213833 2.454733 0.215021
2.454733 0.215021 2.455418 0.213833
2.455418 0.213833 2.456790 0.213833
2.456790 0.213833 2.457476 0.215021
2.457476 0.215021 2.456790 0.216209
2.456790 0.216209 2.458162 0.216209
2.458162 0.216209 2.458848 0.217397
2.458848 0.217397 2.458162 0.218585
2.458162 0.218585 2.456790 0.218585
2.456790 0.218585 2.457476 0.219773
2.457476 0.219773 2.456790 0.220961
2.456790 0.220961 2.458162 0.220961
2.458162 0.220961 2.458848 0.222149
2.458848 0.222149 2.459534 0.220961
2.459534 0.220961 2.460905 0.220961
2.460905 0.220961 2.461591 0.222149
2.461591 0.222149 2.460905 0.223337
2.460905 0.223337 2.462277 0.223337
2.462277 0.223337 2.462963 0.224525
2.462963 0.224525 2.462277 0.225713
2.462277 0.225713 2.460905 0.225713
2.460905 0.225713 2.461591 0.226901
2.461591 0.226901 2.460905 0.228089
2.460905 0.228089 2.459534 0.228089
2.459534 0.228089 2.458848 0.226901
2.458848 0.226901 2.458162 0.228089
2.458162 0.228089 2.456790 0.228089
2.456790 0.228089 2.457476 0.229277
2.457476 0.229277 2.456790 0.230465
2.456790 0.230465 2.458162 0.230465
2.458162 0.230465 2.458848 0.231653
2.458848 0.231653 2.458162 0.232841
2.458162 0.232841 2.456790 0.232841
2.456790 0.232841 2.457476 0.234029
2.457476 0.234029 2.456790 0.235217
2.456790 0.235217 2.455418 0.235217
2.455418 0.235217 2.454733 0.234029
2.454733 0.234029 2.454047 0.235217
2.454047 0.235217 2.452675 0.235217
2.452675 0.235217 2.451989 0.234029
2.451989 0.234029 2.452675 0.232841
2.452675 0.232841 2.451303 0.232841
2.451303 0.232841 2.450617 0.231653
2.450617 0.231653 2.449931 0.232841
2.449931 0.232841 2.448560 0.232841
2.448560 0.232841 2.449246 0.234029
2.449246 0.234029 2.448560 0.235217
2.448560 0.235217 2.447188 0.235217
2.447188 0.235217 2.446502 0.234029
2.446502 0.234029 2.445816 0.235217
2.445816 0.235217 2.444444 0.235217
2.444444 0.235217 2.445130 0.236405
2.445130 0.236405 2.444444 0.237593
2.444444 0.237593 2.445816 0.237593
2.445816 0.237593 2.446502 0.238781
2.446502 0.238781 2.445816 0.239969
2.445816 0.239969 2.444444 0.239969
2.444444 0.239969 2.445130 0.241157
2.445130 0.241157 2.444444 0.242345
2.444444 0.242345 2.445816 0.242345
2.445816 0.242345 2.446502 0.243533
2.446502 0.243533 2.447188 0.242345
2.447188 0.242345 2.448560 0.242345
2.448560 0.242345 2.449246 0.243533
2.449246 0.243533 2.448560 0.244720
2.448560 0.244720 2.449931 0.244720
2.449931 0.244720 2.450617 0.245908
2.450617 0.245908 2.449931 0.247096
2.449931 0.247096 2.448560 0.247096
2.448560 0.247096 2.449246 0.248284
2.449246 0.248284 2.448560 0.249472
2.448560 0.249472 2.447188 0.249472
2.447188 0.249472 2.446502 0.248284
2.446502 0.248284 2.445816 0.249472
2.445816 0.249472 2.444444 0.249472
2.444444 0.249472 2.445130 0.250660
2.445130 0.250660 2.444444 0.251848
2.444444 0.251848 2.445816 0.251848
2.445816 0.251848 2.446502 0.253036
2.446502 0.253036 2.445816 0.254224
2.445816 0.254224 2.444444 0.254224
2.444444 0.254224 2.445130 0.255412
2.445130 0.255412 2.444444 0.256600
2.444444 0.256600 2.445816 0.256600
2.445816 0.256600 2.446502 0.257788
2.446502 0.257788 2.447188 0.256600
2.447188 0.256600 2.448560 0.256600
2.448560 0.256600 2.449246 0.257788
2.449246 0.257788 2.448560 0.258976
2.448560 0.258976 2.449931 0.258976
2.449931 0.258976 2.450617 0.260164
2.450617 0.260164 2.451303 0.258976
2.451303 0.258976 2.452675 0.258976
2.452675 0.258976 2.451989 0.257788
2.451989 0.257788 2.452675 0.256600
2.452675 0.256600 2.454047 0.256600
2.454047 0.256600 2.454733 0.257788
2.454733 0.257788 2.455418 0.256600
2.455418 0.256600 2.456790 0.256600
2.456790 0.256600 2.457476 0.257788
2.457476 0.257788 2.456790 0.258976
2.456790 0.258976 2.458162 0.258976
2.458162 0.258976 2.458848 0.260164
2.458848 0.260164 2.458162 0.261352
2.458162 0.261352 2.456790 0.261352
2.456790 0.261352 2.457476 0.262540
2.457476 0.262540 2.456790 0.263728
2.456790 0.263728 2.458162 0.263728
2.458162 0.263728 2.458848 0.264916
2.458848 0.264916 2.459534 0.263728
2.459534 0.263728 2.460905 0.263728
2.460905 0.263728 2.461591 0.264916
2.461591 0.264916 2.460905 0.266104
2.460905 0.266104 2.462277 0.266104
2.462277 0.266104 2.462963 0.267292
2.462963 0.267292 2.463649 0.266104
2.463649 0.266104 2.465021 0.266104
2.465021 0.266104 2.464335 0.264916
2.464335 0.264916 2.465021 0.263728
2.465021 0.263728 2.466392 0.263728
2.466392 0.263728 2.467078 0.264916
2.467078 0.264916 2.467764 0.263728
2.467764 0.263728 2.469136 0.263728
2.469136 0.263728 2.468450 0.262540
2.468450 0.262540 2.469136 0.261352
2.469136 0.261352 2.467764 0.261352
2.467764 0.261352 2.467078 0.260164
2.467078 0.260164 2.467764 0.258976
2.467764 0.258976 2.469136 0.258976
2.469136 0.258976 2.468450 0.257788
2.468450 0.257788 2.469136 0.256600
2.469136 0.256600 2.470508 0.256600
2.470508 0.256600 2.471193 0.257788
2.471193 0.257788 2.471879 0.256600
2.471879 0.256600 2.473251 0.256600
2.473251 0.256600 2.473937 0.257788
2.473937 0.257788 2.473251 0.258976
2.473251 0.258976 2.474623 0.258976
2.474623 0.258976 2.475309 0.260164
2.475309 0.260164 2.475995 0.258976
2.475995 0.258976 2.477366 0.258976
2.477366 0.258976 2.476680 0.257788
2.476680 0.257788 2.477366 0.256600
2.477366 0.256600 2.478738 0.256600
2.478738 0.256600 2.479424 0.257788
2.479424 0.257788 2.480110 0.256600
2.480110 0.256600 2.481481 0.256600
2.481481 0.256600 2.482167 0.257788
2.482167 0.257788 2.481481 0.258976
2.481481 0.258976 2.482853 0.258976
2.482853 0.258976 2.483539 0.260164
2.483539 0.260164 2.482853 0.261352
2.482853 0.261352 2.481481 0.261352
2.481481 0.261352 2.482167 0.262540
2.482167 0.262540 2.481481 0.263728
2.481481 0.263728 2.482853 0.263728
2.482853 0.263728 2.483539 0.264916
2.483539 0.264916 2.484225 0.263728
2.484225 0.263728 2.485597 0.263728
2.485597 0.263728 2.486283 0.264916
2.486283 0.264916 2.485597 0.266104
2.485597 0.266104 2.486968 0.266104
2.486968 0.266104 2.487654 0.267292
2.487654 0.267292 2.486968 0.268480
2.486968 0.268480 2.485597 0.268480
2.485597 0.268480 2.486283 0.269668
2.486283 0.269668 2.485597 0.270856
2.485597 0.270856 2.484225 0.270856
2.484225 0.270856 2.483539 0.269668
2.483539 0.269668 2.482853 0.270856
2.482853 0.270856 2.481481 0.270856
2.481481 0.270856 2.482167 0.272044
2.482167 0.272044 2.481481 0.273232
2.481481 0.273232 2.482853 0.273232
2.482853 0.273232 2.483539 0.274420
2.483539 0.274420 2.482853 0.275608
2.482853 0.275608 2.481481 0.275608
2.481481 0.275608 2.482167 0.276795
2.482167 0.276795 2.481481 0.277983
2.481481 0.277983 2.482853 0.277983
2.482853 0.277983 2.483539 0.279171
2.483539 0.279171 2.484225 0.277983
2.484225 0.277983 2.485597 0.277983
2.485597 0.277983 2.486283 0.279171
2.486283 0.279171 2.485597 0.280359
2.485597 0.280359 2.486968 0.280359
2.486968 0.280359 2.487654 0.281547
2.487654 0.281547 2.488340 0.280359
2.488340 0.280359 2.489712 0.280359
2.489712 0.280359 2.489026 0.279171
2.489026 0.279171 2.489712 0.277983
2.489712 0.277983 2.491084 0.277983
2.491084 0.277983 2.491770 0.279171
2.491770 0.279171 2.492455 0.277983
2.492455 0.277983 2.493827 0.277983
2.493827 0.277983 2.494513 0.279171
2.494513 0.279171 2.493827 0.280359
2.493827 0.280359 2.495199 0.280359
2.495199 0.280359 2.495885 0.281547
2.495885 0.281547 2.495199 0.282735
2.495199 0.282735 2.493827 0.282735
2.493827 0.282735 2.494513 0.283923
2.494513 0.283923 2.493827 0.285111
2.493827 0.285111 2.495199 0.285111
2.495199 0.285111 2.495885 0.286299
2.495885 0.286299 2.496571 0.285111
2.496571 0.285111 2.497942 0.285111
2.497942 0.285111 2.498628 0.286299
2.498628 0.286299 2.497942 0.287487
2.497942 0.287487 2.499314 0.287487
2.499314 0.287487 2.500000 0.288675
2.500000 0.288675 2.500686 0.287487
2.500686 0.287487 2.502058 0.287487
2.502058 0.287487 2.501372 0.286299
2.501372 0.286299 2.502058 0.285111
2.502058 0.285111 2.503429 0.285111
2.503429 0.285111 2.504115 0.286299
2.504115 0.286299 2.504801 0.285111
2.504801 0.285111 2.506173 0.285111
2.506173 0.285111 2.505487 0.283923
2.505487 0.283923 2.506173 0.282735
2.506173 0.282735 2.504801 0.282735
2.504801 0.282735 2.504115 0.281547
2.504115 0.281547 2.504801 0.280359
2.504801 0.280359 2.506173 0.280359
2.506173 0.280359 2.505487 0.279171
2.505487 0.279171 2.506173 0.277983
2.506173 0.277983 2.507545 0.277983
2.507545 0.277983 2.508230 0.279171
2.508230 0.279171 2.508916 0.277983
2.508916 0.277983 2.510288 0.277983
2.510288 0.277983 2.510974 0.279171
2.510974 0.279171 2.510288 0.280359
2.510288 0.280359 2.511660 0.280359
2.511660 0.280359 2.512346 0.281547
2.512346 0.281547 2.513032 0.280359
2.513032 0.280359 2.514403 0.280359
2.514403 0.280359 2.513717 0.279171
2.513717 0.279171 2.514403 0.277983
2.514403 0.277983 2.515775 0.277983
2.515775 0.277983 2.516461 0.279171
2.516461 0.279171 2.517147 0.277983
2.517147 0.277983 2.518519 0.277983
2.518519 0.277983 2.517833 0.276795
2.517833 0.276795 2.518519 0.275608
2.518519 0.275608 2.517147 0.275608
2.517147 0.275608 2.516461 0.274420
2.516461 0.274420 2.517147 0.273232
2.517147 0.273232 2.518519 0.273232
2.518519 0.273232 2.517833 0.272044
2.517833 0.272044 2.518519 0.270856
2.518519 0.270856 2.517147 0.270856
2.517147 0.270856 2.516461 0.269668
2.516461 0.269668 2.515775 0.270856
2.515775 0.270856 2.514403 0.270856
2.514403 0.270856 2.513717 0.269668
2.513717 0.269668 2.514403 0.268480
2.514403 0.268480 2.513032 0.268480
2.513032 0.268480 2.512346 0.267292
2.512346 0.267292 2.513032 0.266104
2.513032 0.266104 2.514403 0.266104
2.514403 0.266104 2.513717 0.264916
2.513717 0.264916 2.514403 0.263728
2.514403 0.263728 2.515775 0.263728
2.515775 0.263728 2.516461 0.264916
2.516461 0.264916 2.517147 0.263728
2.517147 0.263728 2.518519 0.263728
2.518519 0.263728 2.517833 0.262540
2.517833 0.262540 2.518519 0.261352
2.518519 0.261352 2.517147 0.261352
2.517147 0.261352 2.516461 0.260164
2.516461 0.260164 2.517147 0.258976
2.517147 0.258976 2.518519 0.258976
2.518519 0.258976 2.517833 0.257788
2.517833 0.257788 2.518519 0.256600
2.518519 0.256600 2.519890 0.256600
2.519890 0.256600 2.520576 0.257788
2.520576 0.257788 2.521262 0.256600
2.521262 0.256600 2.522634 0.256600
2.522634 0.256600 2.523320 0.257788
2.523320 0.257788 2.522634 0.258976
2.522634 0.258976 2.524005 0.258976
2.524005 0.258976 2.524691 0.260164
2.524691 0.260164 2.525377 0.258976
2.525377 0.258976 2.526749 0.258976
2.526749 0.258976 2.526063 0.257788
2.526063 0.257788 2.526749 0.256600
2.526749 0.256600 2.528121 0.256600
2.528121 0.256600 2.528807 0.257788
2.528807 0.257788 2.529492 0.256600
2.529492 0.256600 2.530864 0.256600
2.530864 0.256600 2.531550 0.257788
2.531550 0.257788 2.530864 0.258976
2.530864 0.258976 2.532236 0.258976
2.532236 0.258976 2.532922 0.260164
2.532922 0.260164 2.532236 0.261352
2.532236 0.261352 2.530864 0.261352
2.530864 0.261352 2.531550 0.262540
2.531550 0.262540 2.530864 0.263728
2.530864 0.263728 2.532236 0.263728
2.532236 0.263728 2.532922 0.264916
2.532922 0.264916 2.533608 0.263728
2.533608 0.263728 2.534979 0.263728
2.534979 0.263728 2.535665 0.264916
2.535665 0.264916 2.534979 0.266104
2.534979 0.266104 2.536351 0.266104
2.536351 0.266104 2.537037 0.267292
2.537037 0.267292 2.537723 0.266104
2.537723 0.266104 2.539095 0.266104
2.539095 0.266104 2.538409 0.264916
2.538409 0.264916 2.539095 0.263728
2.539095 0.263728 2.540466 0.263728
2.540466 0.263728 2.541152 0.264916
2.541152 0.264916 2.541838 0.263728
2.541838 0.263728 2.543210 0.263728
2.543210 0.263728 2.542524 0.262540
2.542524 0.262540 2.543210 0.261352
2.543210 0.261352 2.541838 0.261352
2.541838 0.261352 2.541152 0.260164
2.541152 0.260164 2.541838 0.258976
2.541838 0.258976 2.543210 0.258976
2.543210 0.258976 2.542524 0.257788
2.542524 0.257788 2.543210 0.256600
2.543210 0.256600 2.544582 0.256600
2.544582 0.256600 2.545267 0.257788
2.545267 0.257788 2.545953 0.256600
2.545953 0.256600 2.547325 0.256600
2.547325 0.256600 2.548011 0.257788
2.548011 0.257788 2.547325 0.258976
2.547325 0.258976 2.548697 0.258976
2.548697 0.258976 2.549383 0.260164
2.549383 0.260164 2.550069 0.258976
2.550069 0.258976 2.551440 0.258976
2.551440 0.258976 2.550754 0.257788
2.550754 0.257788 2.551440 0.256600
2.551440 0.256600 2.552812 0.256600
2.552812 0.256600 2.553498 0.257788
2.553498 0.257788 2.554184 0.256600
2.554184 0.256600 2.555556 0.256600
2.555556 0.256600 2.554870 0.255412
2.554870 0.255412 2.555556 0.254224
2.555556 0.254224 2.554184 0.254224
2.554184 0.254224 2.553498 0.253036
2.553498 0.253036 2.554184 0.251848
2.554184 0.251848 2.555556 0.251848
2.555556 0.251848 2.554870 0.250660
2.554870 0.250660 2.555556 0.249472
2.555556 0.249472 2.554184 0.249472
2.554184 0.249472 2.553498 0.248284
2.553498 0.248284 2.552812 0.249472
2.552812 0.249472 2.551440 0.249472
2.551440 0.249472 2.550754 0.248284
2.550754 0.248284 2.551440 0.247096
2.551440 0.247096 2.550069 0.247096
2.550069 0.247096 2.549383 0.245908
2.549383 0.245908 2.550069 0.244720
2.550069 0.244720 2.551440 0.244720
2.551440 0.244720 2.550754 0.243533
2.550754 0.243533 2.551440 0.242345
2.551440 0.242345 2.552812 0.242345
2.552812 0.242345 2.553498 0.243533
2.553498 0.243533 2.554184 0.242345
2.554184 0.242345 2.555556 0.242345
2.555556 0.242345 2.554870 0.241157
2.554870 0.241157 2.555556 0.239969
2.555556 0.239969 2.554184 0.239969
2.554184 0.239969 2.553498 0.238781
2.553498 0.238781 2.554184 0.237593
2.554184 0.237593 2.555556 0.237593
2.555556 0.237593 2.554870 0.236405
2.554870 0.236405 2.555556 0.235217
2.555556 0.235217 2.554184 0.235217
2.554184 0.235217 2.553498 0.234029
2.553498 0.234029 2.552812 0.235217
2.552812 0.235217 2.551440 0.235217
2.551440 0.235217 2.550754 0.234029
2.550754 0.234029 2.551440 0.232841
2.551440 0.232841 2.550069 0.232841
2.550069 0.232841 2.549383 0.231653
2.549383 0.231653 2.548697 0.232841
2.548697 0.232841 2.547325 0.232841
2.547325 0.232841 2.548011 0.234029
2.548011 0.234029 2.547325 0.235217
2.547325 0.235217 2.545953 0.235217
2.545953 0.235217 2.545267 0.234029
2.545267 0.234029 2.544582 0.235217
2.544582 0.235217 2.543210 0.235217
2.543210 0.235217 2.542524 0.234029
2.542524 0.234029 2.543210 0.232841
2.543210 0.232841 2.541838 0.232841
2.541838 0.232841 2.541152 0.231653
2.541152 0.231653 2.541838 0.230465
2.541838 0.230465 2.543210 0.230465
2.543210 0.230465 2.542524 0.229277
2.542524 0.229277 2.543210 0.228089
2.543210 0.228089 2.541838 0.228089
2.541838 0.228089 2.541152 0.226901
2.541152 0.226901 2.540466 0.228089
2.540466 0.228089 2.539095 0.228089
2.539095 0.228089 2.538409 0.226901
2.538409 0.226901 2.539095 0.225713
2.539095 0.225713 2.537723 0.225713
2.537723 0.225713 2.537037 0.224525
2.537037 0.224525 2.537723 0.223337
2.537723 0.223337 2.539095 0.223337
2.539095 0.223337 2.538409 0.222149
2.538409 0.222149 2.539095 0.220961
2.539095 0.220961 2.540466 0.220961
2.540466 0.220961 2.541152 0.222149
2.541152 0.222149 2.541838 0.220961
2.541838 0.220961 2.543210 0.220961
2.543210 0.220961 2.542524 0.219773
2.542524 0.219773 2.543210 0.218585
2.543210 0.218585 2.541838 0.218585
2.541838 0.218585 2.541152 0.217397
2.541152 0.217397 2.541838 0.216209
2.541838 0.216209 2.543210 0.216209
2.543210 0.216209 2.542524 0.215021
2.542524 0.215021 2.543210 0.213833
2.543210 0.213833 2.544582 0.213833
2.544582 0.213833 2.545267 0.215021
2.545267 0.215021 2.545953 0.213833
2.545953 0.213833 2.547325 0.213833
2.547325 0.213833 2.548011 0.215021
2.548011 0.215021 2.547325 0.216209
2.547325 0.216209 2.548697 0.216209
2.548697 0.216209 2.549383 0.217397
2.549383 0.217397 2.550069 0.216209
2.550069 0.216209 2.551440 0.216209
2.551440 0.216209 2.550754 0.215021
2.550754 0.215021 2.551440 0.213833
2.551440 0.213833 2.552812 0.213833
2.552812 0.213833 2.553498 0.215021
2.553498 0.215021 2.554184 0.213833
2.554184 0.213833 2.555556 0.213833
2.555556 0.213833 2.554870 0.212645
2.554870 0.212645 2.555556 0.211458
2.555556 0.211458 2.554184 0.211458
2.554184 0.211458 2.553498 0.210270
2.553498 0.210270 2.554184 0.209082
2.554184 0.209082 2.555556 0.209082
2.555556 0.209082 2.554870 0.207894
2.554870 0.207894 2.555556 0.206706
2.555556 0.206706 2.554184 0.206706
2.554184 0.206706 2.553498 0.205518
2.553498 0.205518 2.552812 0.206706
2.552812 0.206706 2.551440 0.206706
2.551440 0.206706 2.550754 0.205518
2.550754 0.205518 2.551440 0.204330
2.551440 0.204330 2.550069 0.204330
2.550069 0.204330 2.549383 0.203142
2.549383 0.203142 2.550069 0.201954
2.550069 0.201954 2.551440 0.201954
2.551440 0.201954 2.550754 0.200766
2.550754 0.200766 2.551440 0.199578
2.551440 0.199578 2.552812 0.199578
2.552812 0.199578 2.553498 0.200766
2.553498 0.200766 2.554184 0.199578
2.554184 0.199578 2.555556 0.199578
2.555556 0.199578 2.554870 0.198390
2.554870 0.198390 2.555556 0.197202
2.555556 0.197202 2.554184 0.197202
2.554184 0.197202 2.553498 0.196014
2.553498 0.196014 2.554184 0.194826
2.554184 0.194826 2.555556 0.194826
2.555556 0.194826 2.554870 0.193638
2.554870 0.193638 2.555556 0.192450
2.555556 0.192450 2.556927 0.192450
2.556927 0.192450 2.557613 0.193638
2.557613 0.193638 2.558299 0.192450
2.558299 0.192450 2.559671 0.192450
2.559671 0.192450 2.560357 0.193638
2.560357 0.193638 2.559671 0.194826
2.559671 0.194826 2.561043 0.194826
2.561043 0.194826 2.561728 0.196014
2.561728 0.196014 2.562414 0.194826
2.562414 0.194826 2.563786 0.194826
2.563786 0.194826 2.563100 0.193638
2.563100 0.193638 2.563786 0.192450
2.563786 0.192450 2.565158 0.192450
2.565158 0.192450 2.565844 0.193638
2.565844 0.193638 2.566529 0.192450
2.566529 0.192450 2.567901 0.192450
2.567901 0.192450 2.568587 0.193638
2.568587 0.193638 2.567901 0.194826
2.567901 0.194826 2.569273 0.194826
2.569273 0.194826 2.569959 0.196014
2.569959 0.196014 2.569273 0.197202
2.569273 0.197202 2.567901 0.197202
2.567901 0.197202 2.568587 0.198390
2.568587 0.198390 2.567901 0.199578
2.567901 0.199578 2.569273 0.199578
2.569273 0.199578 2.569959 0.200766
2.569959 0.200766 2.570645 0.199578
2.570645 0.199578 2.572016 0.199578
2.572016 0.199578 2.572702 0.200766
2.572702 0.200766 2.572016 0.201954
2.572016 0.201954 2.573388 0.201954
2.573388 0.201954 2.574074 0.203142
2.574074 0.203142 2.574760 0.201954
2.574760 0.201954 2.576132 0.201954
2.576132 0.201954 2.575446 0.200766
2.575446 0.200766 2.576132 0.199578
2.576132 0.199578 2.577503 0.199578
2.577503 0.199578 2.578189 0.200766
2.578189 0.200766 2.578875 0.199578
2.578875 0.199578 2.580247 0.199578
2.580247 0.199578 2.579561 0.198390
2.579561 0.198390 2.580247 0.197202
2.580247 0.197202 2.578875 0.197202
2.578875 0.197202 2.578189 0.196014
2.578189 0.196014 2.578875 0.194826
2.578875 0.194826 2.580247 0.194826
2.580247 0.194826 2.579561 0.193638
2.579561 0.193638 2.580247 0.192450
2.580247 0.192450 2.581619 0.192450
2.581619 0.192450 2.582305 0.193638
2.582305 0.193638 2.582990 0.192450
2.582990 0.192450 2.584362 0.192450
2.584362 0.192450 2.585048 0.193638
2.585048 0.193638 2.584362 0.194826
2.584362 0.194826 2.585734 0.194826
2.585734 0.194826 2.586420 0.196014
2.586420 0.196014 2.587106 0.194826
2.587106 0.194826 2.588477 0.194826
2.588477 0.194826 2.587791 0.193638
2.587791 0.193638 2.588477 0.192450
2.588477 0.192450 2.589849 0.192450
2.589849 0.192450 2.590535 0.193638
2.590535 0.193638 2.591221 0.192450
2.591221 0.192450 2.592593 0.192450
2.592593 0.192450 2.593278 0.193638
2.593278 0.193638 2.592593 0.194826
2.592593 0.194826 2.593964 0.194826
2.593964 0.194826 2.594650 0.196014
2.594650 0.196014 2.593964 0.197202
2.593964 0.197202 2.592593 0.197202
2.592593 0.197202 2.593278 0.198390
2.593278 0.198390 2.592593 0.199578
2.592593 0.199578 2.593964 0.199578
2.593964 0.199578 2.594650 0.200766
2.594650 0.200766 2.595336 0.199578
2.595336 0.199578 2.596708 0.199578
2.596708 0.199578 2.597394 0.200766
2.597394 0.200766 2.596708 0.201954
2.596708 0.201954 2.598080 0.201954
2.598080 0.201954 2.598765 0.203142
2.598765 0.203142 2.598080 0.204330
2.598080 0.204330 2.596708 0.204330
2.596708 0.204330 2.597394 0.205518
2.597394 0.205518 2.596708 0.206706
2.596708 0.206706 2.595336 0.206706
2.595336 0.206706 2.594650 0.205518
2.594650 0.205518 2.593964 0.206706
2.593964 0.206706 2.592593 0.206706
2.592593 0.206706 2.593278 0.207894
2.593278 0.207894 2.592593 0.209082
2.592593 0.209082 2.593964 0.209082
2.593964 0.209082 2.594650 0.210270
2.594650 0.210270 2.593964 0.211458
2.593964 0.211458 2.592593 0.211458
2.592593 0.211458 2.593278 0.212645
2.593278 0.212645 2.592593 0.213833
2.592593 0.213833 2.593964 0.213833
2.593964 0.213833 2.594650 0.215021
2.594650 0.215021 2.595336 0.213833
2.595336 0.213833 2.596708 0.213833
2.596708 0.213833 2.597394 0.215021
2.597394 0.215021 2.596708 0.216209
2.596708 0.216209 2.598080 0.216209
2.598080 0.216209 2.598765 0.217397
2.598765 0.217397 2.599451 0.216209
2.599451 0.216209 2.600823 0.216209
2.600823 0.216209 2.600137 0.215021
2.600137 0.215021 2.600823 0.213833
2.600823 0.213833 2.602195 0.213833
2.602195 0.213833 2.602881 0.215021
2.602881 0.215021 2.603567 0.213833
2.603567 0.213833 2.604938 0.213833
2.604938 0.213833 2.605624 0.215021
2.605624 0.215021 2.604938 0.216209
2.604938 0.216209 2.606310 0.216209
2.606310 0.216209 2.606996 0.217397
2.606996 0.217397 2.606310 0.218585
2.606310 0.218585 2.604938 0.218585
2.604938 0.218585 2.605624 0.219773
2.605624 0.219773 2.604938 0.220961
2.604938 0.220961 2.606310 0.220961
2.606310 0.220961 2.606996 0.222149
2.606996 0.222149 2.607682 0.220961
2.607682 0.220961 2.609053 0.220961
2.609053 0.220961 2.609739 0.222149
2.609739 0.222149 2.609053 0.223337
2.609053 0.223337 2.610425 0.223337
2.610425 0.223337 2.611111 0.224525
2.611111 0.224525 2.611797 0.223337
2.611797 0.223337 2.613169 0.223337
2.613169 0.223337 2.612483 0.222149
2.612483 0.222149 2.613169 0.220961
2.613169 0.220961 2.614540 0.220961
2.614540 0.220961 2.615226 0.222149
2.615226 0.222149 2.615912 0.220961
2.615912 0.220961 2.617284 0.220961
2.617284 0.220961 2.616598 0.219773
2.616598 0.219773 2.617284 0.218585
2.617284 0.218585 2.615912 0.218585
2.615912 0.218585 2.615226 0.217397
2.615226 0.217397 2.615912 0.216209
2.615912 0.216209 2.617284 0.216209
2.617284 0.216209 2.616598 0.215021
2.616598 0.215021 2.617284 0.213833
2.617284 0.213833 2.618656 0.213833
2.618656 0.213833 2.619342 0.215021
2.619342 0.215021 2.620027 0.213833
2.620027 0.213833 2.621399 0.213833
2.621399 0.213833 2.622085 0.215021
2.622085 0.215021 2.621399 0.216209
2.621399 0.216209 2.622771 0.216209
2.622771 0.216209 2.623457 0.217397
2.623457 0.217397 2.624143 0.216209
2.624143 0.216209 2.625514 0.216209
2.625514 0.216209 2.624829 0.215021
2.624829 0.215021 2.625514 0.213833
2.625514 0.213833 2.626886 0.213833
2.626886 0.213833 2.627572 0.215021
2.627572 0.215021 2.628258 0.213833
2.628258 0.213833 2.629630 0.213833
2.629630 0.213833 2.628944 0.212645
2.628944 0.212645 2.629630 0.211458
2.629630 0.211458 2.628258 0.211458
2.628258 0.211458 2.627572 0.210270
2.627572 0.210270 2.628258 0.209082
2.628258 0.209082 2.629630 0.209082
2.629630 0.209082 2.628944 0.207894
2.628944 0.207894 2.629630 0.206706
2.629630 0.206706 2.628258 0.206706
2.628258 0.206706 2.627572 0.205518
2.627572 0.205518 2.626886 0.206706
2.626886 0.206706 2.625514 0.206706
2.625514 0.206706 2.624829 0.205518
2.624829 0.205518 2.625514 0.204330
2.625514 0.204330 2.624143 0.204330
2.624143 0.204330 2.623457 0.203142
2.623457 0.203142 2.624143 0.201954
2.624143 0.201954 2.625514 0.201954
2.625514 0.201954 2.624829 0.200766
2.624829 0.200766 2.625514 0.199578
2.625514 0.199578 2.626886 0.199578
2.626886 0.199578 2.627572 0.200766
2.627572 0.200766 2.628258 0.199578
2.628258 0.199578 2.629630 0.199578
2.629630 0.199578 2.628944 0.198390
2.628944 0.198390 2.629630 0.197202
2.629630 0.197202 2.628258 0.197202
2.628258 0.197202 2.627572 0.196014
2.627572 0.196014 2.628258 0.194826
2.628258 0.194826 2.629630 0.194826
2.629630 0.194826 2.628944 0.193638
2.628944 0.193638 2.629630 0.192450
2.629630 0.192450 2.631001 0.192450
2.631001 0.192450 2.631687 0.193638
2.631687 0.193638 2.632373 0.192450
2.632373 0.192450 2.633745 0.192450
2.633745 0.192450 2.634431 0.193638
2.634431 0.193638 2.633745 0.194826
2.633745 0.194826 2.635117 0.194826
2.635117 0.194826 2.635802 0.196014
2.635802 0.196014 2.636488 0.194826
2.636488 0.194826 2.637860 0.194826
2.637860 0.194826 2.637174 0.193638
2.637174 0.193638 2.637860 0.192450
2.637860 0.192450 2.639232 0.192450
2.639232 0.192450 2.639918 0.193638
2.639918 0.193638 2.640604 0.192450
2.640604 0.192450 2.641975 0.192450
2.641975 0.192450 2.642661 0.193638
2.642661 0.193638 2.641975 0.194826
2.641975 0.194826 2.643347 0.194826
2.643347 0.194826 2.644033 0.196014
2.644033 0.196014 2.643347 0.197202
2.643347 0.197202 2.641975 0.197202
2.641975 0.197202 2.642661 0.198390
2.642661 0.198390 2.641975 0.199578
2.641975 0.199578 2.643347 0.199578
2.643347 0.199578 2.644033 0.200766
2.644033 0.200766 2.644719 0.199578
2.644719 0.199578 2.646091 0.199578
2.646091 0.199578 2.646776 0.200766
2.646776 0.200766 2.646091 0.201954
2.646091 0.201954 2.647462 0.201954
2.647462 0.201954 2.648148 0.203142
2.648148 0.203142 2.648834 0.201954
2.648834 0.201954 2.650206 0.201954
2.650206 0.201954 2.649520 0.200766
2.649520 0.200766 2.650206 0.199578
2.650206 0.199578 2.651578 0.199578
2.651578 0.199578 2.652263 0.200766
2.652263 0.200766 2.652949 0.199578
2.652949 0.199578 2.654321 0.199578
2.654321 0.199578 2.653635 0.198390
2.653635 0.198390 2.654321 0.197202
2.654321 0.197202 2.652949 0.197202
2.652949 0.197202 2.652263 0.196014
2.652263 0.196014 2.652949 0.194826
2.652949 0.194826 2.654321 0.194826
2.654321 0.194826 2.653635 0.193638
2.653635 0.193638 2.654321 0.192450
2.654321 0.192450 2.655693 0.192450
2.655693 0.192450 2.656379 0.193638
2.656379 0.193638 2.657064 0.192450
2.657064 0.192450 2.658436 0.192450
2.658436 0.192450 2.659122 0.193638
2.659122 0.193638 2.658436 0.194826
2.658436 0.194826 2.659808 0.194826
2.659808 0.194826 2.660494 0.196014
2.660494 0.196014 2.661180 0.194826
2.661180 0.194826 2.662551 0.194826
2.662551 0.194826 2.661866 0.193638
2.661866 0.193638 2.662551 0.192450
2.662551 0.192450 2.663923 0.192450
2.663923 0.192450 2.664609 0.193638
2.664609 0.193638 2.665295 0.192450
2.665295 0.192450 2.666667 0.192450
2.666667 0.192450 2.665981 0.191262
2.665981 0.191262 2.666667 0.190074
2.666667 0.190074 2.665295 0.190074
2.665295 0.190074 2.664609 0.188886
2.664609 0.188886 2.665295 0.187698
2.665295 0.187698 2.666667 0.187698
2.666667 0.187698 2.665981 0.186510
2.665981 0.186510 2.666667 0.185322
2.666667 0.185322 2.665295 0.185322
2.665295 0.185322 2.664609 0.184134
2.664609 0.184134 2.663923 0.185322
2.663923 0.185322 2.662551 0.185322
2.662551 0.185322 2.661866 0.184134
2.661866 0.184134 2.662551 0.182946
2.662551 0.182946 2.661180 0.182946
2.661180 0.182946 2.660494 0.181758
2.660494 0.181758 2.661180 0.180570
2.661180 0.180570 2.662551 0.180570
2.662551 0.180570 2.661866 0.179382
2.661866 0.179382 2.662551 0.178195
2.662551 0.178195 2.663923 0.178195
2.663923 0.178195 2.664609 0.179382
2.664609 0.179382 2.665295 0.178195
2.665295 0.178195 2.666667 0.178195
2.666667 0.178195 2.665981 0.177007
2.665981 0.177007 2.666667 0.175819
2.666667 0.175819 2.665295 0.175819
2.665295 0.175819 2.664609 0.174631
2.664609 0.174631 2.665295 0.173443
2.665295 0.173443 2.666667 0.173443
2.666667 0.173443 2.665981 0.172255
2.665981 0.172255 2.666667 0.171067
2.666667 0.171067 2.665295 0.171067
2.665295 0.171067 2.664609 0.169879
2.664609 0.169879 2.663923 0.171067
2.663923 0.171067 2.662551 0.171067
2.662551 0.171067 2.661866 0.169879
2.661866 0.169879 2.662551 0.168691
2.662551 0.168691 2.661180 0.168691
2.661180 0.168691 2.660494 0.167503
2.660494 0.167503 2.659808 0.168691
2.659808 0.168691 2.658436 0.168691
2.658436 0.168691 2.659122 0.169879
2.659122 0.169879 2.658436 0.171067
2.658436 0.171067 2.657064 0.171067
2.657064 0.171067 2.656379 0.169879
2.656379 0.169879 2.655693 0.171067
2.655693 0.171067 2.654321 0.171067
2.654321 0.171067 2.653635 0.169879
2.653635 0.169879 2.654321 0.168691
2.654321 0.168691 2.652949 0.168691
2.652949 0.168691 2.652263 0.167503
2.652263 0.167503 2.652949 0.166315
2.652949 0.166315 2.654321 0.166315
2.654321 0.166315 2.653635 0.165127
2.653635 0.165127 2.654321 0.163939
2.654321 0.163939 2.652949 0.163939
2.652949 0.163939 2.652263 0.162751
2.652263 0.162751 2.651578 0.163939
2.651578 0.163939 2.650206 0.163939
2.650206 0.163939 2.649520 0.162751
2.649520 0.162751 2.650206 0.161563
2.650206 0.161563 2.648834 0.161563
2.648834 0.161563 2.648148 0.160375
2.648148 0.160375 2.648834 0.159187
2.648834 0.159187 2.650206 0.159187
2.650206 0.159187 2.649520 0.157999
2.649520 0.157999 2.650206 0.156811
2.650206 0.156811 2.651578 0.156811
2.651578 0.156811 2.652263 0.157999
2.652263 0.157999 2.652949 0.156811
2.652949 0.156811 2.654321 0.156811
2.654321 0.156811 2.653635 0.155623
2.653635 0.155623 2.654321 0.154435
2.654321 0.154435 2.652949 0.154435
2.652949 0.154435 2.652263 0.153247
2.652263 0.153247 2.652949 0.152059
2.652949 0.152059 2.654321 0.152059
2.654321 0.152059 2.653635 0.150871
2.653635 0.150871 2.654321 0.149683
2.654321 0.149683 2.655693 0.149683
2.655693 0.149683 2.656379 0.150871
2.656379 0.150871 2.657064 0.149683
2.657064 0.149683 2.658436 0.149683
2.658436 0.149683 2.659122 0.150871
2.659122 0.150871 2.658436 0.152059
2.658436 0.152059 2.659808 0.152059
2.659808 0.152059 2.660494 0.153247
2.660494 0.153247 2.661180 0.152059
2.661180 0.152059 2.662551 0.152059
2.662551 0.152059 2.661866 0.150871
2.661866 0.150871 2.662551 0.149683
2.662551 0.149683 2.663923 0.149683
2.663923 0.149683 2.664609 0.150871
2.664609 0.150871 2.665295 0.149683
2.665295 0.149683 2.666667 0.149683
2.666667 0.149683 2.665981 0.148495
2.665981 0.148495 2.666667 0.147307
2.666667 0.147307 2.665295 0.147307
2.665295 0.147307 2.664609 0.146120
2.664609 0.146120 2.665295 0.144932
2.665295 0.144932 2.666667 0.144932
2.666667 0.144932 2.665981 0.143744
2.665981 0.143744 2.666667 0.142556
2.666667 0.142556 2.665295 0.142556
2.665295 0.142556 2.664609 0.141368
2.664609 0.141368 2.663923 0.142556
2.663923 0.142556 2.662551 0.142556
2.662551 0.142556 2.661866 0.141368
2.661866 0.141368 2.662551 0.140180
2.662551 0.140180 2.661180 0.140180
2.661180 0.140180 2.660494 0.138992
2.660494 0.138992 2.661180 0.137804
2.661180 0.137804 2.662551 0.137804
2.662551 0.137804 2.661866 0.136616
2.661866 0.136616 2.662551 0.135428
2.662551 0.135428 2.663923 0.135428
2.663923 0.135428 2.664609 0.136616
2.664609 0.136616 2.665295 0.135428
2.665295 0.135428 2.666667 0.135428
2.666667 0.135428 2.665981 0.134240
2.665981 0.134240 2.666667 0.133052
2.666667 0.133052 2.665295 0.133052
2.665295 0.133052 2.664609 0.131864
2.664609 0.131864 2.665295 0.130676
2.665295 0.130676 2.666667 0.130676
2.666667 0.130676 2.665981 0.129488
2.665981 0.129488 2.666667 0.128300
2.666667 0.128300 2.665295 0.128300
2.665295 0.128300 2.664609 0.127112
2.664609 0.127112 2.663923 0.128300
2.663923 0.128300 2.662551 0.128300
2.662551 0.128300 2.661866 0.127112
2.661866 0.127112 2.662551 0.125924
2.662551 0.125924 2.661180 0.125924
2.661180 0.125924 2.660494 0.124736
2.660494 0.124736 2.659808 0.125924
2.659808 0.125924 2.658436 0.125924
2.658436 0.125924 2.659122 0.127112
2.659122 0.127112 2.658436 0.128300
2.658436 0.128300 2.657064 0.128300
2.657064 0.128300 2.656379 0.127112
2.656379 0.127112 2.655693 0.128300
2.655693 0.128300 2.654321 0.128300
2.654321 0.128300 2.653635 0.127112
2.653635 0.127112 2.654321 0.125924
2.654321 0.125924 2.652949 0.125924
2.652949 0.125924 2.652263 0.124736
2.652263 0.124736 2.652949 0.123548
2.652949 0.123548 2.654321 0.123548
2.654321 0.123548 2.653635 0.122360
2.653635 0.122360 2.654321 0.121172
2.654321 0.121172 2.652949 0.121172
2.652949 0.121172 2.652263 0.119984
2.652263 0.119984 2.651578 0.121172
2.651578 0.121172 2.650206 0.121172
2.650206 0.121172 2.649520 0.119984
2.649520 0.119984 2.650206 0.118796
2.650206 0.118796 2.648834 0.118796
2.648834 0.118796 2.648148 0.117608
2.648148 0.117608 2.647462 0.118796
2.647462 0.118796 2.646091 0.118796
2.646091 0.118796 2.646776 0.119984
2.646776 0.119984 2.646091 0.121172
2.646091 0.121172 2.644719 0.121172
2.644719 0.121172 2.644033 0.119984
2.644033 0.119984 2.643347 0.121172
2.643347 0.121172 2.641975 0.121172
2.641975 0.121172 2.642661 0.122360
2.642661 0.122360 2.641975 0.123548
2.641975 0.123548 2.643347 0.123548
2.643347 0.123548 2.644033 0.124736
2.644033 0.124736 2.643347 0.125924
2.643347 0.125924 2.641975 0.125924
2.641975 0.125924 2.642661 0.127112
2.642661 0.127112 2.641975 0.128300
2.641975 0.128300 2.640604 0.128300
2.640604 0.128300 2.639918 0.127112
2.639918 0.127112 2.639232 0.128300
2.639232 0.128300 2.637860 0.128300
2.637860 0.128300 2.637174 0.127112
2.637174 0.127112 2.637860 0.125924
2.637860 0.125924 2.636488 0.125924
2.636488 0.125924 2.635802 0.124736
2.635802 0.124736 2.635117 0.125924
2.635117 0.125924 2.633745 0.125924
2.633745 0.125924 2.634431 0.127112
2.634431 0.127112 2.633745 0.128300
2.633745 0.128300 2.632373 0.128300
2.632373 0.128300 2.631687 0.127112
2.631687 0.127112 2.631001 0.128300
2.631001 0.128300 2.629630 0.128300
2.629630 0.128300 2.628944 0.127112
2.628944 0.127112 2.629630 0.125924
2.629630 0.125924 2.628258 0.125924
2.628258 0.125924 2.627572 0.124736
2.627572 0.124736 2.628258 0.123548
2.628258 0.123548 2.629630 0.123548
2.629630 0.123548 2.628944 0.122360
2.628944 0.122360 2.629630 0.121172
2.629630 0.121172 2.628258 0.121172
2.628258 0.121172 2.627572 0.119984
2.627572 0.119984 2.626886 0.121172
2.626886 0.121172 2.625514 0.121172
2.625514 0.121172 2.624829 0.119984
2.624829 0.119984 2.625514 0.118796
2.625514 0.118796 2.624143 0.118796
2.624143 0.118796 2.623457 0.117608
2.623457 0.117608 2.624143 0.116420
2.624143 0.116420 2.625514 0.116420
2.625514 0.116420 2.624829 0.115232
2.624829 0.115232 2.625514 0.114044
2.625514 0.114044 2.626886 0.114044
2.626886 0.114044 2.627572 0.115232
2.627572 0.115232 2.628258 0.114044
2.628258 0.114044 2.629630 0.114044
2.629630 0.114044 2.628944 0.112857
2.628944 0.112857 2.629630 0.111669
2.629630 0.111669 2.628258 0.111669
2.628258 0.111669 2.627572 0.110481
2.627572 0.110481 2.628258 0.109293
2.628258 0.109293 2.629630 0.109293
2.629630 0.109293 2.628944 0.108105
2.628944 0.108105 2.629630 0.106917
2.629630 0.106917 2.628258 0.106917
2.628258 0.106917 2.627572 0.105729
2.627572 0.105729 2.626886 0.106917
2.626886 0.106917 2.625514 0.106917
2.625514 0.106917 2.624829 0.105729
2.624829 0.105729 2.625514 0.104541
2.625514 0.104541 2.624143 0.104541
2.624143 0.104541 2.623457 0.103353
2.623457 0.103353 2.622771 0.104541
2.622771 0.104541 2.621399 0.104541
2.621399 0.104541 2.622085 0.105729
2.622085 0.105729 2.621399 0.106917
2.621399 0.106917 2.620027 0.106917
2.620027 0.106917 2.619342 0.105729
2.619342 0.105729 2.618656 0.106917
2.618656 0.106917 2.617284 0.106917
2.617284 0.106917 2.616598 0.105729
2.616598 0.105729 2.617284 0.104541
2.617284 0.104541 2.615912 0.104541
2.615912 0.104541 2.615226 0.103353
2.615226 0.103353 2.615912 0.102165
2.615912 0.102165 2.617284 0.102165
2.617284 0.102165 2.616598 0.100977
2.616598 0.100977 2.617284 0.099789
2.617284 0.099789 2.615912 0.099789
2.615912 0.099789 2.615226 0.098601
2.615226 0.098601 2.614540 0.099789
2.614540 0.099789 2.613169 0.099789
2.613169 0.099789 2.612483 0.098601
2.612483 0.098601 2.613169 0.097413
2.613169 0.097413 2.611797 0.097413
2.611797 0.097413 2.611111 0.096225
2.611111 0.096225 2.611797 0.095037
2.611797 0.095037 2.613169 0.095037
2.613169 0.095037 2.612483 0.093849
2.612483 0.093849 2.613169 0.092661
2.613169 0.092661 2.614540 0.092661
2.614540 0.092661 2.615226 0.093849
2.615226 0.093849 2.615912 0.092661
2.615912 0.092661 2.617284 0.092661
2.617284 0.092661 2.616598 0.091473
2.616598 0.091473 2.617284 0.090285
2.617284 0.090285 2.615912 0.090285
2.615912 0.090285 2.615226 0.089097
2.615226 0.089097 2.615912 0.087909
2.615912 0.087909 2.617284 0.087909
2.617284 0.087909 2.616598 0.086721
2.616598 0.086721 2.617284 0.085533
2.617284 0.085533 2.618656 0.085533
2.618656 0.085533 2.619342 0.086721
2.619342 0.086721 2.620027 0.085533
2.620027 0.085533 2.621399 0.085533
2.621399 0.085533 2.622085 0.086721
2.622085 0.086721 2.621399 0.087909
2.621399 0.087909 2.622771 0.087909
2.622771 0.087909 2.623457 0.089097
2.623457 0.089097 2.624143 0.087909
2.624143 0.087909 2.625514 0.087909
2.625514 0.087909 2.624829 0.086721
2.624829 0.086721 2.625514 0.085533
2.625514 0.085533 2.626886 0.085533
2.626886 0.085533 2.627572 0.086721
2.627572 0.086721 2.628258 0.085533
2.628258 0.085533 2.629630 0.085533
2.629630 0.085533 2.628944 0.084345
2.628944 0.084345 2.629630 0.083157
2.629630 0.083157 2.628258 0.083157
2.628258 0.083157 2.627572 0.081969
2.627572 0.081969 2.628258 0.080782
2.628258 0.080782 2.629630 0.080782
2.629630 0.080782 2.628944 0.079594
2.628944 0.079594 2.629630 0.078406
2.629630 0.078406 2.628258 0.078406
2.628258 0.078406 2.627572 0.077218
2.627572 0.077218 2.626886 0.078406
2.626886 0.078406 2.625514 0.078406
2.625514 0.078406 2.624829 0.077218
2.624829 0.077218 2.625514 0.076030
2.625514 0.076030 2.624143 0.076030
2.624143 0.076030 2.623457 0.074842
2.623457 0.074842 2.624143 0.073654
2.624143 0.073654 2.625514 0.073654
2.625514 0.073654 2.624829 0.072466
2.624829 0.072466 2.625514 0.071278
2.625514 0.071278 2.626886 0.071278
2.626886 0.071278 2.627572 0.072466
2.627572 0.072466 2.628258 0.071278
2.628258 0.071278 2.629630 0.071278
2.629630 0.071278 2.628944 0.070090
2.628944 0.070090 2.629630 0.068902
2.629630 0.068902 2.628258 0.068902
2.628258 0.068902 2.627572 0.067714
2.627572 0.067714 2.628258 0.066526
2.628258 0.066526 2.629630 0.066526
2.629630 0.066526 2.628944 0.065338
2.628944 0.065338 2.629630 0.064150
2.629630 0.064150 2.631001 0.064150
2.631001 0.064150 2.631687 0.065338
2.631687 0.065338 2.632373 0.064150
2.632373 0.064150 2.633745 0.064150
2.633745 0.064150 2.634431 0.065338
2.634431 0.065338 2.633745 0.066526
2.633745 0.066526 2.635117 0.066526
2.635117 0.066526 2.635802 0.067714
2.635802 0.067714 2.636488 0.066526
2.636488 0.066526 2.637860 0.066526
2.637860 0.066526 2.637174 0.065338
2.637174 0.065338 2.637860 0.064150
2.637860 0.064150 2.639232 0.064150
2.639232 0.064150 2.639918 0.065338
2.639918 0.065338 2.640604 0.064150
2.640604 0.064150 2.641975 0.064150
2.641975 0.064150 2.642661 0.065338
2.642661 0.065338 2.641975 0.066526
2.641975 0.066526 2.643347 0.066526
2.643347 0.066526 2.644033 0.067714
2.644033 0.067714 2.643347 0.068902
2.643347 0.068902 2.641975 0.068902
2.641975 0.068902 2.642661 0.070090
2.642661 0.070090 2.641975 0.071278
2.641975 0.071278 2.643347 0.071278
2.643347 0.071278 2.644033 0.072466
2.644033 0.072466 2.644719 0.071278
2.644719 0.071278 2.646091 0.071278
2.646091 0.071278 2.646776 0.072466
2.646776 0.072466 2.646091 0.073654
2.646091 0.073654 2.647462 0.073654
2.647462 0.073654 2.648148 0.074842
2.648148 0.074842 2.648834 0.073654
2.648834 0.073654 2.650206 0.073654
2.650206 0.073654 2.649520 0.072466
2.649520 0.072466 2.650206 0.071278
2.650206 0.071278 2.651578 0.071278
2.651578 0.071278 2.652263 0.072466
2.652263 0.072466 2.652949 0.071278
2.652949 0.071278 2.654321 0.071278
2.654321 0.071278 2.653635 0.070090
2.653635 0.070090 2.654321 0.068902
2.654321 0.068902 2.652949 0.068902
2.652949 0.068902 2.652263 0.067714
2.652263 0.067714 2.652949 0.066526
2.652949 0.066526 2.654321 0.066526
2.654321 0.066526 2.653635 0.065338
2.653635 0.065338 2.654321 0.064150
2.654321 0.064150 2.655693 0.064150
2.655693 0.064150 2.656379 0.065338
2.656379 0.065338 2.657064 0.064150
2.657064 0.064150 2.658436 0.064150
2.658436 0.064150 2.659122 0.065338
2.659122 0.065338 2.658436 0.066526
2.658436 0.066526 2.659808 0.066526
2.659808 0.066526 2.660494 0.067714
2.660494 0.067714 2.661180 0.066526
2.661180 0.066526 2.662551 0.066526
2.662551 0.066526 2.661866 0.065338
2.661866 0.065338 2.662551 0.064150
2.662551 0.064150 2.663923 0.064150
2.663923 0.064150 2.664609 0.065338
2.664609 0.065338 2.665295 0.064150
2.665295 0.064150 2.666667 0.064150
2.666667 0.064150 2.665981 0.062962
2.665981 0.062962 2.666667 0.061774
2.666667 0.061774 2.665295 0.061774
2.665295 0.061774 2.664609 0.060586
2.664609 0.060586 2.665295 0.059398
2.665295 0.059398 2.666667 0.059398
2.666667 0.059398 2.665981 0.058210
2.665981 0.058210 2.666667 0.057022
2.666667 0.057022 2.665295 0.057022
2.665295 0.057022 2.664609 0.055834
2.664609 0.055834 2.663923 0.057022
2.663923 0.057022 2.662551 0.057022
2.662551 0.057022 2.661866 0.055834
2.661866 0.055834 2.662551 0.054646
2.662551 0.054646 2.661180 0.054646
2.661180 0.054646 2.660494 0.053458
2.660494 0.053458 2.661180 0.052270
2.661180 0.052270 2.662551 0.052270
2.662551 0.052270 2.661866 0.051082
2.661866 0.051082 2.662551 0.049894
2.662551 0.049894 2.663923 0.049894
2.663923 0.049894 2.664609 0.051082
2.664609 0.051082 2.665295 0.049894
2.665295 0.049894 2.666667 0.049894
2.666667 0.049894 2.665981 0.048707
2.665981 0.048707 2.666667 0.047519
2.666667 0.047519 2.665295 0.047519
2.665295 0.047519 2.664609 0.046331
2.664609 0.046331 2.665295 0.045143
2.665295 0.045143 2.666667 0.045143
2.666667 0.045143 2.665981 0.043955
2.665981 0.043955 2.666667 0.042767
2.666667 0.042767 2.665295 0.042767
2.665295 0.042767 2.664609 0.041579
2.664609 0.041579 2.663923 0.042767
2.663923 0.042767 2.662551 0.042767
2.662551 0.042767 2.661866 0.041579
2.661866 0.041579 2.662551 0.040391
2.662551 0.040391 2.661180 0.040391
2.661180 0.040391 2.660494 0.039203
2.660494 0.039203 2.659808 0.040391
2.659808 0.040391 2.658436 0.040391
2.658436 0.040391 2.659122 0.041579
2.659122 0.041579 2.658436 0.042767
2.658436 0.042767 2.657064 0.042767
2.657064 0.042767 2.656379 0.041579
2.656379 0.041579 2.655693 0.042767
2.655693 0.042767 2.654321 0.042767
2.654321 0.042767 2.653635 0.041579
2.653635 0.041579 2.654321 0.040391
2.654321 0.040391 2.652949 0.040391
2.652949 0.040391 2.652263 0.039203
2.652263 0.039203 2.652949 0.038015
2.652949 0.038015 2.654321 0.038015
2.654321 0.038015 2.653635 0.036827
2.653635 0.036827 2.654321 0.035639
2.654321 0.035639 2.652949 0.035639
2.652949 0.035639 2.652263 0.034451
2.652263 0.034451 2.651578 0.035639
2.651578 0.035639 2.650206 0.035639
2.650206 0.035639 2.649520 0.034451
2.649520 0.034451 2.650206 0.033263
2.650206 0.033263 2.648834 0.033263
2.648834 0.033263 2.648148 0.032075
2.648148 0.032075 2.648834 0.030887
2.648834 0.030887 2.650206 0.030887
2.650206 0.030887 2.649520 0.029699
2.649520 0.029699 2.650206 0.028511
2.650206 0.028511 2.651578 0.028511
2.651578 0.028511 2.652263 0.029699
2.652263 0.029699 2.652949 0.028511
2.652949 0.028511 2.654321 0.028511
2.654321 0.028511 2.653635 0.027323
2.653635 0.027323 2.654321 0.026135
2.654321 0.026135 2.652949 0.026135
2.652949 0.026135 2.652263 0.024947
2.652263 0.024947 2.652949 0.023759
2.652949 0.023759 2.654321 0.023759
2.654321 0.023759 2.653635 0.022571
2.653635 0.022571 2.654321 0.021383
2.654321 0.021383 2.655693 0.021383
2.655693 0.021383 2.656379 0.022571
2.656379 0.022571 2.657064 0.021383
2.657064 0.021383 2.658436 0.021383
2.658436 0.021383 2.659122 0.022571
2.659122 0.022571 2.658436 0.023759
2.658436 0.023759 2.659808 0.023759
2.659808 0.023759 2.660494 0.024947
2.660494 0.024947 2.661180 0.023759
2.661180 0.023759 2.662551 0.023759
2.662551 0.023759 2.661866 0.022571
2.661866 0.022571 2.662551 0.021383
2.662551 0.021383 2.663923 0.021383
2.663923 0.021383 2.664609 0.022571
2.664609 0.022571 2.665295 0.021383
2.665295 0.021383 2.666667 0.021383
2.666667 0.021383 2.665981 0.020195
2.665981 0.020195 2.666667 0.019007
2.666667 0.019007 2.665295 0.019007
2.665295 0.019007 2.664609 0.017819
2.664609 0.017819 2.665295 0.016631
2.665295 0.016631 2.666667 0.016631
2.666667 0.016631 2.665981 0.015444
2.665981 0.015444 2.666667 0.014256
2.666667 0.014256 2.665295 0.014256
2.665295 0.014256 2.664609 0.013068
2.664609 0.013068 2.663923 0.014256
2.663923 0.014256 2.662551 0.014256
2.662551 0.014256 2.661866 0.013068
2.661866 0.013068 2.662551 0.011880
2.662551 0.011880 2.661180 0.011880
2.661180 0.011880 2.660494 0.010692
2.660494 0.010692 2.661180 0.009504
2.661180 0.009504 2.662551 0.009504
2.662551 0.009504 2.661866 0.008316
2.661866 0.008316 2.662551 0.007128
2.662551 0.007128 2.663923 0.007128
2.663923 0.007128 2.664609 0.008316
2.664609 0.008316 2.665295 0.007128
2.665295 0.007128 2.666667 0.007128
2.666667 0.007128 2.665981 0.005940
2.665981 0.005940 2.666667 0.004752
2.666667 0.004752 2.665295 0.004752
2.665295 0.004752 2.664609 0.003564
2.664609 0.003564 2.665295 0.002376
2.665295 0.002376 2.666667 0.002376
2.666667 0.002376 2.665981 0.001188
2.665981 0.001188 2.666667 0.000000
2.666667 0.000000 2.668038 0.000000
2.668038 0.000000 2.668724 0.001188
2.668724 0.001188 2.669410 0.000000
2.669410 0.000000 2.670782 0.000000
2.670782 0.000000 2.671468 0.001188
2.671468 0.001188 2.670782 0.002376
2.670782 0.002376 2.672154 0.002376
2.672154 0.002376 2.672840 0.003564
2.672840 0.003564 2.673525 0.002376
2.673525 0.002376 2.674897 0.002376
2.674897 0.002376 2.674211 0.001188
2.674211 0.001188 2.674897 0.000000
2.674897 0.000000 2.676269 0.000000
2.676269 0.000000 2.676955 0.001188
2.676955 0.001188 2.677641 0.000000
2.677641 0.000000 2.679012 0.000000
2.679012 0.000000 2.679698 0.001188
2.679698 0.001188 2.679012 0.002376
2.679012 0.002376 2.680384 0.002376
2.680384 0.002376 2.681070 0.003564
2.681070 0.003564 2.680384 0.004752
2.680384 0.004752 2.679012 0.004752
2.679012 0.004752 2.679698 0.005940
2.679698 0.005940 2.679012 0.007128
2.679012 0.007128 2.680384 0.007128
2.680384 0.007128 2.681070 0.008316
2.681070 0.008316 2.681756 0.007128
2.681756 0.007128 2.683128 0.007128
2.683128 0.007128 2.683813 0.008316
2.683813 0.008316 2.683128 0.009504
2.683128 0.009504 2.684499 0.009504
2.684499 0.009504 2.685185 0.010692
2.685185 0.010692 2.685871 0.009504
2.685871 0.009504 2.687243 0.009504
2.687243 0.009504 2.686557 0.008316
2.686557 0.008316 2.687243 0.007128
2.687243 0.007128 2.688615 0.007128
2.688615 0.007128 2.689300 0.008316
2.689300 0.008316 2.689986 0.007128
2.689986 0.007128 2.691358 0.007128
2.691358 0.007128 2.690672 0.005940
2.690672 0.005940 2.691358 0.004752
2.691358 0.004752 2.689986 0.004752
2.689986 0.004752 2.689300 0.003564
2.689300 0.003564 2.689986 0.002376
2.689986 0.002376 2.691358 0.002376
2.691358 0.002376 2.690672 0.001188
2.690672 0.001188 2.691358 0.000000
2.691358 0.000000 2.692730 0.000000
2.692730 0.000000 2.693416 0.001188
2.693416 0.001188 2.694102 0.000000
2.694102 0.000000 2.695473 0.000000
2.695473 0.000000 2.696159 0.001188
2.696159 0.001188 2.695473 0.002376
2.695473 0.002376 2.696845 0.002376
2.696845 0.002376 2.697531 0.003564
2.697531 0.003564 2.698217 0.002376
2.698217 0.002376 2.699588 0.002376
2.699588 0.002376 2.698903 0.001188
2.698903 0.001188 2.699588 0.000000
2.699588 0.000000 2.700960 0.000000
2.700960 0.000000 2.701646 0.001188
2.701646 0.001188 2.702332 0.000000
2.702332 0.000000 2.703704 0.000000
2.703704 0.000000 2.704390 0.001188
2.704390 0.001188 2.703704 0.002376
2.703704 0.002376 2.705075 0.002376
2.705075 0.002376 2.705761 0.003564
2.705761 0.003564 2.705075 0.004752
2.705075 0.004752 2.703704 0.004752
2.703704 0.004752 2.704390 0.005940
2.704390 0.005940 2.703704 0.007128
2.703704 0.007128 2.705075 0.007128
2.705075 0.007128 2.705761 0.008316
2.705761 0.008316 2.706447 0.007128
2.706447 0.007128 2.707819 0.007128
2.707819 0.007128 2.708505 0.008316
2.708505 0.008316 2.707819 0.009504
2.707819 0.009504 2.709191 0.009504
2.709191 0.009504 2.709877 0.010692
2.709877 0.010692 2.709191 0.011880
2.709191 0.011880 2.707819 0.011880
2.707819 0.011880 2.708505 0.013068
2.708505 0.013068 2.707819 0.014256
2.707819 0.014256 2.706447 0.014256
2.706447 0.014256 2.705761 0.013068
2.705761 0.013068 2.705075 0.014256
2.705075 0.014256 2.703704 0.014256
2.703704 0.014256 2.704390 0.015444
2.704390 0.015444 2.703704 0.016631
2.703704 0.016631 2.705075 0.016631
2.705075 0.016631 2.705761 0.017819
2.705761 0.017819 2.705075 0.019007
2.705075 0.019007 2.703704 0.019007
2.703704 0.019007 2.704390 0.020195
2.704390 0.020195 2.703704 0.021383
2.703704 0.021383 2.705075 0.021383
2.705075 0.021383 2.705761 0.022571
2.705761 0.022571 2.706447 0.021383
2.706447 0.021383 2.707819 0.021383
2.707819 0.021383 2.708505 0.022571
2.708505 0.022571 2.707819 0.023759
2.707819 0.023759 2.709191 0.023759
2.709191 0.023759 2.709877 0.024947
2.709877 0.024947 2.710562 0.023759
2.710562 0.023759 2.711934 0.023759
2.711934 0.023759 2.711248 0.022571
2.711248 0.022571 2.711934 0.021383
2.711934 0.021383 2.713306 0.021383
2.713306 0.021383 2.713992 0.022571
2.713992 0.022571 2.714678 0.021383
2.714678 0.021383 2.716049 0.021383
2.716049 0.021383 2.716735 0.022571
2.716735 0.022571 2.716049 0.023759
2.716049 0.023759 2.717421 0.023759
2.717421 0.023759 2.718107 0.024947
2.718107 0.024947 2.717421 0.026135
2.717421 0.026135 2.716049 0.026135
2.716049 0.026135 2.716735 0.027323
2.716735 0.027323 2.716049 0.028511
2.716049 0.028511 2.717421 0.028511
2.717421 0.028511 2.718107 0.029699
2.718107 0.029699 2.718793 0.028511
2.718793 0.028511 2.720165 0.028511
2.720165 0.028511 2.720850 0.029699
2.720850 0.029699 2.720165 0.030887
2.720165 0.030887 2.721536 0.030887
2.721536 0.030887 2.722222 0.032075
2.722222 0.032075 2.722908 0.030887
2.722908 0.030887 2.724280 0.030887
2.724280 0.030887 2.723594 0.029699
2.723594 0.029699 2.724280 0.028511
2.724280 0.028511 2.725652 0.028511
2.725652 0.028511 2.726337 0.029699
2.726337 0.029699 2.727023 0.028511
2.727023 0.028511 2.728395 0.028511
2.728395 0.028511 2.727709 0.027323
2.727709 0.027323 2.728395 0.026135
2.728395 0.026135 2.727023 0.026135
2.727023 0.026135 2.726337 0.024947
2.726337 0.024947 2.727023 0.023759
2.727023 0.023759 2.728395 0.023759
2.728395 0.023759 2.727709 0.022571
2.727709 0.022571 2.728395 0.021383
2.728395 0.021383 2.729767 0.021383
2.729767 0.021383 2.730453 0.022571
2.730453 0.022571 2.731139 0.021383
2.731139 0.021383 2.732510 0.021383
2.732510 0.021383 2.733196 0.022571
2.733196 0.022571 2.732510 0.023759
2.732510 0.023759 2.733882 0.023759
2.733882 0.023759 2.734568 0.024947
2.734568 0.024947 2.735254 0.023759
2.735254 0.023759 2.736626 0.023759
2.736626 0.023759 2.735940 0.022571
2.735940 0.022571 2.736626 0.021383
2.736626 0.021383 2.737997 0.021383
2.737997 0.021383 2.738683 0.022571
2.738683 0.022571 2.739369 0.021383
2.739369 0.021383 2.740741 0.021383
2.740741 0.021383 2.740055 0.020195
2.740055 0.020195 2.740741 0.019007
2.740741 0.019007 2.739369 0.019007
2.739369 0.019007 2.738683 0.017819
2.738683 0.017819 2.739369 0.016631
2.739369 0.016631 2.740741 0.016631
2.740741 0.016631 2.740055 0.015444
2.740055 0.015444 2.740741 0.014256
2.740741 0.014256 2.739369 0.014256
2.739369 0.014256 2.738683 0.013068
2.738683 0.013068 2.737997 0.014256
2.737997 0.014256 2.736626 0.014256
2.736626 0.014256 2.735940 0.013068
2.735940 0.013068 2.736626 0.011880
2.736626 0.011880 2.735254 0.011880
2.735254 0.011880 2.734568 0.010692
2.734568 0.010692 2.735254 0.009504
2.735254 0.009504 2.736626 0.009504
2.736626 0.009504 2.735940 0.008316
2.735940 0.008316 2.736626 0.007128
2.736626 0.007128 2.737997 0.007128
2.737997 0.007128 2.738683 0.008316
2.738683 0.008316 2.739369 0.007128
2.739369 0.007128 2.740741 0.007128
2.740741 0.007128 2.740055 0.005940
2.740055 0.005940 2.740741 0.004752
2.740741 0.004752 2.739369 0.004752
2.739369 0.004752 2.738683 0.003564
2.738683 0.003564 2.739369 0.002376
2.739369 0.002376 2.740741 0.002376
2.740741 0.002376 2.740055 0.001188
2.740055 0.001188 2.740741 0.000000
2.740741 0.000000 2.742112 0.000000
2.742112 0.000000 2.742798 0.001188
2.742798 0.001188 2.743484 0.000000
2.743484 0.000000 2.744856 0.000000
2.744856 0.000000 2.745542 0.001188
2.745542 0.001188 2.744856 0.002376
2.744856 0.002376 2.746228 0.002376
2.746228 0.002376 2.746914 0.003564
2.746914 0.003564 2.747599 0.002376
2.747599 0.002376 2.748971 0.002376
2.748971 0.002376 2.748285 0.001188
2.748285 0.001188 2.748971 0.000000
2.748971 0.000000 2.750343 0.000000
2.750343 0.000000 2.751029 0.001188
2.751029 0.001188 2.751715 0.000000
2.751715 0.000000 2.753086 0.000000
2.753086 0.000000 2.753772 0.001188
2.753772 0.001188 2.753086 0.002376
2.753086 0.002376 2.754458 0.002376
2.754458 0.002376 2.755144 0.003564
2.755144 0.003564 2.754458 0.004752
2.754458 0.004752 2.753086 0.004752
2.753086 0.004752 2.753772 0.005940
2.753772 0.005940 2.753086 0.007128
2.753086 0.007128 2.754458 0.007128
2.754458 0.007128 2.755144 0.008316
2.755144 0.008316 2.755830 0.007128
2.755830 0.007128 2.757202 0.007128
2.757202 0.007128 2.757888 0.008316
2.757888 0.008316 2.757202 0.009504
2.757202 0.009504 2.758573 0.009504
2.758573 0.009504 2.759259 0.010692
2.759259 0.010692 2.759945 0.009504
2.759945 0.009504 2.761317 0.009504
2.761317 0.009504 2.760631 0.008316
2.760631 0.008316 2.761317 0.007128
2.761317 0.007128 2.762689 0.007128
2.762689 0.007128 2.763374 0.008316
2.763374 0.008316 2.764060 0.007128
2.764060 0.007128 2.765432 0.007128
2.765432 0.007128 2.764746 0.005940
2.764746 0.005940 2.765432 0.004752
2.765432 0.004752 2.764060 0.004752
2.764060 0.004752 2.763374 0.003564
2.763374 0.003564 2.764060 0.002376
2.764060 0.002376 2.765432 0.002376
2.765432 0.002376 2.764746 0.001188
2.764746 0.001188 2.765432 0.000000
2.765432 0.000000 2.766804 0.000000
2.766804 0.000000 2.767490 0.001188
2.767490 0.001188 2.768176 0.000000
2.768176 0.000000 2.769547 0.000000
2.769547 0.000000 2.770233 0.001188
2.770233 0.001188 2.769547 0.002376
2.769547 0.002376 2.770919 0.002376
2.770919 0.002376 2.771605 0.003564
2.771605 0.003564 2.772291 0.002376
2.772291 0.002376 2.773663 0.002376
2.773663 0.002376 2.772977 0.001188
2.772977 0.001188 2.773663 0.000000
2.773663 0.000000 2.775034 0.000000
2.775034 0.000000 2.775720 0.001188
2.775720 0.001188 2.776406 0.000000
2.776406 0.000000 2.777778 0.000000
2.777778 0.000000 2.778464 0.001188
2.778464 0.001188 2.777778 0.002376
2.777778 0.002376 2.779150 0.002376
2.779150 0.002376 2.779835 0.003564
2.779835 0.003564 2.779150 0.004752
2.779150 0.004752 2.777778 0.004752
2.777778 0.004752 2.778464 0.005940
2.778464 0.005940 2.777778 0.007128
2.777778 0.007128 2.779150 0.007128
2.779150 0.007128 2.779835 0.008316
2.779835 0.008316 2.780521 0.007128
2.780521 0.007128 2.781893 0.007128
2.781893 0.007128 2.782579 0.008316
2.782579 0.008316 2.781893 0.009504
2.781893 0.009504 2.783265 0.009504
2.783265 0.009504 2.783951 0.010692
2.783951 0.010692 2.783265 0.011880
2.783265 0.011880 2.781893 0.011880
2.781893 0.011880 2.782579 0.013068
2.782579 0.013068 2.781893 0.014256
2.781893 0.014256 2.780521 0.014256
2.780521 0.014256 2.779835 0.013068
2.779835 0.013068 2.779150 0.014256
2.779150 0.014256 2.777778 0.014256
2.777778 0.014256 2.778464 0.015444
2.778464 0.015444 2.777778 0.016631
2.777778 0.016631 2.779150 0.016631
2.779150 0.016631 2.779835 0.017819
2.779835 0.017819 2.779150 0.019007
2.779150 0.019007 2.777778 0.019007
2.777778 0.019007 2.778464 0.020195
2.778464 0.020195 2.777778 0.021383
2.777778 0.021383 2.779150 0.021383
2.779150 0.021383 2.779835 0.022571
2.779835 0.022571 2.780521 0.021383
2.780521 0.021383 2.781893 0.021383
2.781893 0.021383 2.782579 0.022571
2.782579 0.022571 2.781893 0.023759
2.781893 0.023759 2.783265 0.023759
2.783265 0.023759 2.783951 0.024947
2.783951 0.024947 2.784636 0.023759
2.784636 0.023759 2.786008 0.023759
2.786008 0.023759 2.785322 0.022571
2.785322 0.022571 2.786008 0.021383
2.786008 0.021383 2.787380 0.021383
2.787380 0.021383 2.788066 0.022571
2.788066 0.022571 2.788752 0.021383
2.788752 0.021383 2.790123 0.021383
2.790123 0.021383 2.790809 0.022571
2.790809 0.022571 2.790123 0.023759
2.790123 0.023759 2.791495 0.023759
2.791495 0.023759 2.792181 0.024947
2.792181 0.024947 2.791495 0.026135
2.791495 0.026135 2.790123 0.026135
2.790123 0.026135 2.790809 0.027323
2.790809 0.027323 2.790123 0.028511
2.790123 0.028511 2.791495 0.028511
2.791495 0.028511 2.792181 0.029699
2.792181 0.029699 2.792867 0.028511
2.792867 0.028511 2.794239 0.028511
2.794239 0.028511 2.794925 0.029699
2.794925 0.029699 2.794239 0.030887
2.794239 0.030887 2.795610 0.030887
2.795610 0.030887 2.796296 0.032075
2.796296 0.032075 2.795610 0.033263
2.795610 0.033263 2.794239 0.033263
2.794239 0.033263 2.794925 0.034451
2.794925 0.034451 2.794239 0.035639
2.794239 0.035639 2.792867 0.035639
2.792867 0.035639 2.792181 0.034451
2.792181 0.034451 2.791495 0.035639
2.791495 0.035639 2.790123 0.035639
2.790123 0.035639 2.790809 0.036827
2.790809 0.036827 2.790123 0.038015
2.790123 0.038015 2.791495 0.038015
2.791495 0.038015 2.792181 0.039203
2.792181 0.039203 2.791495 0.040391
2.791495 0.040391 2.790123 0.040391
2.790123 0.040391 2.790809 0.041579
2.790809 0.041579 2.790123 0.042767
2.790123 0.042767 2.788752 0.042767
2.788752 0.042767 2.788066 0.041579
2.788066 0.041579 2.787380 0.042767
2.787380 0.042767 2.786008 0.042767
2.786008 0.042767 2.785322 0.041579
2.785322 0.041579 2.786008 0.040391
2.786008 0.040391 2.784636 0.040391
2.784636 0.040391 2.783951 0.039203
2.783951 0.039203 2.783265 0.040391
2.783265 0.040391 2.781893 0.040391
2.781893 0.040391 2.782579 0.041579
2.782579 0.041579 2.781893 0.042767
2.781893 0.042767 2.780521 0.042767
2.780521 0.042767 2.779835 0.041579
2.779835 0.041579 2.779150 0.042767
2.779150 0.042767 2.777778 0.042767
2.777778 0.042767 2.778464 0.043955
2.778464 0.043955 2.777778 0.045143
2.777778 0.045143 2.779150 0.045143
2.779150 0.045143 2.779835 0.046331
2.779835 0.046331 2.779150 0.047519
2.779150 0.047519 2.777778 0.047519
2.777778 0.047519 2.778464 0.048707
2.778464 0.048707 2.777778 0.049894
2.777778 0.049894 2.779150 0.049894
2.779150 0.049894 2.779835 0.051082
2.779835 0.051082 2.780521 0.049894
2.780521 0.049894 2.781893 0.049894
2.781893 0.049894 2.782579 0.051082
2.782579 0.051082 2.781893 0.052270
2.781893 0.052270 2.783265 0.052270
2.783265 0.052270 2.783951 0.053458
2.783951 0.053458 2.783265 0.054646
2.783265 0.054646 2.781893 0.054646
2.781893 0.054646 2.782579 0.055834
2.782579 0.055834 2.781893 0.057022
2.781893 0.057022 2.780521 0.057022
2.780521 0.057022 2.779835 0.055834
2.779835 0.055834 2.779150 0.057022
2.779150 0.057022 2.777778 0.057022
2.777778 0.057022 2.778464 0.058210
2.778464 0.058210 2.777778 0.059398
2.777778 0.059398 2.779150 0.059398
2.779150 0.059398 2.779835 0.060586
2.779835 0.060586 2.779150 0.061774
2.779150 0.061774 2.777778 0.061774
2.777778 0.061774 2.778464 0.062962
2.778464 0.062962 2.777778 0.064150
2.777778 0.064150 2.779150 0.064150
2.779150 0.064150 2.779835 0.065338
2.779835 0.065338 2.780521 0.064150
2.780521 0.064150 2.781893 0.064150
2.781893 0.064150 2.782579 0.065338
2.782579 0.065338 2.781893 0.066526
2.781893 0.066526 2.783265 0.066526
2.783265 0.066526 2.783951 0.067714
2.783951 0.067714 2.784636 0.066526
2.784636 0.066526 2.786008 0.066526
2.786008 0.066526 2.785322 0.065338
2.785322 0.065338 2.786008 0.064150
2.786008 0.064150 2.787380 0.064150
2.787380 0.064150 2.788066 0.065338
2.788066 0.065338 2.788752 0.064150
2.788752 0.064150 2.790123 0.064150
2.790123 0.064150 2.790809 0.065338
2.790809 0.065338 2.790123 0.066526
2.790123 0.066526 2.791495 0.066526
2.791495 0.066526 2.792181 0.067714
2.792181 0.067714 2.791495 0.068902
2.791495 0.068902 2.790123 0.068902
2.790123 0.068902 2.790809 0.070090
2.790809 0.070090 2.790123 0.071278
2.790123 0.071278 2.791495 0.071278
2.791495 0.071278 2.792181 0.072466
2.792181 0.072466 2.792867 0.071278
2.792867 0.071278 2.794239 0.071278
2.794239 0.071278 2.794925 0.072466
2.794925 0.072466 2.794239 0.073654
2.794239 0.073654 2.795610 0.073654
2.795610 0.073654 2.796296 0.074842
2.796296 0.074842 2.796982 0.073654
2.796982 0.073654 2.798354 0.073654
2.798354 0.073654 2.797668 0.072466
2.797668 0.072466 2.798354 0.071278
2.798354 0.071278 2.799726 0.071278
2.799726 0.071278 2.800412 0.072466
2.800412 0.072466 2.801097 0.071278
2.801097 0.071278 2.802469 0.071278
2.802469 0.071278 2.801783 0.070090
2.801783 0.070090 2.802469 0.068902
2.802469 0.068902 2.801097 0.068902
2.801097 0.068902 2.800412 0.067714
2.800412 0.067714 2.801097 0.066526
2.801097 0.066526 2.802469 0.066526
2.802469 0.066526 2.801783 0.065338
2.801783 0.065338 2.802469 0.064150
2.802469 0.064150 2.803841 0.064150
2.803841 0.064150 2.804527 0.065338
2.804527 0.065338 2.805213 0.064150
2.805213 0.064150 2.806584 0.064150
2.806584 0.064150 2.807270 0.065338
2.807270 0.065338 2.806584 0.066526
2.806584 0.066526 2.807956 0.066526
2.807956 0.066526 2.808642 0.067714
2.808642 0.067714 2.809328 0.066526
2.809328 0.066526 2.810700 0.066526
2.810700 0.066526 2.810014 0.065338
2.810014 0.065338 2.810700 0.064150
2.810700 0.064150 2.812071 0.064150
2.812071 0.064150 2.812757 0.065338
2.812757 0.065338 2.813443 0.064150
2.813443 0.064150 2.814815 0.064150
2.814815 0.064150 2.815501 0.065338
2.815501 0.065338 2.814815 0.066526
2.814815 0.066526 2.816187 0.066526
2.816187 0.066526 2.816872 0.067714
2.816872 0.067714 2.816187 0.068902
2.816187 0.068902 2.814815 0.068902
2.814815 0.068902 2.815501 0.070090
2.815501 0.070090 2.814815 0.071278
2.814815 0.071278 2.816187 0.071278
2.816187 0.071278 2.816872 0.072466
2.816872 0.072466 2.817558 0.071278
2.817558 0.071278 2.818930 0.071278
2.818930 0.071278 2.819616 0.072466
2.819616 0.072466 2.818930 0.073654
2.818930 0.073654 2.820302 0.073654
2.820302 0.073654 2.820988 0.074842
2.820988 0.074842 2.820302 0.076030
2.820302 0.076030 2.818930 0.076030
2.818930 0.076030 2.819616 0.077218
2.819616 0.077218 2.818930 0.078406
2.818930 0.078406 2.817558 0.078406
2.817558 0.078406 2.816872 0.077218
2.816872 0.077218 2.816187 0.078406
2.816187 0.078406 2.814815 0.078406
2.814815 0.078406 2.815501 0.079594
2.815501 0.079594 2.814815 0.080782
2.814815 0.080782 2.816187 0.080782
2.816187 0.080782 2.816872 0.081969
2.816872 0.081969 2.816187 0.083157
2.816187 0.083157 2.814815 0.083157
2.814815 0.083157 2.815501 0.084345
2.815501 0.084345 2.814815 0.085533
2.814815 0.085533 2.816187 0.085533
2.816187 0.085533 2.816872 0.086721
2.816872 0.086721 2.817558 0.085533
2.817558 0.085533 2.818930 0.085533
2.818930 0.085533 2.819616 0.086721
2.819616 0.086721 2.818930 0.087909
2.818930 0.087909 2.820302 0.087909
2.820302 0.087909 2.820988 0.089097
2.820988 0.089097 2.821674 0.087909
2.821674 0.087909 2.823045 0.087909
2.823045 0.087909 2.822359 0.086721
2.822359 0.086721 2.823045 0.085533
2.823045 0.085533 2.824417 0.085533
2.824417 0.085533 2.825103 0.086721
2.825103 0.086721 2.825789 0.085533
2.825789 0.085533 2.827160 0.085533
2.827160 0.085533 2.827846 0.086721
2.827846 0.086721 2.827160 0.087909
2.827160 0.087909 2.828532 0.087909
2.828532 0.087909 2.829218 0.089097
2.829218 0.089097 2.828532 0.090285
2.828532 0.090285 2.827160 0.090285
2.827160 0.090285 2.827846 0.091473
2.827846 0.091473 2.827160 0.092661
2.827160 0.092661 2.828532 0.092661
2.828532 0.092661 2.829218 0.093849
2.829218 0.093849 2.829904 0.092661
2.829904 0.092661 2.831276 0.092661
2.831276 0.092661 2.831962 0.093849
2.831962 0.093849 2.831276 0.095037
2.831276 0.095037 2.832647 0.095037
2.832647 0.095037 2.833333 0.096225
2.833333 0.096225 2.834019 0.095037
2.834019 0.095037 2.835391 0.095037
2.835391 0.095037 2.834705 0.093849
2.834705 0.093849 2.835391 0.092661
2.835391 0.092661 2.836763 0.092661
2.836763 0.092661 2.837449 0.093849
2.837449 0.093849 2.838134 0.092661
2.838134 0.092661 2.839506 0.092661
2.839506 0.092661 2.838820 0.091473
2.838820 0.091473 2.839506 0.090285
2.839506 0.090285 2.838134 0.090285
2.838134 0.090285 2.837449 0.089097
2.837449 0.089097 2.838134 0.087909
2.838134 0.087909 2.839506 0.087909
2.839506 0.087909 2.838820 0.086721
2.838820 0.086721 2.839506 0.085533
2.839506 0.085533 2.840878 0.085533
2.840878 0.085533 2.841564 0.086721
2.841564 0.086721 2.842250 0.085533
2.842250 0.085533 2.843621 0.085533
2.843621 0.085533 2.844307 0.086721
2.844307 0.086721 2.843621 0.087909
2.843621 0.087909 2.844993 0.087909
2.844993 0.087909 2.845679 0.089097
2.845679 0.089097 2.846365 0.087909
2.846365 0.087909 2.847737 0.087909
2.847737 0.087909 2.847051 0.086721
2.847051 0.086721 2.847737 0.085533
2.847737 0.085533 2.849108 0.085533
2.849108 0.085533 2.849794 0.086721
2.849794 0.086721 2.850480 0.085533
2.850480 0.085533 2.851852 0.085533
2.851852 0.085533 2.851166 0.084345
2.851166 0.084345 2.851852 0.083157
2.851852 0.083157 2.850480 0.083157
2.850480 0.083157 2.849794 0.081969
2.849794 0.081969 2.850480 0.080782
2.850480 0.080782 2.851852 0.080782
2.851852 0.080782 2.851166 0.079594
2.851166 0.079594 2.851852 0.078406
2.851852 0.078406 2.850480 0.078406
2.850480 0.078406 2.849794 0.077218
2.849794 0.077218 2.849108 0.078406
2.849108 0.078406 2.847737 0.078406
2.847737 0.078406 2.847051 0.077218
2.847051 0.077218 2.847737 0.076030
2.847737 0.076030 2.846365 0.076030
2.846365 0.076030 2.845679 0.074842
2.845679 0.074842 2.846365 0.073654
2.846365 0.073654 2.847737 0.073654
2.847737 0.073654 2.847051 0.072466
2.847051 0.072466 2.847737 0.071278
2.847737 0.071278 2.849108 0.071278
2.849108 0.071278 2.849794 0.072466
2.849794 0.072466 2.850480 0.071278
2.850480 0.071278 2.851852 0.071278
2.851852 0.071278 2.851166 0.070090
2.851166 0.070090 2.851852 0.068902
2.851852 0.068902 2.850480 0.068902
2.850480 0.068902 2.849794 0.067714
2.849794 0.067714 2.850480 0.066526
2.850480 0.066526 2.851852 0.066526
2.851852 0.066526 2.851166 0.065338
2.851166 0.065338 2.851852 0.064150
2.851852 0.064150 2.853224 0.064150
2.853224 0.064150 2.853909 0.065338
2.853909 0.065338 2.854595 0.064150
2.854595 0.064150 2.855967 0.064150
2.855967 0.064150 2.856653 0.065338
2.856653 0.065338 2.855967 0.066526
2.855967 0.066526 2.857339 0.066526
2.857339 0.066526 2.858025 0.067714
2.858025 0.067714 2.858711 0.066526
2.858711 0.066526 2.860082 0.066526
2.860082 0.066526 2.859396 0.065338
2.859396 0.065338 2.860082 0.064150
2.860082 0.064150 2.861454 0.064150
2.861454 0.064150 2.862140 0.065338
2.862140 0.065338 2.862826 0.064150
2.862826 0.064150 2.864198 0.064150
2.864198 0.064150 2.864883 0.065338
2.864883 0.065338 2.864198 0.066526
2.864198 0.066526 2.865569 0.066526
2.865569 0.066526 2.866255 0.067714
2.866255 0.067714 2.865569 0.068902
2.865569 0.068902 2.864198 0.068902
2.864198 0.068902 2.864883 0.070090
2.864883 0.070090 2.864198 0.071278
2.864198 0.071278 2.865569 0.071278
2.865569 0.071278 2.866255 0.072466
2.866255 0.072466 2.866941 0.071278
2.866941 0.071278 2.868313 0.071278
2.868313 0.071278 2.868999 0.072466
2.868999 0.072466 2.868313 0.073654
2.868313 0.073654 2.869684 0.073654
2.869684 0.073654 2.870370 0.074842
2.870370 0.074842 2.871056 0.073654
2.871056 0.073654 2.872428 0.073654
2.872428 0.073654 2.871742 0.072466
2.871742 0.072466 2.872428 0.071278
2.872428 0.071278 2.873800 0.071278
2.873800 0.071278 2.874486 0.072466
2.874486 0.072466 2.875171 0.071278
2.875171 0.071278 2.876543 0.071278
2.876543 0.071278 2.875857 0.070090
2.875857 0.070090 2.876543 0.068902
2.876543 0.068902 2.875171 0.068902
2.875171 0.068902 2.874486 0.067714
2.874486 0.067714 2.875171 0.066526
2.875171 0.066526 2.876543 0.066526
2.876543 0.066526 2.875857 0.065338
2.875857 0.065338 2.876543 0.064150
2.876543 0.064150 2.877915 0.064150
2.877915 0.064150 2.878601 0.065338
2.878601 0.065338 2.879287 0.064150
2.879287 0.064150 2.880658 0.064150
2.880658 0.064150 2.881344 0.065338
2.881344 0.065338 2.880658 0.066526
2.880658 0.066526 2.882030 0.066526
2.882030 0.066526 2.882716 0.067714
2.882716 0.067714 2.883402 0.066526
2.883402 0.066526 2.884774 0.066526
2.884774 0.066526 2.884088 0.065338
2.884088 0.065338 2.884774 0.064150
2.884774 0.064150 2.886145 0.064150
2.886145 0.064150 2.886831 0.065338
2.886831 0.065338 2.887517 0.064150
2.887517 0.064150 2.888889 0.064150
2.888889 0.064150 2.888203 0.062962
2.888203 0.062962 2.888889 0.061774
2.888889 0.061774 2.887517 0.061774
2.887517 0.061774 2.886831 0.060586
2.886831 0.060586 2.887517 0.059398
2.887517 0.059398 2.888889 0.059398
2.888889 0.059398 2.888203 0.058210
2.888203 0.058210 2.888889 0.057022
2.888889 0.057022 2.887517 0.057022
2.887517 0.057022 2.886831 0.055834
2.886831 0.055834 2.886145 0.057022
2.886145 0.057022 2.884774 0.057022
2.884774 0.057022 2.884088 0.055834
2.884088 0.055834 2.884774 0.054646
2.884774 0.054646 2.883402 0.054646
2.883402 0.054646 2.882716 0.053458
2.882716 0.053458 2.883402 0.052270
2.883402 0.052270 2.884774 0.052270
2.884774 0.052270 2.884088 0.051082
2.884088 0.051082 2.884774 0.049894
2.884774 0.049894 2.886145 0.049894
2.886145 0.049894 2.886831 0.051082
2.886831 0.051082 2.887517 0.049894
2.887517 0.049894 2.888889 0.049894
2.888889 0.049894 2.888203 0.048707
2.888203 0.048707 2.888889 0.047519
2.888889 0.047519 2.887517 0.047519
2.887517 0.047519 2.886831 0.046331
2.886831 0.046331 2.887517 0.045143
2.887517 0.045143 2.888889 0.045143
2.888889 0.045143 2.888203 0.043955
2.888203 0.043955 2.888889 0.042767
2.888889 0.042767 2.887517 0.042767
2.887517 0.042767 2.886831 0.041579
2.886831 0.041579 2.886145 0.042767
2.886145 0.042767 2.884774 0.042767
2.884774 0.042767 2.884088 0.041579
2.884088 0.041579 2.884774 0.040391
2.884774 0.040391 2.883402 0.040391
2.883402 0.040391 2.882716 0.039203
2.882716 0.039203 2.882030 0.040391
2.882030 0.040391 2.880658 0.040391
2.880658 0.040391 2.881344 0.041579
2.881344 0.041579 2.880658 0.042767
2.880658 0.042767 2.879287 0.042767
2.879287 0.042767 2.878601 0.041579
2.878601 0.041579 2.877915 0.042767
2.877915 0.042767 2.876543 0.042767
2.876543 0.042767 2.875857 0.041579
2.875857 0.041579 2.876543 0.040391
2.876543 0.040391 2.875171 0.040391
2.875171 0.040391 2.874486 0.039203
2.874486 0.039203 2.875171 0.038015
2.875171 0.038015 2.876543 0.038015
2.876543 0.038015 2.875857 0.036827
2.875857 0.036827 2.876543 0.035639
2.876543 0.035639 2.875171 0.035639
2.875171 0.035639 2.874486 0.034451
2.874486 0.034451 2.873800 0.035639
2.873800 0.035639 2.872428 0.035639
2.872428 0.035639 2.871742 0.034451
2.871742 0.034451 2.872428 0.033263
2.872428 0.033263 2.871056 0.033263
2.871056 0.033263 2.870370 0.032075
2.870370 0.032075 2.871056 0.030887
2.871056 0.030887 2.872428 0.030887
2.872428 0.030887 2.871742 0.029699
2.871742 0.029699 2.872428 0.028511
2.872428 0.028511 2.873800 0.028511
2.873800 0.028511 2.874486 0.029699
2.874486 0.029699 2.875171 0.028511
2.875171 0.028511 2.876543 0.028511
2.876543 0.028511 2.875857 0.027323
2.875857 0.027323 2.876543 0.026135
2.876543 0.026135 2.875171 0.026135
2.875171 0.026135 2.874486 0.024947
2.874486 0.024947 2.875171 0.023759
2.875171 0.023759 2.876543 0.023759
2.876543 0.023759 2.875857 0.022571
2.875857 0.022571 2.876543 0.021383
2.876543 0.021383 2.877915 0.021383
2.877915 0.021383 2.878601 0.022571
2.878601 0.022571 2.879287 0.021383
2.879287 0.021383 2.880658 0.021383
2.880658 0.021383 2.881344 0.022571
2.881344 0.022571 2.880658 0.023759
2.880658 0.023759 2.882030 0.023759
2.882030 0.023759 2.882716 0.024947
2.882716 0.024947 2.883402 0.023759
2.883402 0.023759 2.884774 0.023759
2.884774 0.023759 2.884088 0.022571
2.884088 0.022571 2.884774 0.021383
2.884774 0.021383 2.886145 0.021383
2.886145 0.021383 2.886831 0.022571
2.886831 0.022571 2.887517 0.021383
2.887517 0.021383 2.888889 0.021383
2.888889 0.021383 2.888203 0.020195
2.888203 0.020195 2.888889 0.019007
2.888889 0.019007 2.887517 0.019007
2.887517 0.019007 2.886831 0.017819
2.886831 0.017819 2.887517 0.016631
2.887517 0.016631 2.888889 0.016631
2.888889 0.016631 2.888203 0.015444
2.888203 0.015444 2.888889 0.014256
2.888889 0.014256 2.887517 0.014256
2.887517 0.014256 2.886831 0.013068
2.886831 0.013068 2.886145 0.014256
2.886145 0.014256 2.884774 0.014256
2.884774 0.014256 2.884088 0.013068
2.884088 0.013068 2.884774 0.011880
2.884774 0.011880 2.883402 0.011880
2.883402 0.011880 2.882716 0.010692
2.882716 0.010692 2.883402 0.009504
2.883402 0.009504 2.884774 0.009504
2.884774 0.009504 2.884088 0.008316
2.884088 0.008316 2.884774 0.007128
2.884774 0.007128 2.886145 0.007128
2.886145 0.007128 2.886831 0.008316
2.886831 0.008316 2.887517 0.007128
2.887517 0.007128 2.888889 0.007128
2.888889 0.007128 2.888203 0.005940
2.888203 0.005940 2.888889 0.004752
2.888889 0.004752 2.887517 0.004752
2.887517 0.004752 2.886831 0.003564
2.886831 0.003564 2.887517 0.002376
2.887517 0.002376 2.888889 0.002376
2.888889 0.002376 2.888203 0.001188
2.888203 0.001188 2.888889 0.000000
2.888889 0.000000 2.890261 0.000000
2.890261 0.000000 2.890947 0.001188
2.890947 0.001188 2.891632 0.000000
2.891632 0.000000 2.893004 0.000000
2.893004 0.000000 2.893690 0.001188
2.893690 0.001188 2.893004 0.002376
2.893004 0.002376 2.894376 0.002376
2.894376 0.002376 2.895062 0.003564
2.895062 0.003564 2.895748 0.002376
2.895748 0.002376 2.897119 0.002376
2.897119 0.002376 2.896433 0.001188
2.896433 0.001188 2.897119 0.000000
2.897119 0.000000 2.898491 0.000000
2.898491 0.000000 2.899177 0.001188
2.899177 0.001188 2.899863 0.000000
2.899863 0.000000 2.901235 0.000000
2.901235 0.000000 2.901920 0.001188
2.901920 0.001188 2.901235 0.002376
2.901235 0.002376 2.902606 0.002376
2.902606 0.002376 2.903292 0.003564
2.903292 0.003564 2.902606 0.004752
2.902606 0.004752 2.901235 0.004752
2.901235 0.004752 2.901920 0.005940
2.901920 0.005940 2.901235 0.007128
2.901235 0.007128 2.902606 0.007128
2.902606 0.007128 2.903292 0.008316
2.903292 0.008316 2.903978 0.007128
2.903978 0.007128 2.905350 0.007128
2.905350 0.007128 2.906036 0.008316
2.906036 0.008316 2.905350 0.009504
2.905350 0.009504 2.906722 0.009504
2.906722 0.009504 2.907407 0.010692
2.907407 0.010692 2.908093 0.009504
2.908093 0.009504 2.909465 0.009504
2.909465 0.009504 2.908779 0.008316
2.908779 0.008316 2.909465 0.007128
2.909465 0.007128 2.910837 0.007128
2.910837 0.007128 2.911523 0.008316
2.911523 0.008316 2.912209 0.007128
2.912209 0.007128 2.913580 0.007128
2.913580 0.007128 2.912894 0.005940
2.912894 0.005940 2.913580 0.004752
2.913580 0.004752 2.912209 0.004752
2.912209 0.004752 2.911523 0.003564
2.911523 0.003564 2.912209 0.002376
2.912209 0.002376 2.913580 0.002376
2.913580 0.002376 2.912894 0.001188
2.912894 0.001188 2.913580 0.000000
2.913580 0.000000 2.914952 0.000000
2.914952 0.000000 2.915638 0.001188
2.915638 0.001188 2.916324 0.000000
2.916324 0.000000 2.917695 0.000000
2.917695 0.000000 2.918381 0.001188
2.918381 0.001188 2.917695 0.002376
2.917695 0.002376 2.919067 0.002376
2.919067 0.002376 2.919753 0.003564
2.919753 0.003564 2.920439 0.002376
2.920439 0.002376 2.921811 0.002376
2.921811 0.002376 2.921125 0.001188
2.921125 0.001188 2.921811 0.000000
2.921811 0.000000 2.923182 0.000000
2.923182 0.000000 2.923868 0.001188
2.923868 0.001188 2.924554 0.000000
2.924554 0.000000 2.925926 0.000000
2.925926 0.000000 2.926612 0.001188
2.926612 0.001188 2.925926 0.002376
2.925926 0.002376 2.927298 0.002376
2.927298 0.002376 2.927984 0.003564
2.927984 0.003564 2.927298 0.004752
2.927298 0.004752 2.925926 0.004752
2.925926 0.004752 2.926612 0.005940
2.926612 0.005940 2.925926 0.007128
2.925926 0.007128 2.927298 0.007128
2.927298 0.007128 2.927984 0.008316
2.927984 0.008316 2.928669 0.007128
2.928669 0.007128 2.930041 0.007128
2.930041 0.007128 2.930727 0.008316
2.930727 0.008316 2.930041 0.009504
2.930041 0.009504 2.931413 0.009504
2.931413 0.009504 2.932099 0.010692
2.932099 0.010692 2.931413 0.011880
2.931413 0.011880 2.930041 0.011880
2.930041 0.011880 2.930727 0.013068
2.930727 0.013068 2.930041 0.014256
2.930041 0.014256 2.928669 0.014256
2.928669 0.014256 2.927984 0.013068
2.927984 0.013068 2.927298 0.014256
2.927298 0.014256 2.925926 0.014256
2.925926 0.014256 2.926612 0.015444
2.926612 0.015444 2.925926 0.016631
2.925926 0.016631 2.927298 0.016631
2.927298 0.016631 2.927984 0.017819
2.927984 0.017819 2.927298 0.019007
2.927298 0.019007 2.925926 0.019007
2.925926 0.019007 2.926612 0.020195
2.926612 0.020195 2.925926 0.021383
2.925926 0.021383 2.927298 0.021383
2.927298 0.021383 2.927984 0.022571
2.927984 0.022571 2.928669 0.021383
2.928669 0.021383 2.930041 0.021383
2.930041 0.021383 2.930727 0.022571
2.930727 0.022571 2.930041 0.023759
2.930041 0.023759 2.931413 0.023759
2.931413 0.023759 2.932099 0.024947
2.932099 0.024947 2.932785 0.023759
2.932785 0.023759 2.934156 0.023759
2.934156 0.023759 2.933471 0.022571
2.933471 0.022571 2.934156 0.021383
2.934156 0.021383 2.935528 0.021383
2.935528 0.021383 2.936214 0.022571
2.936214 0.022571 2.936900 0.021383
2.936900 0.021383 2.938272 0.021383
2.938272 0.021383 2.938957 0.022571
2.938957 0.022571 2.938272 0.023759
2.938272 0.023759 2.939643 0.023759
2.939643 0.023759 2.940329 0.024947
2.940329 0.024947 2.939643 0.026135
2.939643 0.026135 2.938272 0.026135
2.938272 0.026135 2.938957 0.027323
2.938957 0.027323 2.938272 0.028511
2.938272 0.028511 2.939643 0.028511
2.939643 0.028511 2.940329 0.029699
2.940329 0.029699 2.941015 0.028511
2.941015 0.028511 2.942387 0.028511
2.942387 0.028511 2.943073 0.029699
2.943073 0.029699 2.942387 0.030887
2.942387 0.030887 2.943759 0.030887
2.943759 0.030887 2.944444 0.032075
2.944444 0.032075 2.945130 0.030887
2.945130 0.030887 2.946502 0.030887
2.946502 0.030887 2.945816 0.029699
2.945816 0.029699 2.946502 0.028511
2.946502 0.028511 2.947874 0.028511
2.947874 0.028511 2.948560 0.029699
2.948560 0.029699 2.949246 0.028511
2.949246 0.028511 2.950617 0.028511
2.950617 0.028511 2.949931 0.027323
2.949931 0.027323 2.950617 0.026135
2.950617 0.026135 2.949246 0.026135
2.949246 0.026135 2.948560 0.024947
2.948560 0.024947 2.949246 0.023759
2.949246 0.023759 2.950617 0.023759
2.950617 0.023759 2.949931 0.022571
2.949931 0.022571 2.950617 0.021383
2.950617 0.021383 2.951989 0.021383
2.951989 0.021383 2.952675 0.022571
2.952675 0.022571 2.953361 0.021383
2.953361 0.021383 2.954733 0.021383
2.954733 0.021383 2.955418 0.022571
2.955418 0.022571 2.954733 0.023759
2.954733 0.023759 2.956104 0.023759
2.956104 0.023759 2.956790 0.024947
2.956790 0.024947 2.957476 0.023759
2.957476 0.023759 2.958848 0.023759
2.958848 0.023759 2.958162 0.022571
2.958162 0.022571 2.958848 0.021383
2.958848 0.021383 2.960219 0.021383
2.960219 0.021383 2.960905 0.022571
2.960905 0.022571 2.961591 0.021383
2.961591 0.021383 2.962963 0.021383
2.962963 0.021383 2.962277 0.020195
2.962277 0.020195 2.962963 0.019007
2.962963 0.019007 2.961591 0.019007
2.961591 0.019007 2.960905 0.017819
2.960905 0.017819 2.961591 0.016631
2.961591 0.016631 2.962963 0.016631
2.962963 0.016631 2.962277 0.015444
2.962277 0.015444 2.962963 0.014256
2.962963 0.014256 2.961591 0.014256
2.961591 0.014256 2.960905 0.013068
2.960905 0.013068 2.960219 0.014256
2.960219 0.014256 2.958848 0.014256
2.958848 0.014256 2.958162 0.013068
2.958162 0.013068 2.958848 0.011880
2.958848 0.011880 2.957476 0.011880
2.957476 0.011880 2.956790 0.010692
2.956790 0.010692 2.957476 0.009504
2.957476 0.009504 2.958848 0.009504
2.958848 0.009504 2.958162 0.008316
2.958162 0.008316 2.958848 0.007128
2.958848 0.007128 2.960219 0.007128
2.960219 0.007128 2.960905 0.008316
2.960905 0.008316 2.961591 0.007128
2.961591 0.007128 2.962963 0.007128
2.962963 0.007128 2.962277 0.005940
2.962277 0.005940 2.962963 0.004752
2.962963 0.004752 2.961591 0.004752
2.961591 0.004752 2.960905 0.003564
2.960905 0.003564 2.961591 0.002376
2.961591 0.002376 2.962963 0.002376
2.962963 0.002376 2.962277 0.001188
2.962277 0.001188 2.962963 0.000000
2.962963 0.000000 2.964335 0.000000
2.964335 0.000000 2.965021 0.001188
2.965021 0.001188 2.965706 0.000000
2.965706 0.000000 2.967078 0.000000
2.967078 0.000000 2.967764 0.001188
2.967764 0.001188 2.967078 0.002376
2.967078 0.002376 2.968450 0.002376
2.968450 0.002376 2.969136 0.003564
2.969136 0.003564 2.969822 0.002376
2.969822 0.002376 2.971193 0.002376
2.971193 0.002376 2.970508 0.001188
2.970508 0.001188 2.971193 0.000000
2.971193 0.000000 2.972565 0.000000
2.972565 0.000000 2.973251 0.001188
2.973251 0.001188 2.973937 0.000000
2.973937 0.000000 2.975309 0.000000
2.975309 0.000000 2.975995 0.001188
2.975995 0.001188 2.975309 0.002376
2.975309 0.002376 2.976680 0.002376
2.976680 0.002376 2.977366 0.003564
2.977366 0.003564 2.976680 0.004752
2.976680 0.004752 2.975309 0.004752
2.975309 0.004752 2.975995 0.005940
2.975995 0.005940 2.975309 0.007128
2.975309 0.007128 2.976680 0.007128
2.976680 0.007128 2.977366 0.008316
2.977366 0.008316 2.978052 0.007128
2.978052 0.007128 2.979424 0.007128
2.979424 0.007128 2.980110 0.008316
2.980110 0.008316 2.979424 0.009504
2.979424 0.009504 2.980796 0.009504
2.980796 0.009504 2.981481 0.010692
2.981481 0.010692 2.982167 0.009504
2.982167 0.009504 2.983539 0.009504
2.983539 0.009504 2.982853 0.008316
2.982853 0.008316 2.983539 0.007128
2.983539 0.007128 2.984911 0.007128
2.984911 0.007128 2.985597 0.008316
2.985597 0.008316 2.986283 0.007128
2.986283 0.007128 2.987654 0.007128
2.987654 0.007128 2.986968 0.005940
2.986968 0.005940 2.987654 0.004752
2.987654 0.004752 2.986283 0.004752
2.986283 0.004752 2.985597 0.003564
2.985597 0.003564 2.986283 0.002376
2.986283 0.002376 2.987654 0.002376
2.987654 0.002376 2.986968 0.001188
2.986968 0.001188 2.987654 0.000000
2.987654 0.000000 2.989026 0.000000
2.989026 0.000000 2.989712 0.001188
2.989712 0.001188 2.990398 0.000000
2.990398 0.000000 2.991770 0.000000
2.991770 0.000000 2.992455 0.001188
2.992455 0.001188 2.991770 0.002376
2.991770 0.002376 2.993141 0.002376
2.993141 0.002376 2.993827 0.003564
2.993827 0.003564 2.994513 0.002376
2.994513 0.002376 2.995885 0.002376
2.995885 0.002376 2.995199 0.001188
2.995199 0.001188 2.995885 0.000000
2.995885 0.000000 2.997257 0.000000
2.997257 0.000000 2.997942 0.001188
2.997942 0.001188 2.998628 0.000000
2.998628 0.000000 3.000000 0.000000
