# Koch curve segments: x1 y1 x2 y2
# Number of segments: 4096
# Theoretical dimension: 1.261860
#
0.000000 0.000000 0.004115 0.000000
0.004115 0.000000 0.006173 0.003564
0.006173 0.003564 0.008230 0.000000
0.008230 0.000000 0.012346 0.000000
0.012346 0.000000 0.014403 0.003564
0.014403 0.003564 0.012346 0.007128
0.012346 0.007128 0.016461 0.007128
0.016461 0.007128 0.018519 0.010692
0.018519 0.010692 0.020576 0.007128
0.020576 0.007128 0.024691 0.007128
0.024691 0.007128 0.022634 0.003564
0.022634 0.003564 0.024691 0.000000
0.024691 0.000000 0.028807 0.000000
0.028807 0.000000 0.030864 0.003564
0.030864 0.003564 0.032922 0.000000
0.032922 0.000000 0.037037 0.000000
0.037037 0.000000 0.039095 0.003564
0.039095 0.003564 0.037037 0.007128
0.037037 0.007128 0.041152 0.007128
0.041152 0.007128 0.043210 0.010692
0.043210 0.010692 0.041152 0.014256
0.041152 0.014256 0.037037 0.014256
0.037037 0.014256 0.039095 0.017819
0.039095 0.017819 0.037037 0.021383
0.037037 0.021383 0.041152 0.021383
0.041152 0.021383 0.043210 0.024947
0.043210 0.024947 0.045267 0.021383
0.045267 0.021383 0.049383 0.021383
0.049383 0.021383 0.051440 0.024947
0.051440 0.024947 0.049383 0.028511
0.049383 0.028511 0.053498 0.028511
0.053498 0.028511 0.055556 0.032075
0.055556 0.032075 0.057613 0.028511
0.057613 0.028511 0.061728 0.028511
0.061728 0.028511 0.059671 0.024947
0.059671 0.024947 0.061728 0.021383
0.061728 0.021383 0.065844 0.021383
0.065844 0.021383 0.067901 0.024947
0.067901 0.024947 0.069959 0.021383
0.069959 0.021383 0.074074 0.021383
0.074074 0.021383 0.072016 0.017819
0.072016 0.017819 0.074074 0.014256
0.074074 0.014256 0.069959 0.014256
0.069959 0.014256 0.067901 0.010692
0.067901 0.010692 0.069959 0.007128
0.069959 0.007128 0.074074 0.007128
0.074074 0.007128 0.072016 0.003564
0.072016 0.003564 0.074074 0.000000
0.074074 0.000000 0.078189 0.000000
0.078189 0.000000 0.080247 0.003564
0.080247 0.003564 0.082305 0.000000
0.082305 0.000000 0.086420 0.000000
0.086420 0.000000 0.088477 0.003564
0.088477 0.003564 0.086420 0.007128
0.086420 0.007128 0.090535 0.007128
0.090535 0.007128 0.092593 0.010692
0.092593 0.010692 0.094650 0.007128
0.094650 0.007128 0.098765 0.007128
0.098765 0.007128 0.096708 0.003564
0.096708 0.003564 0.098765 0.000000
0.098765 0.000000 0.102881 0.000000
0.102881 0.000000 0.104938 0.003564
0.104938 0.003564 0.106996 0.000000
0.106996 0.000000 0.111111 0.000000
0.111111 0.000000 0.113169 0.003564
0.113169 0.003564 0.111111 0.007128
0.111111 0.007128 0.115226 0.007128
0.115226 0.007128 0.117284 0.010692
0.117284 0.010692 0.115226 0.014256
0.115226 0.014256 0.111111 0.014256
0.111111 0.014256 0.113169 0.017819
0.113169 0.017819 0.111111 0.021383
0.111111 0.021383 0.115226 0.021383
0.115226 0.021383 0.117284 0.024947
0.117284 0.024947 0.119342 0.021383
0.119342 0.021383 0.123457 0.021383
0.123457 0.021383 0.125514 0.024947
0.125514 0.024947 0.123457 0.028511
0.123457 0.028511 0.127572 0.028511
0.127572 0.028511 0.129630 0.032075
0.129630 0.032075 0.127572 0.035639
0.127572 0.035639 0.123457 0.035639
0.123457 0.035639 0.125514 0.039203
0.125514 0.039203 0.123457 0.042767
0.123457 0.042767 0.119342 0.042767
0.119342 0.042767 0.117284 0.039203
0.117284 0.039203 0.115226 0.042767
0.115226 0.042767 0.111111 0.042767
0.111111 0.042767 0.113169 0.046331
0.113169 0.046331 0.111111 0.049894
0.111111 0.049894 0.115226 0.049894
0.115226 0.049894 0.117284 0.053458
0.117284 0.053458 0.115226 0.057022
0.115226 0.057022 0.111111 0.057022
0.111111 0.057022 0.113169 0.060586
0.113169 0.060586 0.111111 0.064150
0.111111 0.064150 0.115226 0.064150
0.115226 0.064150 0.117284 0.067714
0.117284 0.067714 0.119342 0.064150
0.119342 0.064150 0.123457 0.064150
0.123457 0.064150 0.125514 0.067714
0.125514 0.067714 0.123457 0.071278
0.123457 0.071278 0.127572 0.071278
0.127572 0.071278 0.129630 0.074842
0.129630 0.074842 0.131687 0.071278
0.131687 0.071278 0.135802 0.071278
0.135802 0.071278 0.133745 0.067714
0.133745 0.067714 0.135802 0.064150
0.135802 0.064150 0.139918 0.064150
0.139918 0.064150 0.141975 0.067714
0.141975 0.067714 0.144033 0.064150
0.144033 0.064150 0.148148 0.064150
0.148148 0.064150 0.150206 0.067714
0.150206 0.067714 0.148148 0.071278
0.148148 0.071278 0.152263 0.071278
0.152263 0.071278 0.154321 0.074842
0.154321 0.074842 0.152263 0.078406
0.152263 0.078406 0.148148 0.078406
0.148148 0.078406 0.150206 0.081969
0.150206 0.081969 0.148148 0.085533
0.148148 0.085533 0.152263 0.085533
0.152263 0.085533 0.154321 0.089097
0.154321 0.089097 0.156379 0.085533
0.156379 0.085533 0.160494 0.085533
0.160494 0.085533 0.162551 0.089097
0.162551 0.089097 0.160494 0.092661
0.160494 0.092661 0.164609 0.092661
0.164609 0.092661 0.166667 0.096225
0.166667 0.096225 0.168724 0.092661
0.168724 0.092661 0.172840 0.092661
0.172840 0.092661 0.170782 0.089097
0.170782 0.089097 0.172840 0.085533
0.172840 0.085533 0.176955 0.085533
0.176955 0.085533 0.179012 0.089097
0.179012 0.089097 0.181070 0.085533
0.181070 0.085533 0.185185 0.085533
0.185185 0.085533 0.183128 0.081969
0.183128 0.081969 0.185185 0.078406
0.185185 0.078406 0.181070 0.078406
0.181070 0.078406 0.179012 0.074842
0.179012 0.074842 0.181070 0.071278
0.181070 0.071278 0.185185 0.071278
0.185185 0.071278 0.183128 0.067714
0.183128 0.067714 0.185185 0.064150
0.185185 0.064150 0.189300 0.064150
0.189300 0.064150 0.191358 0.067714
0.191358 0.067714 0.193416 0.064150
0.193416 0.064150 0.197531 0.064150
0.197531 0.064150 0.199588 0.067714
0.199588 0.067714 0.197531 0.071278
0.197531 0.071278 0.201646 0.071278
0.201646 0.071278 0.203704 0.074842
0.203704 0.074842 0.205761 0.071278
0.205761 0.071278 0.209877 0.071278
0.209877 0.071278 0.207819 0.067714
0.207819 0.067714 0.209877 0.064150
0.209877 0.064150 0.213992 0.064150
0.213992 0.064150 0.216049 0.067714
0.216049 0.067714 0.218107 0.064150
0.218107 0.064150 0.222222 0.064150
0.222222 0.064150 0.220165 0.060586
0.220165 0.060586 0.222222 0.057022
0.222222 0.057022 0.218107 0.057022
0.218107 0.057022 0.216049 0.053458
0.216049 0.053458 0.218107 0.049894
0.218107 0.049894 0.222222 0.049894
0.222222 0.049894 0.220165 0.046331
0.220165 0.046331 0.222222 0.042767
0.222222 0.042767 0.218107 0.042767
0.218107 0.042767 0.216049 0.039203
0.216049 0.039203 0.213992 0.042767
0.213992 0.042767 0.209877 0.042767
0.209877 0.042767 0.207819 0.039203
0.207819 0.039203 0.209877 0.035639
0.209877 0.035639 0.205761 0.035639
0.205761 0.035639 0.203704 0.032075
0.203704 0.032075 0.205761 0.028511
0.205761 0.028511 0.209877 0.028511
0.209877 0.028511 0.207819 0.024947
0.207819 0.024947 0.209877 0.021383
0.209877 0.021383 0.213992 0.021383
0.213992 0.021383 0.216049 0.024947
0.216049 0.024947 0.218107 0.021383
0.218107 0.021383 0.222222 0.021383
0.222222 0.021383 0.220165 0.017819
0.220165 0.017819 0.222222 0.014256
0.222222 0.014256 0.218107 0.014256
0.218107 0.014256 0.216049 0.010692
0.216049 0.010692 0.218107 0.007128
0.218107 0.007128 0.222222 0.007128
0.222222 0.007128 0.220165 0.003564
0.220165 0.003564 0.222222 0.000000
0.222222 0.000000 0.226337 0.000000
0.226337 0.000000 0.228395 0.003564
0.228395 0.003564 0.230453 0.000000
0.230453 0.000000 0.234568 0.000000
0.234568 0.000000 0.236626 0.003564
0.236626 0.003564 0.234568 0.007128
0.234568 0.007128 0.238683 0.007128
0.238683 0.007128 0.240741 0.010692
0.240741 0.010692 0.242798 0.007128
0.242798 0.007128 0.246914 0.007128
0.246914 0.007128 0.244856 0.003564
0.244856 0.003564 0.246914 0.000000
0.246914 0.000000 0.251029 0.000000
0.251029 0.000000 0.253086 0.003564
0.253086 0.003564 0.255144 0.000000
0.255144 0.000000 0.259259 0.000000
0.259259 0.000000 0.261317 0.003564
0.261317 0.003564 0.259259 0.007128
0.259259 0.007128 0.263374 0.007128
0.263374 0.007128 0.265432 0.010692
0.265432 0.010692 0.263374 0.014256
0.263374 0.014256 0.259259 0.014256
0.259259 0.014256 0.261317 0.017819
0.261317 0.017819 0.259259 0.021383
0.259259 0.021383 0.263374 0.021383
0.263374 0.021383 0.265432 0.024947
0.265432 0.024947 0.267490 0.021383
0.267490 0.021383 0.271605 0.021383
0.271605 0.021383 0.273663 0.024947
0.273663 0.024947 0.271605 0.028511
0.271605 0.028511 0.275720 0.028511
0.275720 0.028511 0.277778 0.032075
0.277778 0.032075 0.279835 0.028511
0.279835 0.028511 0.283951 0.028511
0.283951 0.028511 0.281893 0.024947
0.281893 0.024947 0.283951 0.021383
0.283951 0.021383 0.288066 0.021383
0.288066 0.021383 0.290123 0.024947
0.290123 0.024947 0.292181 0.021383
0.292181 0.021383 0.296296 0.021383
0.296296 0.021383 0.294239 0.017819
0.294239 0.017819 0.296296 0.014256
0.296296 0.014256 0.292181 0.014256
0.292181 0.014256 0.290123 0.010692
0.290123 0.010692 0.292181 0.007128
0.292181 0.007128 0.296296 0.007128
0.296296 0.007128 0.294239 0.003564
0.294239 0.003564 0.296296 0.000000
0.296296 0.000000 0.300412 0.000000
0.300412 0.000000 0.302469 0.003564
0.302469 0.003564 0.304527 0.000000
0.304527 0.000000 0.308642 0.000000
0.308642 0.000000 0.310700 0.003564
0.310700 0.003564 0.308642 0.007128
0.308642 0.007128 0.312757 0.007128
0.312757 0.007128 0.314815 0.010692
0.314815 0.010692 0.316872 0.007128
0.316872 0.007128 0.320988 0.007128
0.320988 0.007128 0.318930 0.003564
0.318930 0.003564 0.320988 0.000000
0.320988 0.000000 0.325103 0.000000
0.325103 0.000000 0.327160 0.003564
0.327160 0.003564 0.329218 0.000000
0.329218 0.000000 0.333333 0.000000
0.333333 0.000000 0.335391 0.003564
0.335391 0.003564 0.333333 0.007128
0.333333 0.007128 0.337449 0.007128
0.337449 0.007128 0.339506 0.010692
0.339506 0.010692 0.337449 0.014256
0.337449 0.014256 0.333333 0.014256
0.333333 0.014256 0.335391 0.017819
0.335391 0.017819 0.333333 0.021383
0.333333 0.021383 0.337449 0.021383
0.337449 0.021383 0.339506 0.024947
0.339506 0.024947 0.341564 0.021383
0.341564 0.021383 0.345679 0.021383
0.345679 0.021383 0.347737 0.024947
0.347737 0.024947 0.345679 0.028511
0.345679 0.028511 0.349794 0.028511
0.349794 0.028511 0.351852 0.032075
0.351852 0.032075 0.349794 0.035639
0.349794 0.035639 0.345679 0.035639
0.345679 0.035639 0.347737 0.039203
0.347737 0.039203 0.345679 0.042767
0.345679 0.042767 0.341564 0.042767
0.341564 0.042767 0.339506 0.039203
0.339506 0.039203 0.337449 0.042767
0.337449 0.042767 0.333333 0.042767
0.333333 0.042767 0.335391 0.046331
0.335391 0.046331 0.333333 0.049894
0.333333 0.049894 0.337449 0.049894
0.337449 0.049894 0.339506 0.053458
0.339506 0.053458 0.337449 0.057022
0.337449 0.057022 0.333333 0.057022
0.333333 0.057022 0.335391 0.060586
0.335391 0.060586 0.333333 0.064150
0.333333 0.064150 0.337449 0.064150
0.337449 0.064150 0.339506 0.067714
0.339506 0.067714 0.341564 0.064150
0.341564 0.064150 0.345679 0.064150
0.345679 0.064150 0.347737 0.067714
0.347737 0.067714 0.345679 0.071278
0.345679 0.071278 0.349794 0.071278
0.349794 0.071278 0.351852 0.074842
0.351852 0.074842 0.353909 0.071278
0.353909 0.071278 0.358025 0.071278
0.358025 0.071278 0.355967 0.067714
0.355967 0.067714 0.358025 0.064150
0.358025 0.064150 0.362140 0.064150
0.362140 0.064150 0.364198 0.067714
0.364198 0.067714 0.366255 0.064150
0.366255 0.064150 0.370370 0.064150
0.370370 0.064150 0.372428 0.067714
0.372428 0.067714 0.370370 0.071278
0.370370 0.071278 0.374486 0.071278
0.374486 0.071278 0.376543 0.074842
0.376543 0.074842 0.374486 0.078406
0.374486 0.078406 0.370370 0.078406
0.370370 0.078406 0.372428 0.081969
0.372428 0.081969 0.370370 0.085533
0.370370 0.085533 0.374486 0.085533
0.374486 0.085533 0.376543 0.089097
0.376543 0.089097 0.378601 0.085533
0.378601 0.085533 0.382716 0.085533
0.382716 0.085533 0.384774 0.089097
0.384774 0.089097 0.382716 0.092661
0.382716 0.092661 0.386831 0.092661
0.386831 0.092661 0.388889 0.096225
0.388889 0.096225 0.386831 0.099789
0.386831 0.099789 0.382716 0.099789
0.382716 0.099789 0.384774 0.103353
0.384774 0.103353 0.382716 0.106917
0.382716 0.106917 0.378601 0.106917
0.378601 0.106917 0.376543 0.103353
0.376543 0.103353 0.374486 0.106917
0.374486 0.106917 0.370370 0.106917
0.370370 0.106917 0.372428 0.110481
0.372428 0.110481 0.370370 0.114044
0.370370 0.114044 0.374486 0.114044
0.374486 0.114044 0.376543 0.117608
0.376543 0.117608 0.374486 0.121172
0.374486 0.121172 0.370370 0.121172
0.370370 0.121172 0.372428 0.124736
0.372428 0.124736 0.370370 0.128300
0.370370 0.128300 0.366255 0.128300
0.366255 0.128300 0.364198 0.124736
0.364198 0.124736 0.362140 0.128300
0.362140 0.128300 0.358025 0.128300
0.358025 0.128300 0.355967 0.124736
0.355967 0.124736 0.358025 0.121172
0.358025 0.121172 0.353909 0.121172
0.353909 0.121172 0.351852 0.117608
0.351852 0.117608 0.349794 0.121172
0.349794 0.121172 0.345679 0.121172
0.345679 0.121172 0.347737 0.124736
0.347737 0.124736 0.345679 0.128300
0.345679 0.128300 0.341564 0.128300
0.341564 0.128300 0.339506 0.124736
0.339506 0.124736 0.337449 0.128300
0.337449 0.128300 0.333333 0.128300
0.333333 0.128300 0.335391 0.131864
0.335391 0.131864 0.333333 0.135428
0.333333 0.135428 0.337449 0.135428
0.337449 0.135428 0.339506 0.138992
0.339506 0.138992 0.337449 0.142556
0.337449 0.142556 0.333333 0.142556
0.333333 0.142556 0.335391 0.146120
0.335391 0.146120 0.333333 0.149683
0.333333 0.149683 0.337449 0.149683
0.337449 0.149683 0.339506 0.153247
0.339506 0.153247 0.341564 0.149683
0.341564 0.149683 0.345679 0.149683
0.345679 0.149683 0.347737 0.153247
0.347737 0.153247 0.345679 0.156811
0.345679 0.156811 0.349794 0.156811
0.349794 0.156811 0.351852 0.160375
0.351852 0.160375 0.349794 0.163939
0.349794 0.163939 0.345679 0.163939
0.345679 0.163939 0.347737 0.167503
0.347737 0.167503 0.345679 0.171067
0.345679 0.171067 0.341564 0.171067
0.341564 0.171067 0.339506 0.167503
0.339506 0.167503 0.337449 0.171067
0.337449 0.171067 0.333333 0.171067
0.333333 0.171067 0.335391 0.174631
0.335391 0.174631 0.333333 0.178195
0.333333 0.178195 0.337449 0.178195
0.337449 0.178195 0.339506 0.181758
0.339506 0.181758 0.337449 0.185322
0.337449 0.185322 0.333333 0.185322
0.333333 0.185322 0.335391 0.188886
0.335391 0.188886 0.333333 0.192450
0.333333 0.192450 0.337449 0.192450
0.337449 0.192450 0.339506 0.196014
0.339506 0.196014 0.341564 0.192450
0.341564 0.192450 0.345679 0.192450
0.345679 0.192450 0.347737 0.196014
0.347737 0.196014 0.345679 0.199578
0.345679 0.199578 0.349794 0.199578
0.349794 0.199578 0.351852 0.203142
0.351852 0.203142 0.353909 0.199578
0.353909 0.199578 0.358025 0.199578
0.358025 0.199578 0.355967 0.196014
0.355967 0.196014 0.358025 0.192450
0.358025 0.192450 0.362140 0.192450
0.362140 0.192450 0.364198 0.196014
0.364198 0.196014 0.366255 0.192450
0.366255 0.192450 0.370370 0.192450
0.370370 0.192450 0.372428 0.196014
0.372428 0.196014 0.370370 0.199578
0.370370 0.199578 0.374486 0.199578
0.374486 0.199578 0.376543 0.203142
0.376543 0.203142 0.374486 0.206706
0.374486 0.206706 0.370370 0.206706
0.370370 0.206706 0.372428 0.210270
0.372428 0.210270 0.370370 0.213833
0.370370 0.213833 0.374486 0.213833
0.374486 0.213833 0.376543 0.217397
0.376543 0.217397 0.378601 0.213833
0.378601 0.213833 0.382716 0.213833
0.382716 0.213833 0.384774 0.217397
0.384774 0.217397 0.382716 0.220961
0.382716 0.220961 0.386831 0.220961
0.386831 0.220961 0.388889 0.224525
0.388889 0.224525 0.390947 0.220961
0.390947 0.220961 0.395062 0.220961
0.395062 0.220961 0.393004 0.217397
0.393004 0.217397 0.395062 0.213833
0.395062 0.213833 0.399177 0.213833
0.399177 0.213833 0.401235 0.217397
0.401235 0.217397 0.403292 0.213833
0.403292 0.213833 0.407407 0.213833
0.407407 0.213833 0.405350 0.210270
0.405350 0.210270 0.407407 0.206706
0.407407 0.206706 0.403292 0.206706
0.403292 0.206706 0.401235 0.203142
0.401235 0.203142 0.403292 0.199578
0.403292 0.199578 0.407407 0.199578
0.407407 0.199578 0.405350 0.196014
0.405350 0.196014 0.407407 0.192450
0.407407 0.192450 0.411523 0.192450
0.411523 0.192450 0.413580 0.196014
0.413580 0.196014 0.415638 0.192450
0.415638 0.192450 0.419753 0.192450
0.419753 0.192450 0.421811 0.196014
0.421811 0.196014 0.419753 0.199578
0.419753 0.199578 0.423868 0.199578
0.423868 0.199578 0.425926 0.203142
0.425926 0.203142 0.427984 0.199578
0.427984 0.199578 0.432099 0.199578
0.432099 0.199578 0.430041 0.196014
0.430041 0.196014 0.432099 0.192450
0.432099 0.192450 0.436214 0.192450
0.436214 0.192450 0.438272 0.196014
0.438272 0.196014 0.440329 0.192450
0.440329 0.192450 0.444444 0.192450
0.444444 0.192450 0.446502 0.196014
0.446502 0.196014 0.444444 0.199578
0.444444 0.199578 0.448560 0.199578
0.448560 0.199578 0.450617 0.203142
0.450617 0.203142 0.448560 0.206706
0.448560 0.206706 0.444444 0.206706
0.444444 0.206706 0.446502 0.210270
0.446502 0.210270 0.444444 0.213833
0.444444 0.213833 0.448560 0.213833
0.448560 0.213833 0.450617 0.217397
0.450617 0.217397 0.452675 0.213833
0.452675 0.213833 0.456790 0.213833
0.456790 0.213833 0.458848 0.217397
0.458848 0.217397 0.456790 0.220961
0.456790 0.220961 0.460905 0.220961
0.460905 0.220961 0.462963 0.224525
0.462963 0.224525 0.460905 0.228089
0.460905 0.228089 0.456790 0.228089
0.456790 0.228089 0.458848 0.231653
0.458848 0.231653 0.456790 0.235217
0.456790 0.235217 0.452675 0.235217
0.452675 0.235217 0.450617 0.231653
0.450617 0.231653 0.448560 0.235217
0.448560 0.235217 0.444444 0.235217
0.444444 0.235217 0.446502 0.238781
0.446502 0.238781 0.444444 0.242345
0.444444 0.242345 0.448560 0.242345
0.448560 0.242345 0.450617 0.245908
0.450617 0.245908 0.448560 0.249472
0.448560 0.249472 0.444444 0.249472
0.444444 0.249472 0.446502 0.253036
0.446502 0.253036 0.444444 0.256600
0.444444 0.256600 0.448560 0.256600
0.448560 0.256600 0.450617 0.260164
0.450617 0.260164 0.452675 0.256600
0.452675 0.256600 0.456790 0.256600
0.456790 0.256600 0.458848 0.260164
0.458848 0.260164 0.456790 0.263728
0.456790 0.263728 0.460905 0.263728
0.460905 0.263728 0.462963 0.267292
0.462963 0.267292 0.465021 0.263728
0.465021 0.263728 0.469136 0.263728
0.469136 0.263728 0.467078 0.260164
0.467078 0.260164 0.469136 0.256600
0.469136 0.256600 0.473251 0.256600
0.473251 0.256600 0.475309 0.260164
0.475309 0.260164 0.477366 0.256600
0.477366 0.256600 0.481481 0.256600
0.481481 0.256600 0.483539 0.260164
0.483539 0.260164 0.481481 0.263728
0.481481 0.263728 0.485597 0.263728
0.485597 0.263728 0.487654 0.267292
0.487654 0.267292 0.485597 0.270856
0.485597 0.270856 0.481481 0.270856
0.481481 0.270856 0.483539 0.274420
0.483539 0.274420 0.481481 0.277983
0.481481 0.277983 0.485597 0.277983
0.485597 0.277983 0.487654 0.281547
0.487654 0.281547 0.489712 0.277983
0.489712 0.277983 0.493827 0.277983
0.493827 0.277983 0.495885 0.281547
0.495885 0.281547 0.493827 0.285111
0.493827 0.285111 0.497942 0.285111
0.497942 0.285111 0.500000 0.288675
0.500000 0.288675 0.502058 0.285111
0.502058 0.285111 0.506173 0.285111
0.506173 0.285111 0.504115 0.281547
0.504115 0.281547 0.506173 0.277983
0.506173 0.277983 0.510288 0.277983
0.510288 0.277983 0.512346 0.281547
0.512346 0.281547 0.514403 0.277983
0.514403 0.277983 0.518519 0.277983
0.518519 0.277983 0.516461 0.274420
0.516461 0.274420 0.518519 0.270856
0.518519 0.270856 0.514403 0.270856
0.514403 0.270856 0.512346 0.267292
0.512346 0.267292 0.514403 0.263728
0.514403 0.263728 0.518519 0.263728
0.518519 0.263728 0.516461 0.260164
0.516461 0.260164 0.518519 0.256600
0.518519 0.256600 0.522634 0.256600
0.522634 0.256600 0.524691 0.260164
0.524691 0.260164 0.526749 0.256600
0.526749 0.256600 0.530864 0.256600
0.530864 0.256600 0.532922 0.260164
0.532922 0.260164 0.530864 0.263728
0.530864 0.263728 0.534979 0.263728
0.534979 0.263728 0.537037 0.267292
0.537037 0.267292 0.539095 0.263728
0.539095 0.263728 0.543210 0.263728
0.543210 0.263728 0.541152 0.260164
0.541152 0.260164 0.543210 0.256600
0.543210 0.256600 0.547325 0.256600
0.547325 0.256600 0.549383 0.260164
0.549383 0.260164 0.551440 0.256600
0.551440 0.256600 0.555556 0.256600
0.555556 0.256600 0.553498 0.253036
0.553498 0.253036 0.555556 0.249472
0.555556 0.249472 0.551440 0.249472
0.551440 0.249472 0.549383 0.245908
0.549383 0.245908 0.551440 0.242345
0.551440 0.242345 0.555556 0.242345
0.555556 0.242345 0.553498 0.238781
0.553498 0.238781 0.555556 0.235217
0.555556 0.235217 0.551440 0.235217
0.551440 0.235217 0.549383 0.231653
0.549383 0.231653 0.547325 0.235217
0.547325 0.235217 0.543210 0.235217
0.543210 0.235217 0.541152 0.231653
0.541152 0.231653 0.543210 0.228089
0.543210 0.228089 0.539095 0.228089
0.539095 0.228089 0.537037 0.224525
0.537037 0.224525 0.539095 0.220961
0.539095 0.220961 0.543210 0.220961
0.543210 0.220961 0.541152 0.217397
0.541152 0.217397 0.543210 0.213833
0.543210 0.213833 0.547325 0.213833
0.547325 0.213833 0.549383 0.217397
0.549383 0.217397 0.551440 0.213833
0.551440 0.213833 0.555556 0.213833
0.555556 0.213833 0.553498 0.210270
0.553498 0.210270 0.555556 0.206706
0.555556 0.206706 0.551440 0.206706
0.551440 0.206706 0.549383 0.203142
0.549383 0.203142 0.551440 0.199578
0.551440 0.199578 0.555556 0.199578
0.555556 0.199578 0.553498 0.196014
0.553498 0.196014 0.555556 0.192450
0.555556 0.192450 0.559671 0.192450
0.559671 0.192450 0.561728 0.196014
0.561728 0.196014 0.563786 0.192450
0.563786 0.192450 0.567901 0.192450
0.567901 0.192450 0.569959 0.196014
0.569959 0.196014 0.567901 0.199578
0.567901 0.199578 0.572016 0.199578
0.572016 0.199578 0.574074 0.203142
0.574074 0.203142 0.576132 0.199578
0.576132 0.199578 0.580247 0.199578
0.580247 0.199578 0.578189 0.196014
0.578189 0.196014 0.580247 0.192450
0.580247 0.192450 0.584362 0.192450
0.584362 0.192450 0.586420 0.196014
0.586420 0.196014 0.588477 0.192450
0.588477 0.192450 0.592593 0.192450
0.592593 0.192450 0.594650 0.196014
0.594650 0.196014 0.592593 0.199578
0.592593 0.199578 0.596708 0.199578
0.596708 0.199578 0.598765 0.203142
0.598765 0.203142 0.596708 0.206706
0.596708 0.206706 0.592593 0.206706
0.592593 0.206706 0.594650 0.210270
0.594650 0.210270 0.592593 0.213833
0.592593 0.213833 0.596708 0.213833
0.596708 0.213833 0.598765 0.217397
0.598765 0.217397 0.600823 0.213833
0.600823 0.213833 0.604938 0.213833
0.604938 0.213833 0.606996 0.217397
0.606996 0.217397 0.604938 0.220961
0.604938 0.220961 0.609053 0.220961
0.609053 0.220961 0.611111 0.224525
0.611111 0.224525 0.613169 0.220961
0.613169 0.220961 0.617284 0.220961
0.617284 0.220961 0.615226 0.217397
0.615226 0.217397 0.617284 0.213833
0.617284 0.213833 0.621399 0.213833
0.621399 0.213833 0.623457 0.217397
0.623457 0.217397 0.625514 0.213833
0.625514 0.213833 0.629630 0.213833
0.629630 0.213833 0.627572 0.210270
0.627572 0.210270 0.629630 0.206706
0.629630 0.206706 0.625514 0.206706
0.625514 0.206706 0.623457 0.203142
0.623457 0.203142 0.625514 0.199578
0.625514 0.199578 0.629630 0.199578
0.629630 0.199578 0.627572 0.196014
0.627572 0.196014 0.629630 0.192450
0.629630 0.192450 0.633745 0.192450
0.633745 0.192450 0.635802 0.196014
0.635802 0.196014 0.637860 0.192450
0.637860 0.192450 0.641975 0.192450
0.641975 0.192450 0.644033 0.196014
0.644033 0.196014 0.641975 0.199578
0.641975 0.199578 0.646091 0.199578
0.646091 0.199578 0.648148 0.203142
0.648148 0.203142 0.650206 0.199578
0.650206 0.199578 0.654321 0.199578
0.654321 0.199578 0.652263 0.196014
0.652263 0.196014 0.654321 0.192450
0.654321 0.192450 0.658436 0.192450
0.658436 0.192450 0.660494 0.196014
0.660494 0.196014 0.662551 0.192450
0.662551 0.192450 0.666667 0.192450
0.666667 0.192450 0.664609 0.188886
0.664609 0.188886 0.666667 0.185322
0.666667 0.185322 0.662551 0.185322
0.662551 0.185322 0.660494 0.181758
0.660494 0.181758 0.662551 0.178195
0.662551 0.178195 0.666667 0.178195
0.666667 0.178195 0.664609 0.174631
0.664609 0.174631 0.666667 0.171067
0.666667 0.171067 0.662551 0.171067
0.662551 0.171067 0.660494 0.167503
0.660494 0.167503 0.658436 0.171067
0.658436 0.171067 0.654321 0.171067
0.654321 0.171067 0.652263 0.167503
0.652263 0.167503 0.654321 0.163939
0.654321 0.163939 0.650206 0.163939
0.650206 0.163939 0.648148 0.160375
0.648148 0.160375 0.650206 0.156811
0.650206 0.156811 0.654321 0.156811
0.654321 0.156811 0.652263 0.153247
0.652263 0.153247 0.654321 0.149683
0.654321 0.149683 0.658436 0.149683
0.658436 0.149683 0.660494 0.153247
0.660494 0.153247 0.662551 0.149683
0.662551 0.149683 0.666667 0.149683
0.666667 0.149683 0.664609 0.146120
0.664609 0.146120 0.666667 0.142556
0.666667 0.142556 0.662551 0.142556
0.662551 0.142556 0.660494 0.138992
0.660494 0.138992 0.662551 0.135428
0.662551 0.135428 0.666667 0.135428
0.666667 0.135428 0.664609 0.131864
0.664609 0.131864 0.666667 0.128300
0.666667 0.128300 0.662551 0.128300
0.662551 0.128300 0.660494 0.124736
0.660494 0.124736 0.658436 0.128300
0.658436 0.128300 0.654321 0.128300
0.654321 0.128300 0.652263 0.124736
0.652263 0.124736 0.654321 0.121172
0.654321 0.121172 0.650206 0.121172
0.650206 0.121172 0.648148 0.117608
0.648148 0.117608 0.646091 0.121172
0.646091 0.121172 0.641975 0.121172
0.641975 0.121172 0.644033 0.124736
0.644033 0.124736 0.641975 0.128300
0.641975 0.128300 0.637860 0.128300
0.637860 0.128300 0.635802 0.124736
0.635802 0.124736 0.633745 0.128300
0.633745 0.128300 0.629630 0.128300
0.629630 0.128300 0.627572 0.124736
0.627572 0.124736 0.629630 0.121172
0.629630 0.121172 0.625514 0.121172
0.625514 0.121172 0.623457 0.117608
0.623457 0.117608 0.625514 0.114044
0.625514 0.114044 0.629630 0.114044
0.629630 0.114044 0.627572 0.110481
0.627572 0.110481 0.629630 0.106917
0.629630 0.106917 0.625514 0.106917
0.625514 0.106917 0.623457 0.103353
0.623457 0.103353 0.621399 0.106917
0.621399 0.106917 0.617284 0.106917
0.617284 0.106917 0.615226 0.103353
0.615226 0.103353 0.617284 0.099789
0.617284 0.099789 0.613169 0.099789
0.613169 0.099789 0.611111 0.096225
0.611111 0.096225 0.613169 0.092661
0.613169 0.092661 0.617284 0.092661
0.617284 0.092661 0.615226 0.089097
0.615226 0.089097 0.617284 0.085533
0.617284 0.085533 0.621399 0.085533
0.621399 0.085533 0.623457 0.089097
0.623457 0.089097 0.625514 0.085533
0.625514 0.085533 0.629630 0.085533
0.629630 0.085533 0.627572 0.081969
0.627572 0.081969 0.629630 0.078406
0.629630 0.078406 0.625514 0.078406
0.625514 0.078406 0.623457 0.074842
0.623457 0.074842 0.625514 0.071278
0.625514 0.071278 0.629630 0.071278
0.629630 0.071278 0.627572 0.067714
0.627572 0.067714 0.629630 0.064150
0.629630 0.064150 0.633745 0.064150
0.633745 0.064150 0.635802 0.067714
0.635802 0.067714 0.637860 0.064150
0.637860 0.064150 0.641975 0.064150
0.641975 0.064150 0.644033 0.067714
0.644033 0.067714 0.641975 0.071278
0.641975 0.071278 0.646091 0.071278
0.646091 0.071278 0.648148 0.074842
0.648148 0.074842 0.650206 0.071278
0.650206 0.071278 0.654321 0.071278
0.654321 0.071278 0.652263 0.067714
0.652263 0.067714 0.654321 0.064150
0.654321 0.064150 0.658436 0.064150
0.658436 0.064150 0.660494 0.067714
0.660494 0.067714 0.662551 0.064150
0.662551 0.064150 0.666667 0.064150
0.666667 0.064150 0.664609 0.060586
0.664609 0.060586 0.666667 0.057022
0.666667 0.057022 0.662551 0.057022
0.662551 0.057022 0.660494 0.053458
0.660494 0.053458 0.662551 0.049894
0.662551 0.049894 0.666667 0.049894
0.666667 0.049894 0.664609 0.046331
0.664609 0.046331 0.666667 0.042767
0.666667 0.042767 0.662551 0.042767
0.662551 0.042767 0.660494 0.039203
0.660494 0.039203 0.658436 0.042767
0.658436 0.042767 0.654321 0.042767
0.654321 0.042767 0.652263 0.039203
0.652263 0.039203 0.654321 0.035639
0.654321 0.035639 0.650206 0.035639
0.650206 0.035639 0.648148 0.032075
0.648148 0.032075 0.650206 0.028511
0.650206 0.028511 0.654321 0.028511
0.654321 0.028511 0.652263 0.024947
0.652263 0.024947 0.654321 0.021383
0.654321 0.021383 0.658436 0.021383
0.658436 0.021383 0.660494 0.024947
0.660494 0.024947 0.662551 0.021383
0.662551 0.021383 0.666667 0.021383
0.666667 0.021383 0.664609 0.017819
0.664609 0.017819 0.666667 0.014256
0.666667 0.014256 0.662551 0.014256
0.662551 0.014256 0.660494 0.010692
0.660494 0.010692 0.662551 0.007128
0.662551 0.007128 0.666667 0.007128
0.666667 0.007128 0.664609 0.003564
0.664609 0.003564 0.666667 0.000000
0.666667 0.000000 0.670782 0.000000
0.670782 0.000000 0.672840 0.003564
0.672840 0.003564 0.674897 0.000000
0.674897 0.000000 0.679012 0.000000
0.679012 0.000000 0.681070 0.003564
0.681070 0.003564 0.679012 0.007128
0.679012 0.007128 0.683128 0.007128
0.683128 0.007128 0.685185 0.010692
0.685185 0.010692 0.687243 0.007128
0.687243 0.007128 0.691358 0.007128
0.691358 0.007128 0.689300 0.003564
0.689300 0.003564 0.691358 0.000000
0.691358 0.000000 0.695473 0.000000
0.695473 0.000000 0.697531 0.003564
0.697531 0.003564 0.699588 0.000000
0.699588 0.000000 0.703704 0.000000
0.703704 0.000000 0.705761 0.003564
0.705761 0.003564 0.703704 0.007128
0.703704 0.007128 0.707819 0.007128
0.707819 0.007128 0.709877 0.010692
0.709877 0.010692 0.707819 0.014256
0.707819 0.014256 0.703704 0.014256
0.703704 0.014256 0.705761 0.017819
0.705761 0.017819 0.703704 0.021383
0.703704 0.021383 0.707819 0.021383
0.707819 0.021383 0.709877 0.024947
0.709877 0.024947 0.711934 0.021383
0.711934 0.021383 0.716049 0.021383
0.716049 0.021383 0.718107 0.024947
0.718107 0.024947 0.716049 0.028511
0.716049 0.028511 0.720165 0.028511
0.720165 0.028511 0.722222 0.032075
0.722222 0.032075 0.724280 0.028511
0.724280 0.028511 0.728395 0.028511
0.728395 0.028511 0.726337 0.024947
0.726337 0.024947 0.728395 0.021383
0.728395 0.021383 0.732510 0.021383
0.732510 0.021383 0.734568 0.024947
0.734568 0.024947 0.736626 0.021383
0.736626 0.021383 0.740741 0.021383
0.740741 0.021383 0.738683 0.017819
0.738683 0.017819 0.740741 0.014256
0.740741 0.014256 0.736626 0.014256
0.736626 0.014256 0.734568 0.010692
0.734568 0.010692 0.736626 0.007128
0.736626 0.007128 0.740741 0.007128
0.740741 0.007128 0.738683 0.003564
0.738683 0.003564 0.740741 0.000000
0.740741 0.000000 0.744856 0.000000
0.744856 0.000000 0.746914 0.003564
0.746914 0.003564 0.748971 0.000000
0.748971 0.000000 0.753086 0.000000
0.753086 0.000000 0.755144 0.003564
0.755144 0.003564 0.753086 0.007128
0.753086 0.007128 0.757202 0.007128
0.757202 0.007128 0.759259 0.010692
0.759259 0.010692 0.761317 0.007128
0.761317 0.007128 0.765432 0.007128
0.765432 0.007128 0.763374 0.003564
0.763374 0.003564 0.765432 0.000000
0.765432 0.000000 0.769547 0.000000
0.769547 0.000000 0.771605 0.003564
0.771605 0.003564 0.773663 0.000000
0.773663 0.000000 0.777778 0.000000
0.777778 0.000000 0.779835 0.003564
0.779835 0.003564 0.777778 0.007128
0.777778 0.007128 0.781893 0.007128
0.781893 0.007128 0.783951 0.010692
0.783951 0.010692 0.781893 0.014256
0.781893 0.014256 0.777778 0.014256
0.777778 0.014256 0.779835 0.017819
0.779835 0.017819 0.777778 0.021383
0.777778 0.021383 0.781893 0.021383
0.781893 0.021383 0.783951 0.024947
0.783951 0.024947 0.786008 0.021383
0.786008 0.021383 0.790123 0.021383
0.790123 0.021383 0.792181 0.024947
0.792181 0.024947 0.790123 0.028511
0.790123 0.028511 0.794239 0.028511
0.794239 0.028511 0.796296 0.032075
0.796296 0.032075 0.794239 0.035639
0.794239 0.035639 0.790123 0.035639
0.790123 0.035639 0.792181 0.039203
0.792181 0.039203 0.790123 0.042767
0.790123 0.042767 0.786008 0.042767
0.786008 0.042767 0.783951 0.039203
0.783951 0.039203 0.781893 0.042767
0.781893 0.042767 0.777778 0.042767
0.777778 0.042767 0.779835 0.046331
0.779835 0.046331 0.777778 0.049894
0.777778 0.049894 0.781893 0.049894
0.781893 0.049894 0.783951 0.053458
0.783951 0.053458 0.781893 0.057022
0.781893 0.057022 0.777778 0.057022
0.777778 0.057022 0.779835 0.060586
0.779835 0.060586 0.777778 0.064150
0.777778 0.064150 0.781893 0.064150
0.781893 0.064150 0.783951 0.067714
0.783951 0.067714 0.786008 0.064150
0.786008 0.064150 0.790123 0.064150
0.790123 0.064150 0.792181 0.067714
0.792181 0.067714 0.790123 0.071278
0.790123 0.071278 0.794239 0.071278
0.794239 0.071278 0.796296 0.074842
0.796296 0.074842 0.798354 0.071278
0.798354 0.071278 0.802469 0.071278
0.802469 0.071278 0.800412 0.067714
0.800412 0.067714 0.802469 0.064150
0.802469 0.064150 0.806584 0.064150
0.806584 0.064150 0.808642 0.067714
0.808642 0.067714 0.810700 0.064150
0.810700 0.064150 0.814815 0.064150
0.814815 0.064150 0.816872 0.067714
0.816872 0.067714 0.814815 0.071278
0.814815 0.071278 0.818930 0.071278
0.818930 0.071278 0.820988 0.074842
0.820988 0.074842 0.818930 0.078406
0.818930 0.078406 0.814815 0.078406
0.814815 0.078406 0.816872 0.081969
0.816872 0.081969 0.814815 0.085533
0.814815 0.085533 0.818930 0.085533
0.818930 0.085533 0.820988 0.089097
0.820988 0.089097 0.823045 0.085533
0.823045 0.085533 0.827160 0.085533
0.827160 0.085533 0.829218 0.089097
0.829218 0.089097 0.827160 0.092661
0.827160 0.092661 0.831276 0.092661
0.831276 0.092661 0.833333 0.096225
0.833333 0.096225 0.835391 0.092661
0.835391 0.092661 0.839506 0.092661
0.839506 0.092661 0.837449 0.089097
0.837449 0.089097 0.839506 0.085533
0.839506 0.085533 0.843621 0.085533
0.843621 0.085533 0.845679 0.089097
0.845679 0.089097 0.847737 0.085533
0.847737 0.085533 0.851852 0.085533
0.851852 0.085533 0.849794 0.081969
0.849794 0.081969 0.851852 0.078406
0.851852 0.078406 0.847737 0.078406
0.847737 0.078406 0.845679 0.074842
0.845679 0.074842 0.847737 0.071278
0.847737 0.071278 0.851852 0.071278
0.851852 0.071278 0.849794 0.067714
0.849794 0.067714 0.851852 0.064150
0.851852 0.064150 0.855967 0.064150
0.855967 0.064150 0.858025 0.067714
0.858025 0.067714 0.860082 0.064150
0.860082 0.064150 0.864198 0.064150
0.864198 0.064150 0.866255 0.067714
0.866255 0.067714 0.864198 0.071278
0.864198 0.071278 0.868313 0.071278
0.868313 0.071278 0.870370 0.074842
0.870370 0.074842 0.872428 0.071278
0.872428 0.071278 0.876543 0.071278
0.876543 0.071278 0.874486 0.067714
0.874486 0.067714 0.876543 0.064150
0.876543 0.064150 0.880658 0.064150
0.880658 0.064150 0.882716 0.067714
0.882716 0.067714 0.884774 0.064150
0.884774 0.064150 0.888889 0.064150
0.888889 0.064150 0.886831 0.060586
0.886831 0.060586 0.888889 0.057022
0.888889 0.057022 0.884774 0.057022
0.884774 0.057022 0.882716 0.053458
0.882716 0.053458 0.884774 0.049894
0.884774 0.049894 0.888889 0.049894
0.888889 0.049894 0.886831 0.046331
0.886831 0.046331 0.888889 0.042767
0.888889 0.042767 0.884774 0.042767
0.884774 0.042767 0.882716 0.039203
0.882716 0.039203 0.880658 0.042767
0.880658 0.042767 0.876543 0.042767
0.876543 0.042767 0.874486 0.039203
0.874486 0.039203 0.876543 0.035639
0.876543 0.035639 0.872428 0.035639
0.872428 0.035639 0.870370 0.032075
0.870370 0.032075 0.872428 0.028511
0.872428 0.028511 0.876543 0.028511
0.876543 0.028511 0.874486 0.024947
0.874486 0.024947 0.876543 0.021383
0.876543 0.021383 0.880658 0.021383
0.880658 0.021383 0.882716 0.024947
0.882716 0.024947 0.884774 0.021383
0.884774 0.021383 0.888889 0.021383
0.888889 0.021383 0.886831 0.017819
0.886831 0.017819 0.888889 0.014256
0.888889 0.014256 0.884774 0.014256
0.884774 0.014256 0.882716 0.010692
0.882716 0.010692 0.884774 0.007128
0.884774 0.007128 0.888889 0.007128
0.888889 0.007128 0.886831 0.003564
0.886831 0.003564 0.888889 0.000000
0.888889 0.000000 0.893004 0.000000
0.893004 0.000000 0.895062 0.003564
0.895062 0.003564 0.897119 0.000000
0.897119 0.000000 0.901235 0.000000
0.901235 0.000000 0.903292 0.003564
0.903292 0.003564 0.901235 0.007128
0.901235 0.007128 0.905350 0.007128
0.905350 0.007128 0.907407 0.010692
0.907407 0.010692 0.909465 0.007128
0.909465 0.007128 0.913580 0.007128
0.913580 0.007128 0.911523 0.003564
0.911523 0.003564 0.913580 0.000000
0.913580 0.000000 0.917695 0.000000
0.917695 0.000000 0.919753 0.003564
0.919753 0.003564 0.921811 0.000000
0.921811 0.000000 0.925926 0.000000
0.925926 0.000000 0.927984 0.003564
0.927984 0.003564 0.925926 0.007128
0.925926 0.007128 0.930041 0.007128
0.930041 0.007128 0.932099 0.010692
0.932099 0.010692 0.930041 0.014256
0.930041 0.014256 0.925926 0.014256
0.925926 0.014256 0.927984 0.017819
0.927984 0.017819 0.925926 0.021383
0.925926 0.021383 0.930041 0.021383
0.930041 0.021383 0.932099 0.024947
0.932099 0.024947 0.934156 0.021383
0.934156 0.021383 0.938272 0.021383
0.938272 0.021383 0.940329 0.024947
0.940329 0.024947 0.938272 0.028511
0.938272 0.028511 0.942387 0.028511
0.942387 0.028511 0.944444 0.032075
0.944444 0.032075 0.946502 0.028511
0.946502 0.028511 0.950617 0.028511
0.950617 0.028511 0.948560 0.024947
0.948560 0.024947 0.950617 0.021383
0.950617 0.021383 0.954733 0.021383
0.954733 0.021383 0.956790 0.024947
0.956790 0.024947 0.958848 0.021383
0.958848 0.021383 0.962963 0.021383
0.962963 0.021383 0.960905 0.017819
0.960905 0.017819 0.962963 0.014256
0.962963 0.014256 0.958848 0.014256
0.958848 0.014256 0.956790 0.010692
0.956790 0.010692 0.958848 0.007128
0.958848 0.007128 0.962963 0.007128
0.962963 0.007128 0.960905 0.003564
0.960905 0.003564 0.962963 0.000000
0.962963 0.000000 0.967078 0.000000
0.967078 0.000000 0.969136 0.003564
0.969136 0.003564 0.971193 0.000000
0.971193 0.000000 0.975309 0.000000
0.975309 0.000000 0.977366 0.003564
0.977366 0.003564 0.975309 0.007128
0.975309 0.007128 0.979424 0.007128
0.979424 0.007128 0.981481 0.010692
0.981481 0.010692 0.983539 0.007128
0.983539 0.007128 0.987654 0.007128
0.987654 0.007128 0.985597 0.003564
0.985597 0.003564 0.987654 0.000000
0.987654 0.000000 0.991770 0.000000
0.991770 0.000000 0.993827 0.003564
0.993827 0.003564 0.995885 0.000000
0.995885 0.000000 1.000000 0.000000
1.000000 0.000000 1.002058 0.003564
1.002058 0.003564 1.000000 0.007128
1.000000 0.007128 1.004115 0.007128
1.004115 0.007128 1.006173 0.010692
1.006173 0.010692 1.004115 0.014256
1.004115 0.014256 1.000000 0.014256
1.000000 0.014256 1.002058 0.017819
1.002058 0.017819 1.000000 0.021383
1.000000 0.021383 1.004115 0.021383
1.004115 0.021383 1.006173 0.024947
1.006173 0.024947 1.008230 0.021383
1.008230 0.021383 1.012346 0.021383
1.012346 0.021383 1.014403 0.024947
1.014403 0.024947 1.012346 0.028511
1.012346 0.028511 1.016461 0.028511
1.016461 0.028511 1.018519 0.032075
1.018519 0.032075 1.016461 0.035639
1.016461 0.035639 1.012346 0.035639
1.012346 0.035639 1.014403 0.039203
1.014403 0.039203 1.012346 0.042767
1.012346 0.042767 1.008230 0.042767
1.008230 0.042767 1.006173 0.039203
1.006173 0.039203 1.004115 0.042767
1.004115 0.042767 1.000000 0.042767
1.000000 0.042767 1.002058 0.046331
1.002058 0.046331 1.000000 0.049894
1.000000 0.049894 1.004115 0.049894
1.004115 0.049894 1.006173 0.053458
1.006173 0.053458 1.004115 0.057022
1.004115 0.057022 1.000000 0.057022
1.000000 0.057022 1.002058 0.060586
1.002058 0.060586 1.000000 0.064150
1.000000 0.064150 1.004115 0.064150
1.004115 0.064150 1.006173 0.067714
1.006173 0.067714 1.008230 0.064150
1.008230 0.064150 1.012346 0.064150
1.012346 0.064150 1.014403 0.067714
1.014403 0.067714 1.012346 0.071278
1.012346 0.071278 1.016461 0.071278
1.016461 0.071278 1.018519 0.074842
1.018519 0.074842 1.020576 0.071278
1.020576 0.071278 1.024691 0.071278
1.024691 0.071278 1.022634 0.067714
1.022634 0.067714 1.024691 0.064150
1.024691 0.064150 1.028807 0.064150
1.028807 0.064150 1.030864 0.067714
1.030864 0.067714 1.032922 0.064150
1.032922 0.064150 1.037037 0.064150
1.037037 0.064150 1.039095 0.067714
1.039095 0.067714 1.037037 0.071278
1.037037 0.071278 1.041152 0.071278
1.041152 0.071278 1.043210 0.074842
1.043210 0.074842 1.041152 0.078406
1.041152 0.078406 1.037037 0.078406
1.037037 0.078406 1.039095 0.081969
1.039095 0.081969 1.037037 0.085533
1.037037 0.085533 1.041152 0.085533
1.041152 0.085533 1.043210 0.089097
1.043210 0.089097 1.045267 0.085533
1.045267 0.085533 1.049383 0.085533
1.049383 0.085533 1.051440 0.089097
1.051440 0.089097 1.049383 0.092661
1.049383 0.092661 1.053498 0.092661
1.053498 0.092661 1.055556 0.096225
1.055556 0.096225 1.053498 0.099789
1.053498 0.099789 1.049383 0.099789
1.049383 0.099789 1.051440 0.103353
1.051440 0.103353 1.049383 0.106917
1.049383 0.106917 1.045267 0.106917
1.045267 0.106917 1.043210 0.103353
1.043210 0.103353 1.041152 0.106917
1.041152 0.106917 1.037037 0.106917
1.037037 0.106917 1.039095 0.110481
1.039095 0.110481 1.037037 0.114044
1.037037 0.114044 1.041152 0.114044
1.041152 0.114044 1.043210 0.117608
1.043210 0.117608 1.041152 0.121172
1.041152 0.121172 1.037037 0.121172
1.037037 0.121172 1.039095 0.124736
1.039095 0.124736 1.037037 0.128300
1.037037 0.128300 1.032922 0.128300
1.032922 0.128300 1.030864 0.124736
1.030864 0.124736 1.028807 0.128300
1.028807 0.128300 1.024691 0.128300
1.024691 0.128300 1.022634 0.124736
1.022634 0.124736 1.024691 0.121172
1.024691 0.121172 1.020576 0.121172
1.020576 0.121172 1.018519 0.117608
1.018519 0.117608 1.016461 0.121172
1.016461 0.121172 1.012346 0.121172
1.012346 0.121172 1.014403 0.124736
1.014403 0.124736 1.012346 0.128300
1.012346 0.128300 1.008230 0.128300
1.008230 0.128300 1.006173 0.124736
1.006173 0.124736 1.004115 0.128300
1.004115 0.128300 1.000000 0.128300
1.000000 0.128300 1.002058 0.131864
1.002058 0.131864 1.000000 0.135428
1.000000 0.135428 1.004115 0.135428
1.004115 0.135428 1.006173 0.138992
1.006173 0.138992 1.004115 0.142556
1.004115 0.142556 1.000000 0.142556
1.000000 0.142556 1.002058 0.146120
1.002058 0.146120 1.000000 0.149683
1.000000 0.149683 1.004115 0.149683
1.004115 0.149683 1.006173 0.153247
1.006173 0.153247 1.008230 0.149683
1.008230 0.149683 1.012346 0.149683
1.012346 0.149683 1.014403 0.153247
1.014403 0.153247 1.012346 0.156811
1.012346 0.156811 1.016461 0.156811
1.016461 0.156811 1.018519 0.160375
1.018519 0.160375 1.016461 0.163939
1.016461 0.163939 1.012346 0.163939
1.012346 0.163939 1.014403 0.167503
1.014403 0.167503 1.012346 0.171067
1.012346 0.171067 1.008230 0.171067
1.008230 0.171067 1.006173 0.167503
1.006173 0.167503 1.004115 0.171067
1.004115 0.171067 1.000000 0.171067
1.000000 0.171067 1.002058 0.174631
1.002058 0.174631 1.000000 0.178195
1.000000 0.178195 1.004115 0.178195
1.004115 0.178195 1.006173 0.181758
1.006173 0.181758 1.004115 0.185322
1.004115 0.185322 1.000000 0.185322
1.000000 0.185322 1.002058 0.188886
1.002058 0.188886 1.000000 0.192450
1.000000 0.192450 1.004115 0.192450
1.004115 0.192450 1.006173 0.196014
1.006173 0.196014 1.008230 0.192450
1.008230 0.192450 1.012346 0.192450
1.012346 0.192450 1.014403 0.196014
1.014403 0.196014 1.012346 0.199578
1.012346 0.199578 1.016461 0.199578
1.016461 0.199578 1.018519 0.203142
1.018519 0.203142 1.020576 0.199578
1.020576 0.199578 1.024691 0.199578
1.024691 0.199578 1.022634 0.196014
1.022634 0.196014 1.024691 0.192450
1.024691 0.192450 1.028807 0.192450
1.028807 0.192450 1.030864 0.196014
1.030864 0.196014 1.032922 0.192450
1.032922 0.192450 1.037037 0.192450
1.037037 0.192450 1.039095 0.196014
1.039095 0.196014 1.037037 0.199578
1.037037 0.199578 1.041152 0.199578
1.041152 0.199578 1.043210 0.203142
1.043210 0.203142 1.041152 0.206706
1.041152 0.206706 1.037037 0.206706
1.037037 0.206706 1.039095 0.210270
1.039095 0.210270 1.037037 0.213833
1.037037 0.213833 1.041152 0.213833
1.041152 0.213833 1.043210 0.217397
1.043210 0.217397 1.045267 0.213833
1.045267 0.213833 1.049383 0.213833
1.049383 0.213833 1.051440 0.217397
1.051440 0.217397 1.049383 0.220961
1.049383 0.220961 1.053498 0.220961
1.053498 0.220961 1.055556 0.224525
1.055556 0.224525 1.057613 0.220961
1.057613 0.220961 1.061728 0.220961
1.061728 0.220961 1.059671 0.217397
1.059671 0.217397 1.061728 0.213833
1.061728 0.213833 1.065844 0.213833
1.065844 0.213833 1.067901 0.217397
1.067901 0.217397 1.069959 0.213833
1.069959 0.213833 1.074074 0.213833
1.074074 0.213833 1.072016 0.210270
1.072016 0.210270 1.074074 0.206706
1.074074 0.206706 1.069959 0.206706
1.069959 0.206706 1.067901 0.203142
1.067901 0.203142 1.069959 0.199578
1.069959 0.199578 1.074074 0.199578
1.074074 0.199578 1.072016 0.196014
1.072016 0.196014 1.074074 0.192450
1.074074 0.192450 1.078189 0.192450
1.078189 0.192450 1.080247 0.196014
1.080247 0.196014 1.082305 0.192450
1.082305 0.192450 1.086420 0.192450
1.086420 0.192450 1.088477 0.196014
1.088477 0.196014 1.086420 0.199578
1.086420 0.199578 1.090535 0.199578
1.090535 0.199578 1.092593 0.203142
1.092593 0.203142 1.094650 0.199578
1.094650 0.199578 1.098765 0.199578
1.098765 0.199578 1.096708 0.196014
1.096708 0.196014 1.098765 0.192450
1.098765 0.192450 1.102881 0.192450
1.102881 0.192450 1.104938 0.196014
1.104938 0.196014 1.106996 0.192450
1.106996 0.192450 1.111111 0.192450
1.111111 0.192450 1.113169 0.196014
1.113169 0.196014 1.111111 0.199578
1.111111 0.199578 1.115226 0.199578
1.115226 0.199578 1.117284 0.203142
1.117284 0.203142 1.115226 0.206706
1.115226 0.206706 1.111111 0.206706
1.111111 0.206706 1.113169 0.210270
1.113169 0.210270 1.111111 0.213833
1.111111 0.213833 1.115226 0.213833
1.115226 0.213833 1.117284 0.217397
1.117284 0.217397 1.119342 0.213833
1.119342 0.213833 1.123457 0.213833
1.123457 0.213833 1.125514 0.217397
1.125514 0.217397 1.123457 0.220961
1.123457 0.220961 1.127572 0.220961
1.127572 0.220961 1.129630 0.224525
1.129630 0.224525 1.127572 0.228089
1.127572 0.228089 1.123457 0.228089
1.123457 0.228089 1.125514 0.231653
1.125514 0.231653 1.123457 0.235217
1.123457 0.235217 1.119342 0.235217
1.119342 0.235217 1.117284 0.231653
1.117284 0.231653 1.115226 0.235217
1.115226 0.235217 1.111111 0.235217
1.111111 0.235217 1.113169 0.238781
1.113169 0.238781 1.111111 0.242345
1.111111 0.242345 1.115226 0.242345
1.115226 0.242345 1.117284 0.245908
1.117284 0.245908 1.115226 0.249472
1.115226 0.249472 1.111111 0.249472
1.111111 0.249472 1.113169 0.253036
1.113169 0.253036 1.111111 0.256600
1.111111 0.256600 1.115226 0.256600
1.115226 0.256600 1.117284 0.260164
1.117284 0.260164 1.119342 0.256600
1.119342 0.256600 1.123457 0.256600
1.123457 0.256600 1.125514 0.260164
1.125514 0.260164 1.123457 0.263728
1.123457 0.263728 1.127572 0.263728
1.127572 0.263728 1.129630 0.267292
1.129630 0.267292 1.131687 0.263728
1.131687 0.263728 1.135802 0.263728
1.135802 0.263728 1.133745 0.260164
1.133745 0.260164 1.135802 0.256600
1.135802 0.256600 1.139918 0.256600
1.139918 0.256600 1.141975 0.260164
1.141975 0.260164 1.144033 0.256600
1.144033 0.256600 1.148148 0.256600
1.148148 0.256600 1.150206 0.260164
1.150206 0.260164 1.148148 0.263728
1.148148 0.263728 1.152263 0.263728
1.152263 0.263728 1.154321 0.267292
1.154321 0.267292 1.152263 0.270856
1.152263 0.270856 1.148148 0.270856
1.148148 0.270856 1.150206 0.274420
1.150206 0.274420 1.148148 0.277983
1.148148 0.277983 1.152263 0.277983
1.152263 0.277983 1.154321 0.281547
1.154321 0.281547 1.156379 0.277983
1.156379 0.277983 1.160494 0.277983
1.160494 0.277983 1.162551 0.281547
1.162551 0.281547 1.160494 0.285111
1.160494 0.285111 1.164609 0.285111
1.164609 0.285111 1.166667 0.288675
1.166667 0.288675 1.164609 0.292239
1.164609 0.292239 1.160494 0.292239
1.160494 0.292239 1.162551 0.295803
1.162551 0.295803 1.160494 0.299367
1.160494 0.299367 1.156379 0.299367
1.156379 0.299367 1.154321 0.295803
1.154321 0.295803 1.152263 0.299367
1.152263 0.299367 1.148148 0.299367
1.148148 0.299367 1.150206 0.302931
1.150206 0.302931 1.148148 0.306495
1.148148 0.306495 1.152263 0.306495
1.152263 0.306495 1.154321 0.310058
1.154321 0.310058 1.152263 0.313622
1.152263 0.313622 1.148148 0.313622
1.148148 0.313622 1.150206 0.317186
1.150206 0.317186 1.148148 0.320750
1.148148 0.320750 1.144033 0.320750
1.144033 0.320750 1.141975 0.317186
1.141975 0.317186 1.139918 0.320750
1.139918 0.320750 1.135802 0.320750
1.135802 0.320750 1.133745 0.317186
1.133745 0.317186 1.135802 0.313622
1.135802 0.313622 1.131687 0.313622
1.131687 0.313622 1.129630 0.310058
1.129630 0.310058 1.127572 0.313622
1.127572 0.313622 1.123457 0.313622
1.123457 0.313622 1.125514 0.317186
1.125514 0.317186 1.123457 0.320750
1.123457 0.320750 1.119342 0.320750
1.119342 0.320750 1.117284 0.317186
1.117284 0.317186 1.115226 0.320750
1.115226 0.320750 1.111111 0.320750
1.111111 0.320750 1.113169 0.324314
1.113169 0.324314 1.111111 0.327878
1.111111 0.327878 1.115226 0.327878
1.115226 0.327878 1.117284 0.331442
1.117284 0.331442 1.115226 0.335006
1.115226 0.335006 1.111111 0.335006
1.111111 0.335006 1.113169 0.338570
1.113169 0.338570 1.111111 0.342133
1.111111 0.342133 1.115226 0.342133
1.115226 0.342133 1.117284 0.345697
1.117284 0.345697 1.119342 0.342133
1.119342 0.342133 1.123457 0.342133
1.123457 0.342133 1.125514 0.345697
1.125514 0.345697 1.123457 0.349261
1.123457 0.349261 1.127572 0.349261
1.127572 0.349261 1.129630 0.352825
1.129630 0.352825 1.127572 0.356389
1.127572 0.356389 1.123457 0.356389
1.123457 0.356389 1.125514 0.359953
1.125514 0.359953 1.123457 0.363517
1.123457 0.363517 1.119342 0.363517
1.119342 0.363517 1.117284 0.359953
1.117284 0.359953 1.115226 0.363517
1.115226 0.363517 1.111111 0.363517
1.111111 0.363517 1.113169 0.367081
1.113169 0.367081 1.111111 0.370645
1.111111 0.370645 1.115226 0.370645
1.115226 0.370645 1.117284 0.374209
1.117284 0.374209 1.115226 0.377772
1.115226 0.377772 1.111111 0.377772
1.111111 0.377772 1.113169 0.381336
1.113169 0.381336 1.111111 0.384900
1.111111 0.384900 1.106996 0.384900
1.106996 0.384900 1.104938 0.381336
1.104938 0.381336 1.102881 0.384900
1.102881 0.384900 1.098765 0.384900
1.098765 0.384900 1.096708 0.381336
1.096708 0.381336 1.098765 0.377772
1.098765 0.377772 1.094650 0.377772
1.094650 0.377772 1.092593 0.374209
1.092593 0.374209 1.090535 0.377772
1.090535 0.377772 1.086420 0.377772
1.086420 0.377772 1.088477 0.381336
1.088477 0.381336 1.086420 0.384900
1.086420 0.384900 1.082305 0.384900
1.082305 0.384900 1.080247 0.381336
1.080247 0.381336 1.078189 0.384900
1.078189 0.384900 1.074074 0.384900
1.074074 0.384900 1.072016 0.381336
1.072016 0.381336 1.074074 0.377772
1.074074 0.377772 1.069959 0.377772
1.069959 0.377772 1.067901 0.374209
1.067901 0.374209 1.069959 0.370645
1.069959 0.370645 1.074074 0.370645
1.074074 0.370645 1.072016 0.367081
1.072016 0.367081 1.074074 0.363517
1.074074 0.363517 1.069959 0.363517
1.069959 0.363517 1.067901 0.359953
1.067901 0.359953 1.065844 0.363517
1.065844 0.363517 1.061728 0.363517
1.061728 0.363517 1.059671 0.359953
1.059671 0.359953 1.061728 0.356389
1.061728 0.356389 1.057613 0.356389
1.057613 0.356389 1.055556 0.352825
1.055556 0.352825 1.053498 0.356389
1.053498 0.356389 1.049383 0.356389
1.049383 0.356389 1.051440 0.359953
1.051440 0.359953 1.049383 0.363517
1.049383 0.363517 1.045267 0.363517
1.045267 0.363517 1.043210 0.359953
1.043210 0.359953 1.041152 0.363517
1.041152 0.363517 1.037037 0.363517
1.037037 0.363517 1.039095 0.367081
1.039095 0.367081 1.037037 0.370645
1.037037 0.370645 1.041152 0.370645
1.041152 0.370645 1.043210 0.374209
1.043210 0.374209 1.041152 0.377772
1.041152 0.377772 1.037037 0.377772
1.037037 0.377772 1.039095 0.381336
1.039095 0.381336 1.037037 0.384900
1.037037 0.384900 1.032922 0.384900
1.032922 0.384900 1.030864 0.381336
1.030864 0.381336 1.028807 0.384900
1.028807 0.384900 1.024691 0.384900
1.024691 0.384900 1.022634 0.381336
1.022634 0.381336 1.024691 0.377772
1.024691 0.377772 1.020576 0.377772
1.020576 0.377772 1.018519 0.374209
1.018519 0.374209 1.016461 0.377772
1.016461 0.377772 1.012346 0.377772
1.012346 0.377772 1.014403 0.381336
1.014403 0.381336 1.012346 0.384900
1.012346 0.384900 1.008230 0.384900
1.008230 0.384900 1.006173 0.381336
1.006173 0.381336 1.004115 0.384900
1.004115 0.384900 1.000000 0.384900
1.000000 0.384900 1.002058 0.388464
1.002058 0.388464 1.000000 0.392028
1.000000 0.392028 1.004115 0.392028
1.004115 0.392028 1.006173 0.395592
1.006173 0.395592 1.004115 0.399156
1.004115 0.399156 1.000000 0.399156
1.000000 0.399156 1.002058 0.402720
1.002058 0.402720 1.000000 0.406284
1.000000 0.406284 1.004115 0.406284
1.004115 0.406284 1.006173 0.409847
1.006173 0.409847 1.008230 0.406284
1.008230 0.406284 1.012346 0.406284
1.012346 0.406284 1.014403 0.409847
1.014403 0.409847 1.012346 0.413411
1.012346 0.413411 1.016461 0.413411
1.016461 0.413411 1.018519 0.416975
1.018519 0.416975 1.016461 0.420539
1.016461 0.420539 1.012346 0.420539
1.012346 0.420539 1.014403 0.424103
1.014403 0.424103 1.012346 0.427667
1.012346 0.427667 1.008230 0.427667
1.008230 0.427667 1.006173 0.424103
1.006173 0.424103 1.004115 0.427667
1.004115 0.427667 1.000000 0.427667
1.000000 0.427667 1.002058 0.431231
1.002058 0.431231 1.000000 0.434795
1.000000 0.434795 1.004115 0.434795
1.004115 0.434795 1.006173 0.438359
1.006173 0.438359 1.004115 0.441922
1.004115 0.441922 1.000000 0.441922
1.000000 0.441922 1.002058 0.445486
1.002058 0.445486 1.000000 0.449050
1.000000 0.449050 1.004115 0.449050
1.004115 0.449050 1.006173 0.452614
1.006173 0.452614 1.008230 0.449050
1.008230 0.449050 1.012346 0.449050
1.012346 0.449050 1.014403 0.452614
1.014403 0.452614 1.012346 0.456178
1.012346 0.456178 1.016461 0.456178
1.016461 0.456178 1.018519 0.459742
1.018519 0.459742 1.020576 0.456178
1.020576 0.456178 1.024691 0.456178
1.024691 0.456178 1.022634 0.452614
1.022634 0.452614 1.024691 0.449050
1.024691 0.449050 1.028807 0.449050
1.028807 0.449050 1.030864 0.452614
1.030864 0.452614 1.032922 0.449050
1.032922 0.449050 1.037037 0.449050
1.037037 0.449050 1.039095 0.452614
1.039095 0.452614 1.037037 0.456178
1.037037 0.456178 1.041152 0.456178
1.041152 0.456178 1.043210 0.459742
1.043210 0.459742 1.041152 0.463306
1.041152 0.463306 1.037037 0.463306
1.037037 0.463306 1.039095 0.466870
1.039095 0.466870 1.037037 0.470434
1.037037 0.470434 1.041152 0.470434
1.041152 0.470434 1.043210 0.473997
1.043210 0.473997 1.045267 0.470434
1.045267 0.470434 1.049383 0.470434
1.049383 0.470434 1.051440 0.473997
1.051440 0.473997 1.049383 0.477561
1.049383 0.477561 1.053498 0.477561
1.053498 0.477561 1.055556 0.481125
1.055556 0.481125 1.053498 0.484689
1.053498 0.484689 1.049383 0.484689
1.049383 0.484689 1.051440 0.488253
1.051440 0.488253 1.049383 0.491817
1.049383 0.491817 1.045267 0.491817
1.045267 0.491817 1.043210 0.488253
1.043210 0.488253 1.041152 0.491817
1.041152 0.491817 1.037037 0.491817
1.037037 0.491817 1.039095 0.495381
1.039095 0.495381 1.037037 0.498945
1.037037 0.498945 1.041152 0.498945
1.041152 0.498945 1.043210 0.502509
1.043210 0.502509 1.041152 0.506072
1.041152 0.506072 1.037037 0.506072
1.037037 0.506072 1.039095 0.509636
1.039095 0.509636 1.037037 0.513200
1.037037 0.513200 1.032922 0.513200
1.032922 0.513200 1.030864 0.509636
1.030864 0.509636 1.028807 0.513200
1.028807 0.513200 1.024691 0.513200
1.024691 0.513200 1.022634 0.509636
1.022634 0.509636 1.024691 0.506072
1.024691 0.506072 1.020576 0.506072
1.020576 0.506072 1.018519 0.502509
1.018519 0.502509 1.016461 0.506072
1.016461 0.506072 1.012346 0.506072
1.012346 0.506072 1.014403 0.509636
1.014403 0.509636 1.012346 0.513200
1.012346 0.513200 1.008230 0.513200
1.008230 0.513200 1.006173 0.509636
1.006173 0.509636 1.004115 0.513200
1.004115 0.513200 1.000000 0.513200
1.000000 0.513200 1.002058 0.516764
1.002058 0.516764 1.000000 0.520328
1.000000 0.520328 1.004115 0.520328
1.004115 0.520328 1.006173 0.523892
1.006173 0.523892 1.004115 0.527456
1.004115 0.527456 1.000000 0.527456
1.000000 0.527456 1.002058 0.531020
1.002058 0.531020 1.000000 0.534584
1.000000 0.534584 1.004115 0.534584
1.004115 0.534584 1.006173 0.538147
1.006173 0.538147 1.008230 0.534584
1.008230 0.534584 1.012346 0.534584
1.012346 0.534584 1.014403 0.538147
1.014403 0.538147 1.012346 0.541711
1.012346 0.541711 1.016461 0.541711
1.016461 0.541711 1.018519 0.545275
1.018519 0.545275 1.016461 0.548839
1.016461 0.548839 1.012346 0.548839
1.012346 0.548839 1.014403 0.552403
1.014403 0.552403 1.012346 0.555967
1.012346 0.555967 1.008230 0.555967
1.008230 0.555967 1.006173 0.552403
1.006173 0.552403 1.004115 0.555967
1.004115 0.555967 1.000000 0.555967
1.000000 0.555967 1.002058 0.559531
1.002058 0.559531 1.000000 0.563095
1.000000 0.563095 1.004115 0.563095
1.004115 0.563095 1.006173 0.566659
1.006173 0.566659 1.004115 0.570222
1.004115 0.570222 1.000000 0.570222
1.000000 0.570222 1.002058 0.573786
1.002058 0.573786 1.000000 0.577350
1.000000 0.577350 1.004115 0.577350
1.004115 0.577350 1.006173 0.580914
1.006173 0.580914 1.008230 0.577350
1.008230 0.577350 1.012346 0.577350
1.012346 0.577350 1.014403 0.580914
1.014403 0.580914 1.012346 0.584478
1.012346 0.584478 1.016461 0.584478
1.016461 0.584478 1.018519 0.588042
1.018519 0.588042 1.020576 0.584478
1.020576 0.584478 1.024691 0.584478
1.024691 0.584478 1.022634 0.580914
1.022634 0.580914 1.024691 0.577350
1.024691 0.577350 1.028807 0.577350
1.028807 0.577350 1.030864 0.580914
1.030864 0.580914 1.032922 0.577350
1.032922 0.577350 1.037037 0.577350
1.037037 0.577350 1.039095 0.580914
1.039095 0.580914 1.037037 0.584478
1.037037 0.584478 1.041152 0.584478
1.041152 0.584478 1.043210 0.588042
1.043210 0.588042 1.041152 0.591606
1.041152 0.591606 1.037037 0.591606
1.037037 0.591606 1.039095 0.595170
1.039095 0.595170 1.037037 0.598734
1.037037 0.598734 1.041152 0.598734
1.041152 0.598734 1.043210 0.602298
1.043210 0.602298 1.045267 0.598734
1.045267 0.598734 1.049383 0.598734
1.049383 0.598734 1.051440 0.602298
1.051440 0.602298 1.049383 0.605861
1.049383 0.605861 1.053498 0.605861
1.053498 0.605861 1.055556 0.609425
1.055556 0.609425 1.057613 0.605861
1.057613 0.605861 1.061728 0.605861
1.061728 0.605861 1.059671 0.602298
1.059671 0.602298 1.061728 0.598734
1.061728 0.598734 1.065844 0.598734
1.065844 0.598734 1.067901 0.602298
1.067901 0.602298 1.069959 0.598734
1.069959 0.598734 1.074074 0.598734
1.074074 0.598734 1.072016 0.595170
1.072016 0.595170 1.074074 0.591606
1.074074 0.591606 1.069959 0.591606
1.069959 0.591606 1.067901 0.588042
1.067901 0.588042 1.069959 0.584478
1.069959 0.584478 1.074074 0.584478
1.074074 0.584478 1.072016 0.580914
1.072016 0.580914 1.074074 0.577350
1.074074 0.577350 1.078189 0.577350
1.078189 0.577350 1.080247 0.580914
1.080247 0.580914 1.082305 0.577350
1.082305 0.577350 1.086420 0.577350
1.086420 0.577350 1.088477 0.580914
1.088477 0.580914 1.086420 0.584478
1.086420 0.584478 1.090535 0.584478
1.090535 0.584478 1.092593 0.588042
1.092593 0.588042 1.094650 0.584478
1.094650 0.584478 1.098765 0.584478
1.098765 0.584478 1.096708 0.580914
1.096708 0.580914 1.098765 0.577350
1.098765 0.577350 1.102881 0.577350
1.102881 0.577350 1.104938 0.580914
1.104938 0.580914 1.106996 0.577350
1.106996 0.577350 1.111111 0.577350
1.111111 0.577350 1.113169 0.580914
1.113169 0.580914 1.111111 0.584478
1.111111 0.584478 1.115226 0.584478
1.115226 0.584478 1.117284 0.588042
1.117284 0.588042 1.115226 0.591606
1.115226 0.591606 1.111111 0.591606
1.111111 0.591606 1.113169 0.595170
1.113169 0.595170 1.111111 0.598734
1.111111 0.598734 1.115226 0.598734
1.115226 0.598734 1.117284 0.602298
1.117284 0.602298 1.119342 0.598734
1.119342 0.598734 1.123457 0.598734
1.123457 0.598734 1.125514 0.602298
1.125514 0.602298 1.123457 0.605861
1.123457 0.605861 1.127572 0.605861
1.127572 0.605861 1.129630 0.609425
1.129630 0.609425 1.127572 0.612989
1.127572 0.612989 1.123457 0.612989
1.123457 0.612989 1.125514 0.616553
1.125514 0.616553 1.123457 0.620117
1.123457 0.620117 1.119342 0.620117
1.119342 0.620117 1.117284 0.616553
1.117284 0.616553 1.115226 0.620117
1.115226 0.620117 1.111111 0.620117
1.111111 0.620117 1.113169 0.623681
1.113169 0.623681 1.111111 0.627245
1.111111 0.627245 1.115226 0.627245
1.115226 0.627245 1.117284 0.630809
1.117284 0.630809 1.115226 0.634373
1.115226 0.634373 1.111111 0.634373
1.111111 0.634373 1.113169 0.637936
1.113169 0.637936 1.111111 0.641500
1.111111 0.641500 1.115226 0.641500
1.115226 0.641500 1.117284 0.645064
1.117284 0.645064 1.119342 0.641500
1.119342 0.641500 1.123457 0.641500
1.123457 0.641500 1.125514 0.645064
1.125514 0.645064 1.123457 0.648628
1.123457 0.648628 1.127572 0.648628
1.127572 0.648628 1.129630 0.652192
1.129630 0.652192 1.131687 0.648628
1.131687 0.648628 1.135802 0.648628
1.135802 0.648628 1.133745 0.645064
1.133745 0.645064 1.135802 0.641500
1.135802 0.641500 1.139918 0.641500
1.139918 0.641500 1.141975 0.645064
1.141975 0.645064 1.144033 0.641500
1.144033 0.641500 1.148148 0.641500
1.148148 0.641500 1.150206 0.645064
1.150206 0.645064 1.148148 0.648628
1.148148 0.648628 1.152263 0.648628
1.152263 0.648628 1.154321 0.652192
1.154321 0.652192 1.152263 0.655756
1.152263 0.655756 1.148148 0.655756
1.148148 0.655756 1.150206 0.659320
1.150206 0.659320 1.148148 0.662884
1.148148 0.662884 1.152263 0.662884
1.152263 0.662884 1.154321 0.666448
1.154321 0.666448 1.156379 0.662884
1.156379 0.662884 1.160494 0.662884
1.160494 0.662884 1.162551 0.666448
1.162551 0.666448 1.160494 0.670011
1.160494 0.670011 1.164609 0.670011
1.164609 0.670011 1.166667 0.673575
1.166667 0.673575 1.168724 0.670011
1.168724 0.670011 1.172840 0.670011
1.172840 0.670011 1.170782 0.666448
1.170782 0.666448 1.172840 0.662884
1.172840 0.662884 1.176955 0.662884
1.176955 0.662884 1.179012 0.666448
1.179012 0.666448 1.181070 0.662884
1.181070 0.662884 1.185185 0.662884
1.185185 0.662884 1.183128 0.659320
1.183128 0.659320 1.185185 0.655756
1.185185 0.655756 1.181070 0.655756
1.181070 0.655756 1.179012 0.652192
1.179012 0.652192 1.181070 0.648628
1.181070 0.648628 1.185185 0.648628
1.185185 0.648628 1.183128 0.645064
1.183128 0.645064 1.185185 0.641500
1.185185 0.641500 1.189300 0.641500
1.189300 0.641500 1.191358 0.645064
1.191358 0.645064 1.193416 0.641500
1.193416 0.641500 1.197531 0.641500
1.197531 0.641500 1.199588 0.645064
1.199588 0.645064 1.197531 0.648628
1.197531 0.648628 1.201646 0.648628
1.201646 0.648628 1.203704 0.652192
1.203704 0.652192 1.205761 0.648628
1.205761 0.648628 1.209877 0.648628
1.209877 0.648628 1.207819 0.645064
1.207819 0.645064 1.209877 0.641500
1.209877 0.641500 1.213992 0.641500
1.213992 0.641500 1.216049 0.645064
1.216049 0.645064 1.218107 0.641500
1.218107 0.641500 1.222222 0.641500
1.222222 0.641500 1.220165 0.637936
1.220165 0.637936 1.222222 0.634373
1.222222 0.634373 1.218107 0.634373
1.218107 0.634373 1.216049 0.630809
1.216049 0.630809 1.218107 0.627245
1.218107 0.627245 1.222222 0.627245
1.222222 0.627245 1.220165 0.623681
1.220165 0.623681 1.222222 0.620117
1.222222 0.620117 1.218107 0.620117
1.218107 0.620117 1.216049 0.616553
1.216049 0.616553 1.213992 0.620117
1.213992 0.620117 1.209877 0.620117
1.209877 0.620117 1.207819 0.616553
1.207819 0.616553 1.209877 0.612989
1.209877 0.612989 1.205761 0.612989
1.205761 0.612989 1.203704 0.609425
1.203704 0.609425 1.205761 0.605861
1.205761 0.605861 1.209877 0.605861
1.209877 0.605861 1.207819 0.602298
1.207819 0.602298 1.209877 0.598734
1.209877 0.598734 1.213992 0.598734
1.213992 0.598734 1.216049 0.602298
1.216049 0.602298 1.218107 0.598734
1.218107 0.598734 1.222222 0.598734
1.222222 0.598734 1.220165 0.595170
1.220165 0.595170 1.222222 0.591606
1.222222 0.591606 1.218107 0.591606
1.218107 0.591606 1.216049 0.588042
1.216049 0.588042 1.218107 0.584478
1.218107 0.584478 1.222222 0.584478
1.222222 0.584478 1.220165 0.580914
1.220165 0.580914 1.222222 0.577350
1.222222 0.577350 1.226337 0.577350
1.226337 0.577350 1.228395 0.580914
1.228395 0.580914 1.230453 0.577350
1.230453 0.577350 1.234568 0.577350
1.234568 0.577350 1.236626 0.580914
1.236626 0.580914 1.234568 0.584478
1.234568 0.584478 1.238683 0.584478
1.238683 0.584478 1.240741 0.588042
1.240741 0.588042 1.242798 0.584478
1.242798 0.584478 1.246914 0.584478
1.246914 0.584478 1.244856 0.580914
1.244856 0.580914 1.246914 0.577350
1.246914 0.577350 1.251029 0.577350
1.251029 0.577350 1.253086 0.580914
1.253086 0.580914 1.255144 0.577350
1.255144 0.577350 1.259259 0.577350
1.259259 0.577350 1.261317 0.580914
1.261317 0.580914 1.259259 0.584478
1.259259 0.584478 1.263374 0.584478
1.263374 0.584478 1.265432 0.588042
1.265432 0.588042 1.263374 0.591606
1.263374 0.591606 1.259259 0.591606
1.259259 0.591606 1.261317 0.595170
1.261317 0.595170 1.259259 0.598734
1.259259 0.598734 1.263374 0.598734
1.263374 0.598734 1.265432 0.602298
1.265432 0.602298 1.267490 0.598734
1.267490 0.598734 1.271605 0.598734
1.271605 0.598734 1.273663 0.602298
1.273663 0.602298 1.271605 0.605861
1.271605 0.605861 1.275720 0.605861
1.275720 0.605861 1.277778 0.609425
1.277778 0.609425 1.279835 0.605861
1.279835 0.605861 1.283951 0.605861
1.283951 0.605861 1.281893 0.602298
1.281893 0.602298 1.283951 0.598734
1.283951 0.598734 1.288066 0.598734
1.288066 0.598734 1.290123 0.602298
1.290123 0.602298 1.292181 0.598734
1.292181 0.598734 1.296296 0.598734
1.296296 0.598734 1.294239 0.595170
1.294239 0.595170 1.296296 0.591606
1.296296 0.591606 1.292181 0.591606
1.292181 0.591606 1.290123 0.588042
1.290123 0.588042 1.292181 0.584478
1.292181 0.584478 1.296296 0.584478
1.296296 0.584478 1.294239 0.580914
1.294239 0.580914 1.296296 0.577350
1.296296 0.577350 1.300412 0.577350
1.300412 0.577350 1.302469 0.580914
1.302469 0.580914 1.304527 0.577350
1.304527 0.577350 1.308642 0.577350
1.308642 0.577350 1.310700 0.580914
1.310700 0.580914 1.308642 0.584478
1.308642 0.584478 1.312757 0.584478
1.312757 0.584478 1.314815 0.588042
1.314815 0.588042 1.316872 0.584478
1.316872 0.584478 1.320988 0.584478
1.320988 0.584478 1.318930 0.580914
1.318930 0.580914 1.320988 0.577350
1.320988 0.577350 1.325103 0.577350
1.325103 0.577350 1.327160 0.580914
1.327160 0.580914 1.329218 0.577350
1.329218 0.577350 1.333333 0.577350
1.333333 0.577350 1.335391 0.580914
1.335391 0.580914 1.333333 0.584478
1.333333 0.584478 1.337449 0.584478
1.337449 0.584478 1.339506 0.588042
1.339506 0.588042 1.337449 0.591606
1.337449 0.591606 1.333333 0.591606
1.333333 0.591606 1.335391 0.595170
1.335391 0.595170 1.333333 0.598734
1.333333 0.598734 1.337449 0.598734
1.337449 0.598734 1.339506 0.602298
1.339506 0.602298 1.341564 0.598734
1.341564 0.598734 1.345679 0.598734
1.345679 0.598734 1.347737 0.602298
1.347737 0.602298 1.345679 0.605861
1.345679 0.605861 1.349794 0.605861
1.349794 0.605861 1.351852 0.609425
1.351852 0.609425 1.349794 0.612989
1.349794 0.612989 1.345679 0.612989
1.345679 0.612989 1.347737 0.616553
1.347737 0.616553 1.345679 0.620117
1.345679 0.620117 1.341564 0.620117
1.341564 0.620117 1.339506 0.616553
1.339506 0.616553 1.337449 0.620117
1.337449 0.620117 1.333333 0.620117
1.333333 0.620117 1.335391 0.623681
1.335391 0.623681 1.333333 0.627245
1.333333 0.627245 1.337449 0.627245
1.337449 0.627245 1.339506 0.630809
1.339506 0.630809 1.337449 0.634373
1.337449 0.634373 1.333333 0.634373
1.333333 0.634373 1.335391 0.637936
1.335391 0.637936 1.333333 0.641500
1.333333 0.641500 1.337449 0.641500
1.337449 0.641500 1.339506 0.645064
1.339506 0.645064 1.341564 0.641500
1.341564 0.641500 1.345679 0.641500
1.345679 0.641500 1.347737 0.645064
1.347737 0.645064 1.345679 0.648628
1.345679 0.648628 1.349794 0.648628
1.349794 0.648628 1.351852 0.652192
1.351852 0.652192 1.353909 0.648628
1.353909 0.648628 1.358025 0.648628
1.358025 0.648628 1.355967 0.645064
1.355967 0.645064 1.358025 0.641500
1.358025 0.641500 1.362140 0.641500
1.362140 0.641500 1.364198 0.645064
1.364198 0.645064 1.366255 0.641500
1.366255 0.641500 1.370370 0.641500
1.370370 0.641500 1.372428 0.645064
1.372428 0.645064 1.370370 0.648628
1.370370 0.648628 1.374486 0.648628
1.374486 0.648628 1.376543 0.652192
1.376543 0.652192 1.374486 0.655756
1.374486 0.655756 1.370370 0.655756
1.370370 0.655756 1.372428 0.659320
1.372428 0.659320 1.370370 0.662884
1.370370 0.662884 1.374486 0.662884
1.374486 0.662884 1.376543 0.666448
1.376543 0.666448 1.378601 0.662884
1.378601 0.662884 1.382716 0.662884
1.382716 0.662884 1.384774 0.666448
1.384774 0.666448 1.382716 0.670011
1.382716 0.670011 1.386831 0.670011
1.386831 0.670011 1.388889 0.673575
1.388889 0.673575 1.386831 0.677139
1.386831 0.677139 1.382716 0.677139
1.382716 0.677139 1.384774 0.680703
1.384774 0.680703 1.382716 0.684267
1.382716 0.684267 1.378601 0.684267
1.378601 0.684267 1.376543 0.680703
1.376543 0.680703 1.374486 0.684267
1.374486 0.684267 1.370370 0.684267
1.370370 0.684267 1.372428 0.687831
1.372428 0.687831 1.370370 0.691395
1.370370 0.691395 1.374486 0.691395
1.374486 0.691395 1.376543 0.694959
1.376543 0.694959 1.374486 0.698523
1.374486 0.698523 1.370370 0.698523
1.370370 0.698523 1.372428 0.702086
1.372428 0.702086 1.370370 0.705650
1.370370 0.705650 1.366255 0.705650
1.366255 0.705650 1.364198 0.702086
1.364198 0.702086 1.362140 0.705650
1.362140 0.705650 1.358025 0.705650
1.358025 0.705650 1.355967 0.702086
1.355967 0.702086 1.358025 0.698523
1.358025 0.698523 1.353909 0.698523
1.353909 0.698523 1.351852 0.694959
1.351852 0.694959 1.349794 0.698523
1.349794 0.698523 1.345679 0.698523
1.345679 0.698523 1.347737 0.702086
1.347737 0.702086 1.345679 0.705650
1.345679 0.705650 1.341564 0.705650
1.341564 0.705650 1.339506 0.702086
1.339506 0.702086 1.337449 0.705650
1.337449 0.705650 1.333333 0.705650
1.333333 0.705650 1.335391 0.709214
1.335391 0.709214 1.333333 0.712778
1.333333 0.712778 1.337449 0.712778
1.337449 0.712778 1.339506 0.716342
1.339506 0.716342 1.337449 0.719906
1.337449 0.719906 1.333333 0.719906
1.333333 0.719906 1.335391 0.723470
1.335391 0.723470 1.333333 0.727034
1.333333 0.727034 1.337449 0.727034
1.337449 0.727034 1.339506 0.730598
1.339506 0.730598 1.341564 0.727034
1.341564 0.727034 1.345679 0.727034
1.345679 0.727034 1.347737 0.730598
1.347737 0.730598 1.345679 0.734161
1.345679 0.734161 1.349794 0.734161
1.349794 0.734161 1.351852 0.737725
1.351852 0.737725 1.349794 0.741289
1.349794 0.741289 1.345679 0.741289
1.345679 0.741289 1.347737 0.744853
1.347737 0.744853 1.345679 0.748417
1.345679 0.748417 1.341564 0.748417
1.341564 0.748417 1.339506 0.744853
1.339506 0.744853 1.337449 0.748417
1.337449 0.748417 1.333333 0.748417
1.333333 0.748417 1.335391 0.751981
1.335391 0.751981 1.333333 0.755545
1.333333 0.755545 1.337449 0.755545
1.337449 0.755545 1.339506 0.759109
1.339506 0.759109 1.337449 0.762673
1.337449 0.762673 1.333333 0.762673
1.333333 0.762673 1.335391 0.766236
1.335391 0.766236 1.333333 0.769800
1.333333 0.769800 1.337449 0.769800
1.337449 0.769800 1.339506 0.773364
1.339506 0.773364 1.341564 0.769800
1.341564 0.769800 1.345679 0.769800
1.345679 0.769800 1.347737 0.773364
1.347737 0.773364 1.345679 0.776928
1.345679 0.776928 1.349794 0.776928
1.349794 0.776928 1.351852 0.780492
1.351852 0.780492 1.353909 0.776928
1.353909 0.776928 1.358025 0.776928
1.358025 0.776928 1.355967 0.773364
1.355967 0.773364 1.358025 0.769800
1.358025 0.769800 1.362140 0.769800
1.362140 0.769800 1.364198 0.773364
1.364198 0.773364 1.366255 0.769800
1.366255 0.769800 1.370370 0.769800
1.370370 0.769800 1.372428 0.773364
1.372428 0.773364 1.370370 0.776928
1.370370 0.776928 1.374486 0.776928
1.374486 0.776928 1.376543 0.780492
1.376543 0.780492 1.374486 0.784056
1.374486 0.784056 1.370370 0.784056
1.370370 0.784056 1.372428 0.787620
1.372428 0.787620 1.370370 0.791184
1.370370 0.791184 1.374486 0.791184
1.374486 0.791184 1.376543 0.794748
1.376543 0.794748 1.378601 0.791184
1.378601 0.791184 1.382716 0.791184
1.382716 0.791184 1.384774 0.794748
1.384774 0.794748 1.382716 0.798311
1.382716 0.798311 1.386831 0.798311
1.386831 0.798311 1.388889 0.801875
1.388889 0.801875 1.390947 0.798311
1.390947 0.798311 1.395062 0.798311
1.395062 0.798311 1.393004 0.794748
1.393004 0.794748 1.395062 0.791184
1.395062 0.791184 1.399177 0.791184
1.399177 0.791184 1.401235 0.794748
1.401235 0.794748 1.403292 0.791184
1.403292 0.791184 1.407407 0.791184
1.407407 0.791184 1.405350 0.787620
1.405350 0.787620 1.407407 0.784056
1.407407 0.784056 1.403292 0.784056
1.403292 0.784056 1.401235 0.780492
1.401235 0.780492 1.403292 0.776928
1.403292 0.776928 1.407407 0.776928
1.407407 0.776928 1.405350 0.773364
1.405350 0.773364 1.407407 0.769800
1.407407 0.769800 1.411523 0.769800
1.411523 0.769800 1.413580 0.773364
1.413580 0.773364 1.415638 0.769800
1.415638 0.769800 1.419753 0.769800
1.419753 0.769800 1.421811 0.773364
1.421811 0.773364 1.419753 0.776928
1.419753 0.776928 1.423868 0.776928
1.423868 0.776928 1.425926 0.780492
1.425926 0.780492 1.427984 0.776928
1.427984 0.776928 1.432099 0.776928
1.432099 0.776928 1.430041 0.773364
1.430041 0.773364 1.432099 0.769800
1.432099 0.769800 1.436214 0.769800
1.436214 0.769800 1.438272 0.773364
1.438272 0.773364 1.440329 0.769800
1.440329 0.769800 1.444444 0.769800
1.444444 0.769800 1.446502 0.773364
1.446502 0.773364 1.444444 0.776928
1.444444 0.776928 1.448560 0.776928
1.448560 0.776928 1.450617 0.780492
1.450617 0.780492 1.448560 0.784056
1.448560 0.784056 1.444444 0.784056
1.444444 0.784056 1.446502 0.787620
1.446502 0.787620 1.444444 0.791184
1.444444 0.791184 1.448560 0.791184
1.448560 0.791184 1.450617 0.794748
1.450617 0.794748 1.452675 0.791184
1.452675 0.791184 1.456790 0.791184
1.456790 0.791184 1.458848 0.794748
1.458848 0.794748 1.456790 0.798311
1.456790 0.798311 1.460905 0.798311
1.460905 0.798311 1.462963 0.801875
1.462963 0.801875 1.460905 0.805439
1.460905 0.805439 1.456790 0.805439
1.456790 0.805439 1.458848 0.809003
1.458848 0.809003 1.456790 0.812567
1.456790 0.812567 1.452675 0.812567
1.452675 0.812567 1.450617 0.809003
1.450617 0.809003 1.448560 0.812567
1.448560 0.812567 1.444444 0.812567
1.444444 0.812567 1.446502 0.816131
1.446502 0.816131 1.444444 0.819695
1.444444 0.819695 1.448560 0.819695
1.448560 0.819695 1.450617 0.823259
1.450617 0.823259 1.448560 0.826823
1.448560 0.826823 1.444444 0.826823
1.444444 0.826823 1.446502 0.830386
1.446502 0.830386 1.444444 0.833950
1.444444 0.833950 1.448560 0.833950
1.448560 0.833950 1.450617 0.837514
1.450617 0.837514 1.452675 0.833950
1.452675 0.833950 1.456790 0.833950
1.456790 0.833950 1.458848 0.837514
1.458848 0.837514 1.456790 0.841078
1.456790 0.841078 1.460905 0.841078
1.460905 0.841078 1.462963 0.844642
1.462963 0.844642 1.465021 0.841078
1.465021 0.841078 1.469136 0.841078
1.469136 0.841078 1.467078 0.837514
1.467078 0.837514 1.469136 0.833950
1.469136 0.833950 1.473251 0.833950
1.473251 0.833950 1.475309 0.837514
1.475309 0.837514 1.477366 0.833950
1.477366 0.833950 1.481481 0.833950
1.481481 0.833950 1.483539 0.837514
1.483539 0.837514 1.481481 0.841078
1.481481 0.841078 1.485597 0.841078
1.485597 0.841078 1.487654 0.844642
1.487654 0.844642 1.485597 0.848206
1.485597 0.848206 1.481481 0.848206
1.481481 0.848206 1.483539 0.851770
1.483539 0.851770 1.481481 0.855334
1.481481 0.855334 1.485597 0.855334
1.485597 0.855334 1.487654 0.858898
1.487654 0.858898 1.489712 0.855334
1.489712 0.855334 1.493827 0.855334
1.493827 0.855334 1.495885 0.858898
1.495885 0.858898 1.493827 0.862462
1.493827 0.862462 1.497942 0.862462
1.497942 0.862462 1.500000 0.866025
1.500000 0.866025 1.502058 0.862462
1.502058 0.862462 1.506173 0.862462
1.506173 0.862462 1.504115 0.858898
1.504115 0.858898 1.506173 0.855334
1.506173 0.855334 1.510288 0.855334
1.510288 0.855334 1.512346 0.858898
1.512346 0.858898 1.514403 0.855334
1.514403 0.855334 1.518519 0.855334
1.518519 0.855334 1.516461 0.851770
1.516461 0.851770 1.518519 0.848206
1.518519 0.848206 1.514403 0.848206
1.514403 0.848206 1.512346 0.844642
1.512346 0.844642 1.514403 0.841078
1.514403 0.841078 1.518519 0.841078
1.518519 0.841078 1.516461 0.837514
1.516461 0.837514 1.518519 0.833950
1.518519 0.833950 1.522634 0.833950
1.522634 0.833950 1.524691 0.837514
1.524691 0.837514 1.526749 0.833950
1.526749 0.833950 1.530864 0.833950
1.530864 0.833950 1.532922 0.837514
1.532922 0.837514 1.530864 0.841078
1.530864 0.841078 1.534979 0.841078
1.534979 0.841078 1.537037 0.844642
1.537037 0.844642 1.539095 0.841078
1.539095 0.841078 1.543210 0.841078
1.543210 0.841078 1.541152 0.837514
1.541152 0.837514 1.543210 0.833950
1.543210 0.833950 1.547325 0.833950
1.547325 0.833950 1.549383 0.837514
1.549383 0.837514 1.551440 0.833950
1.551440 0.833950 1.555556 0.833950
1.555556 0.833950 1.553498 0.830386
1.553498 0.830386 1.555556 0.826823
1.555556 0.826823 1.551440 0.826823
1.551440 0.826823 1.549383 0.823259
1.549383 0.823259 1.551440 0.819695
1.551440 0.819695 1.555556 0.819695
1.555556 0.819695 1.553498 0.816131
1.553498 0.816131 1.555556 0.812567
1.555556 0.812567 1.551440 0.812567
1.551440 0.812567 1.549383 0.809003
1.549383 0.809003 1.547325 0.812567
1.547325 0.812567 1.543210 0.812567
1.543210 0.812567 1.541152 0.809003
1.541152 0.809003 1.543210 0.805439
1.543210 0.805439 1.539095 0.805439
1.539095 0.805439 1.537037 0.801875
1.537037 0.801875 1.539095 0.798311
1.539095 0.798311 1.543210 0.798311
1.543210 0.798311 1.541152 0.794748
1.541152 0.794748 1.543210 0.791184
1.543210 0.791184 1.547325 0.791184
1.547325 0.791184 1.549383 0.794748
1.549383 0.794748 1.551440 0.791184
1.551440 0.791184 1.555556 0.791184
1.555556 0.791184 1.553498 0.787620
1.553498 0.787620 1.555556 0.784056
1.555556 0.784056 1.551440 0.784056
1.551440 0.784056 1.549383 0.780492
1.549383 0.780492 1.551440 0.776928
1.551440 0.776928 1.555556 0.776928
1.555556 0.776928 1.553498 0.773364
1.553498 0.773364 1.555556 0.769800
1.555556 0.769800 1.559671 0.769800
1.559671 0.769800 1.561728 0.773364
1.561728 0.773364 1.563786 0.769800
1.563786 0.769800 1.567901 0.769800
1.567901 0.769800 1.569959 0.773364
1.569959 0.773364 1.567901 0.776928
1.567901 0.776928 1.572016 0.776928
1.572016 0.776928 1.574074 0.780492
1.574074 0.780492 1.576132 0.776928
1.576132 0.776928 1.580247 0.776928
1.580247 0.776928 1.578189 0.773364
1.578189 0.773364 1.580247 0.769800
1.580247 0.769800 1.584362 0.769800
1.584362 0.769800 1.586420 0.773364
1.586420 0.773364 1.588477 0.769800
1.588477 0.769800 1.592593 0.769800
1.592593 0.769800 1.594650 0.773364
1.594650 0.773364 1.592593 0.776928
1.592593 0.776928 1.596708 0.776928
1.596708 0.776928 1.598765 0.780492
1.598765 0.780492 1.596708 0.784056
1.596708 0.784056 1.592593 0.784056
1.592593 0.784056 1.594650 0.787620
1.594650 0.787620 1.592593 0.791184
1.592593 0.791184 1.596708 0.791184
1.596708 0.791184 1.598765 0.794748
1.598765 0.794748 1.600823 0.791184
1.600823 0.791184 1.604938 0.791184
1.604938 0.791184 1.606996 0.794748
1.606996 0.794748 1.604938 0.798311
1.604938 0.798311 1.609053 0.798311
1.609053 0.798311 1.611111 0.801875
1.611111 0.801875 1.613169 0.798311
1.613169 0.798311 1.617284 0.798311
1.617284 0.798311 1.615226 0.794748
1.615226 0.794748 1.617284 0.791184
1.617284 0.791184 1.621399 0.791184
1.621399 0.791184 1.623457 0.794748
1.623457 0.794748 1.625514 0.791184
1.625514 0.791184 1.629630 0.791184
1.629630 0.791184 1.627572 0.787620
1.627572 0.787620 1.629630 0.784056
1.629630 0.784056 1.625514 0.784056
1.625514 0.784056 1.623457 0.780492
1.623457 0.780492 1.625514 0.776928
1.625514 0.776928 1.629630 0.776928
1.629630 0.776928 1.627572 0.773364
1.627572 0.773364 1.629630 0.769800
1.629630 0.769800 1.633745 0.769800
1.633745 0.769800 1.635802 0.773364
1.635802 0.773364 1.637860 0.769800
1.637860 0.769800 1.641975 0.769800
1.641975 0.769800 1.644033 0.773364
1.644033 0.773364 1.641975 0.776928
1.641975 0.776928 1.646091 0.776928
1.646091 0.776928 1.648148 0.780492
1.648148 0.780492 1.650206 0.776928
1.650206 0.776928 1.654321 0.776928
1.654321 0.776928 1.652263 0.773364
1.652263 0.773364 1.654321 0.769800
1.654321 0.769800 1.658436 0.769800
1.658436 0.769800 1.660494 0.773364
1.660494 0.773364 1.662551 0.769800
1.662551 0.769800 1.666667 0.769800
1.666667 0.769800 1.664609 0.766236
1.664609 0.766236 1.666667 0.762673
1.666667 0.762673 1.662551 0.762673
1.662551 0.762673 1.660494 0.759109
1.660494 0.759109 1.662551 0.755545
1.662551 0.755545 1.666667 0.755545
1.666667 0.755545 1.664609 0.751981
1.664609 0.751981 1.666667 0.748417
1.666667 0.748417 1.662551 0.748417
1.662551 0.748417 1.660494 0.744853
1.660494 0.744853 1.658436 0.748417
1.658436 0.748417 1.654321 0.748417
1.654321 0.748417 1.652263 0.744853
1.652263 0.744853 1.654321 0.741289
1.654321 0.741289 1.650206 0.741289
1.650206 0.741289 1.648148 0.737725
1.648148 0.737725 1.650206 0.734161
1.650206 0.734161 1.654321 0.734161
1.654321 0.734161 1.652263 0.730598
1.652263 0.730598 1.654321 0.727034
1.654321 0.727034 1.658436 0.727034
1.658436 0.727034 1.660494 0.730598
1.660494 0.730598 1.662551 0.727034
1.662551 0.727034 1.666667 0.727034
1.666667 0.727034 1.664609 0.723470
1.664609 0.723470 1.666667 0.719906
1.666667 0.719906 1.662551 0.719906
1.662551 0.719906 1.660494 0.716342
1.660494 0.716342 1.662551 0.712778
1.662551 0.712778 1.666667 0.712778
1.666667 0.712778 1.664609 0.709214
1.664609 0.709214 1.666667 0.705650
1.666667 0.705650 1.662551 0.705650
1.662551 0.705650 1.660494 0.702086
1.660494 0.702086 1.658436 0.705650
1.658436 0.705650 1.654321 0.705650
1.654321 0.705650 1.652263 0.702086
1.652263 0.702086 1.654321 0.698523
1.654321 0.698523 1.650206 0.698523
1.650206 0.698523 1.648148 0.694959
1.648148 0.694959 1.646091 0.698523
1.646091 0.698523 1.641975 0.698523
1.641975 0.698523 1.644033 0.702086
1.644033 0.702086 1.641975 0.705650
1.641975 0.705650 1.637860 0.705650
1.637860 0.705650 1.635802 0.702086
1.635802 0.702086 1.633745 0.705650
1.633745 0.705650 1.629630 0.705650
1.629630 0.705650 1.627572 0.702086
1.627572 0.702086 1.629630 0.698523
1.629630 0.698523 1.625514 0.698523
1.625514 0.698523 1.623457 0.694959
1.623457 0.694959 1.625514 0.691395
1.625514 0.691395 1.629630 0.691395
1.629630 0.691395 1.627572 0.687831
1.627572 0.687831 1.629630 0.684267
1.629630 0.684267 1.625514 0.684267
1.625514 0.684267 1.623457 0.680703
1.623457 0.680703 1.621399 0.684267
1.621399 0.684267 1.617284 0.684267
1.617284 0.684267 1.615226 0.680703
1.615226 0.680703 1.617284 0.677139
1.617284 0.677139 1.613169 0.677139
1.613169 0.677139 1.611111 0.673575
1.611111 0.673575 1.613169 0.670011
1.613169 0.670011 1.617284 0.670011
1.617284 0.670011 1.615226 0.666448
1.615226 0.666448 1.617284 0.662884
1.617284 0.662884 1.621399 0.662884
1.621399 0.662884 1.623457 0.666448
1.623457 0.666448 1.625514 0.662884
1.625514 0.662884 1.629630 0.662884
1.629630 0.662884 1.627572 0.659320
1.627572 0.659320 1.629630 0.655756
1.629630 0.655756 1.625514 0.655756
1.625514 0.655756 1.623457 0.652192
1.623457 0.652192 1.625514 0.648628
1.625514 0.648628 1.629630 0.648628
1.629630 0.648628 1.627572 0.645064
1.627572 0.645064 1.629630 0.641500
1.629630 0.641500 1.633745 0.641500
1.633745 0.641500 1.635802 0.645064
1.635802 0.645064 1.637860 0.641500
1.637860 0.641500 1.641975 0.641500
1.641975 0.641500 1.644033 0.645064
1.644033 0.645064 1.641975 0.648628
1.641975 0.648628 1.646091 0.648628
1.646091 0.648628 1.648148 0.652192
1.648148 0.652192 1.650206 0.648628
1.650206 0.648628 1.654321 0.648628
1.654321 0.648628 1.652263 0.645064
1.652263 0.645064 1.654321 0.641500
1.654321 0.641500 1.658436 0.641500
1.658436 0.641500 1.660494 0.645064
1.660494 0.645064 1.662551 0.641500
1.662551 0.641500 1.666667 0.641500
1.666667 0.641500 1.664609 0.637936
1.664609 0.637936 1.666667 0.634373
1.666667 0.634373 1.662551 0.634373
1.662551 0.634373 1.660494 0.630809
1.660494 0.630809 1.662551 0.627245
1.662551 0.627245 1.666667 0.627245
1.666667 0.627245 1.664609 0.623681
1.664609 0.623681 1.666667 0.620117
1.666667 0.620117 1.662551 0.620117
1.662551 0.620117 1.660494 0.616553
1.660494 0.616553 1.658436 0.620117
1.658436 0.620117 1.654321 0.620117
1.654321 0.620117 1.652263 0.616553
1.652263 0.616553 1.654321 0.612989
1.654321 0.612989 1.650206 0.612989
1.650206 0.612989 1.648148 0.609425
1.648148 0.609425 1.650206 0.605861
1.650206 0.605861 1.654321 0.605861
1.654321 0.605861 1.652263 0.602298
1.652263 0.602298 1.654321 0.598734
1.654321 0.598734 1.658436 0.598734
1.658436 0.598734 1.660494 0.602298
1.660494 0.602298 1.662551 0.598734
1.662551 0.598734 1.666667 0.598734
1.666667 0.598734 1.664609 0.595170
1.664609 0.595170 1.666667 0.591606
1.666667 0.591606 1.662551 0.591606
1.662551 0.591606 1.660494 0.588042
1.660494 0.588042 1.662551 0.584478
1.662551 0.584478 1.666667 0.584478
1.666667 0.584478 1.664609 0.580914
1.664609 0.580914 1.666667 0.577350
1.666667 0.577350 1.670782 0.577350
1.670782 0.577350 1.672840 0.580914
1.672840 0.580914 1.674897 0.577350
1.674897 0.577350 1.679012 0.577350
1.679012 0.577350 1.681070 0.580914
1.681070 0.580914 1.679012 0.584478
1.679012 0.584478 1.683128 0.584478
1.683128 0.584478 1.685185 0.588042
1.685185 0.588042 1.687243 0.584478
1.687243 0.584478 1.691358 0.584478
1.691358 0.584478 1.689300 0.580914
1.689300 0.580914 1.691358 0.577350
1.691358 0.577350 1.695473 0.577350
1.695473 0.577350 1.697531 0.580914
1.697531 0.580914 1.699588 0.577350
1.699588 0.577350 1.703704 0.577350
1.703704 0.577350 1.705761 0.580914
1.705761 0.580914 1.703704 0.584478
1.703704 0.584478 1.707819 0.584478
1.707819 0.584478 1.709877 0.588042
1.709877 0.588042 1.707819 0.591606
1.707819 0.591606 1.703704 0.591606
1.703704 0.591606 1.705761 0.595170
1.705761 0.595170 1.703704 0.598734
1.703704 0.598734 1.707819 0.598734
1.707819 0.598734 1.709877 0.602298
1.709877 0.602298 1.711934 0.598734
1.711934 0.598734 1.716049 0.598734
1.716049 0.598734 1.718107 0.602298
1.718107 0.602298 1.716049 0.605861
1.716049 0.605861 1.720165 0.605861
1.720165 0.605861 1.722222 0.609425
1.722222 0.609425 1.724280 0.605861
1.724280 0.605861 1.728395 0.605861
1.728395 0.605861 1.726337 0.602298
1.726337 0.602298 1.728395 0.598734
1.728395 0.598734 1.732510 0.598734
1.732510 0.598734 1.734568 0.602298
1.734568 0.602298 1.736626 0.598734
1.736626 0.598734 1.740741 0.598734
1.740741 0.598734 1.738683 0.595170
1.738683 0.595170 1.740741 0.591606
1.740741 0.591606 1.736626 0.591606
1.736626 0.591606 1.734568 0.588042
1.734568 0.588042 1.736626 0.584478
1.736626 0.584478 1.740741 0.584478
1.740741 0.584478 1.738683 0.580914
1.738683 0.580914 1.740741 0.577350
1.740741 0.577350 1.744856 0.577350
1.744856 0.577350 1.746914 0.580914
1.746914 0.580914 1.748971 0.577350
1.748971 0.577350 1.753086 0.577350
1.753086 0.577350 1.755144 0.580914
1.755144 0.580914 1.753086 0.584478
1.753086 0.584478 1.757202 0.584478
1.757202 0.584478 1.759259 0.588042
1.759259 0.588042 1.761317 0.584478
1.761317 0.584478 1.765432 0.584478
1.765432 0.584478 1.763374 0.580914
1.763374 0.580914 1.765432 0.577350
1.765432 0.577350 1.769547 0.577350
1.769547 0.577350 1.771605 0.580914
1.771605 0.580914 1.773663 0.577350
1.773663 0.577350 1.777778 0.577350
1.777778 0.577350 1.779835 0.580914
1.779835 0.580914 1.777778 0.584478
1.777778 0.584478 1.781893 0.584478
1.781893 0.584478 1.783951 0.588042
1.783951 0.588042 1.781893 0.591606
1.781893 0.591606 1.777778 0.591606
1.777778 0.591606 1.779835 0.595170
1.779835 0.595170 1.777778 0.598734
1.777778 0.598734 1.781893 0.598734
1.781893 0.598734 1.783951 0.602298
1.783951 0.602298 1.786008 0.598734
1.786008 0.598734 1.790123 0.598734
1.790123 0.598734 1.792181 0.602298
1.792181 0.602298 1.790123 0.605861
1.790123 0.605861 1.794239 0.605861
1.794239 0.605861 1.796296 0.609425
1.796296 0.609425 1.794239 0.612989
1.794239 0.612989 1.790123 0.612989
1.790123 0.612989 1.792181 0.616553
1.792181 0.616553 1.790123 0.620117
1.790123 0.620117 1.786008 0.620117
1.786008 0.620117 1.783951 0.616553
1.783951 0.616553 1.781893 0.620117
1.781893 0.620117 1.777778 0.620117
1.777778 0.620117 1.779835 0.623681
1.779835 0.623681 1.777778 0.627245
1.777778 0.627245 1.781893 0.627245
1.781893 0.627245 1.783951 0.630809
1.783951 0.630809 1.781893 0.634373
1.781893 0.634373 1.777778 0.634373
1.777778 0.634373 1.779835 0.637936
1.779835 0.637936 1.777778 0.641500
1.777778 0.641500 1.781893 0.641500
1.781893 0.641500 1.783951 0.645064
1.783951 0.645064 1.786008 0.641500
1.786008 0.641500 1.790123 0.641500
1.790123 0.641500 1.792181 0.645064
1.792181 0.645064 1.790123 0.648628
1.790123 0.648628 1.794239 0.648628
1.794239 0.648628 1.796296 0.652192
1.796296 0.652192 1.798354 0.648628
1.798354 0.648628 1.802469 0.648628
1.802469 0.648628 1.800412 0.645064
1.800412 0.645064 1.802469 0.641500
1.802469 0.641500 1.806584 0.641500
1.806584 0.641500 1.808642 0.645064
1.808642 0.645064 1.810700 0.641500
1.810700 0.641500 1.814815 0.641500
1.814815 0.641500 1.816872 0.645064
1.816872 0.645064 1.814815 0.648628
1.814815 0.648628 1.818930 0.648628
1.818930 0.648628 1.820988 0.652192
1.820988 0.652192 1.818930 0.655756
1.818930 0.655756 1.814815 0.655756
1.814815 0.655756 1.816872 0.659320
1.816872 0.659320 1.814815 0.662884
1.814815 0.662884 1.818930 0.662884
1.818930 0.662884 1.820988 0.666448
1.820988 0.666448 1.823045 0.662884
1.823045 0.662884 1.827160 0.662884
1.827160 0.662884 1.829218 0.666448
1.829218 0.666448 1.827160 0.670011
1.827160 0.670011 1.831276 0.670011
1.831276 0.670011 1.833333 0.673575
1.833333 0.673575 1.835391 0.670011
1.835391 0.670011 1.839506 0.670011
1.839506 0.670011 1.837449 0.666448
1.837449 0.666448 1.839506 0.662884
1.839506 0.662884 1.843621 0.662884
1.843621 0.662884 1.845679 0.666448
1.845679 0.666448 1.847737 0.662884
1.847737 0.662884 1.851852 0.662884
1.851852 0.662884 1.849794 0.659320
1.849794 0.659320 1.851852 0.655756
1.851852 0.655756 1.847737 0.655756
1.847737 0.655756 1.845679 0.652192
1.845679 0.652192 1.847737 0.648628
1.847737 0.648628 1.851852 0.648628
1.851852 0.648628 1.849794 0.645064
1.849794 0.645064 1.851852 0.641500
1.851852 0.641500 1.855967 0.641500
1.855967 0.641500 1.858025 0.645064
1.858025 0.645064 1.860082 0.641500
1.860082 0.641500 1.864198 0.641500
1.864198 0.641500 1.866255 0.645064
1.866255 0.645064 1.864198 0.648628
1.864198 0.648628 1.868313 0.648628
1.868313 0.648628 1.870370 0.652192
1.870370 0.652192 1.872428 0.648628
1.872428 0.648628 1.876543 0.648628
1.876543 0.648628 1.874486 0.645064
1.874486 0.645064 1.876543 0.641500
1.876543 0.641500 1.880658 0.641500
1.880658 0.641500 1.882716 0.645064
1.882716 0.645064 1.884774 0.641500
1.884774 0.641500 1.888889 0.641500
1.888889 0.641500 1.886831 0.637936
1.886831 0.637936 1.888889 0.634373
1.888889 0.634373 1.884774 0.634373
1.884774 0.634373 1.882716 0.630809
1.882716 0.630809 1.884774 0.627245
1.884774 0.627245 1.888889 0.627245
1.888889 0.627245 1.886831 0.623681
1.886831 0.623681 1.888889 0.620117
1.888889 0.620117 1.884774 0.620117
1.884774 0.620117 1.882716 0.616553
1.882716 0.616553 1.880658 0.620117
1.880658 0.620117 1.876543 0.620117
1.876543 0.620117 1.874486 0.616553
1.874486 0.616553 1.876543 0.612989
1.876543 0.612989 1.872428 0.612989
1.872428 0.612989 1.870370 0.609425
1.870370 0.609425 1.872428 0.605861
1.872428 0.605861 1.876543 0.605861
1.876543 0.605861 1.874486 0.602298
1.874486 0.602298 1.876543 0.598734
1.876543 0.598734 1.880658 0.598734
1.880658 0.598734 1.882716 0.602298
1.882716 0.602298 1.884774 0.598734
1.884774 0.598734 1.888889 0.598734
1.888889 0.598734 1.886831 0.595170
1.886831 0.595170 1.888889 0.591606
1.888889 0.591606 1.884774 0.591606
1.884774 0.591606 1.882716 0.588042
1.882716 0.588042 1.884774 0.584478
1.884774 0.584478 1.888889 0.584478
1.888889 0.584478 1.886831 0.580914
1.886831 0.580914 1.888889 0.577350
1.888889 0.577350 1.893004 0.577350
1.893004 0.577350 1.895062 0.580914
1.895062 0.580914 1.897119 0.577350
1.897119 0.577350 1.901235 0.577350
1.901235 0.577350 1.903292 0.580914
1.903292 0.580914 1.901235 0.584478
1.901235 0.584478 1.905350 0.584478
1.905350 0.584478 1.907407 0.588042
1.907407 0.588042 1.909465 0.584478
1.909465 0.584478 1.913580 0.584478
1.913580 0.584478 1.911523 0.580914
1.911523 0.580914 1.913580 0.577350
1.913580 0.577350 1.917695 0.577350
1.917695 0.577350 1.919753 0.580914
1.919753 0.580914 1.921811 0.577350
1.921811 0.577350 1.925926 0.577350
1.925926 0.577350 1.927984 0.580914
1.927984 0.580914 1.925926 0.584478
1.925926 0.584478 1.930041 0.584478
1.930041 0.584478 1.932099 0.588042
1.932099 0.588042 1.930041 0.591606
1.930041 0.591606 1.925926 0.591606
1.925926 0.591606 1.927984 0.595170
1.927984 0.595170 1.925926 0.598734
1.925926 0.598734 1.930041 0.598734
1.930041 0.598734 1.932099 0.602298
1.932099 0.602298 1.934156 0.598734
1.934156 0.598734 1.938272 0.598734
1.938272 0.598734 1.940329 0.602298
1.940329 0.602298 1.938272 0.605861
1.938272 0.605861 1.942387 0.605861
1.942387 0.605861 1.944444 0.609425
1.944444 0.609425 1.946502 0.605861
1.946502 0.605861 1.950617 0.605861
1.950617 0.605861 1.948560 0.602298
1.948560 0.602298 1.950617 0.598734
1.950617 0.598734 1.954733 0.598734
1.954733 0.598734 1.956790 0.602298
1.956790 0.602298 1.958848 0.598734
1.958848 0.598734 1.962963 0.598734
1.962963 0.598734 1.960905 0.595170
1.960905 0.595170 1.962963 0.591606
1.962963 0.591606 1.958848 0.591606
1.958848 0.591606 1.956790 0.588042
1.956790 0.588042 1.958848 0.584478
1.958848 0.584478 1.962963 0.584478
1.962963 0.584478 1.960905 0.580914
1.960905 0.580914 1.962963 0.577350
1.962963 0.577350 1.967078 0.577350
1.967078 0.577350 1.969136 0.580914
1.969136 0.580914 1.971193 0.577350
1.971193 0.577350 1.975309 0.577350
1.975309 0.577350 1.977366 0.580914
1.977366 0.580914 1.975309 0.584478
1.975309 0.584478 1.979424 0.584478
1.979424 0.584478 1.981481 0.588042
1.981481 0.588042 1.983539 0.584478
1.983539 0.584478 1.987654 0.584478
1.987654 0.584478 1.985597 0.580914
1.985597 0.580914 1.987654 0.577350
1.987654 0.577350 1.991770 0.577350
1.991770 0.577350 1.993827 0.580914
1.993827 0.580914 1.995885 0.577350
1.995885 0.577350 2.000000 0.577350
2.000000 0.577350 1.997942 0.573786
1.997942 0.573786 2.000000 0.570222
2.000000 0.570222 1.995885 0.570222
1.995885 0.570222 1.993827 0.566659
1.993827 0.566659 1.995885 0.563095
1.995885 0.563095 2.000000 0.563095
2.000000 0.563095 1.997942 0.559531
1.997942 0.559531 2.000000 0.555967
2.000000 0.555967 1.995885 0.555967
1.995885 0.555967 1.993827 0.552403
1.993827 0.552403 1.991770 0.555967
1.991770 0.555967 1.987654 0.555967
1.987654 0.555967 1.985597 0.552403
1.985597 0.552403 1.987654 0.548839
1.987654 0.548839 1.983539 0.548839
1.983539 0.548839 1.981481 0.545275
1.981481 0.545275 1.983539 0.541711
1.983539 0.541711 1.987654 0.541711
1.987654 0.541711 1.985597 0.538147
1.985597 0.538147 1.987654 0.534584
1.987654 0.534584 1.991770 0.534584
1.991770 0.534584 1.993827 0.538147
1.993827 0.538147 1.995885 0.534584
1.995885 0.534584 2.000000 0.534584
2.000000 0.534584 1.997942 0.531020
1.997942 0.531020 2.000000 0.527456
2.000000 0.527456 1.995885 0.527456
1.995885 0.527456 1.993827 0.523892
1.993827 0.523892 1.995885 0.520328
1.995885 0.520328 2.000000 0.520328
2.000000 0.520328 1.997942 0.516764
1.997942 0.516764 2.000000 0.513200
2.000000 0.513200 1.995885 0.513200
1.995885 0.513200 1.993827 0.509636
1.993827 0.509636 1.991770 0.513200
1.991770 0.513200 1.987654 0.513200
1.987654 0.513200 1.985597 0.509636
1.985597 0.509636 1.987654 0.506072
1.987654 0.506072 1.983539 0.506072
1.983539 0.506072 1.981481 0.502509
1.981481 0.502509 1.979424 0.506072
1.979424 0.506072 1.975309 0.506072
1.975309 0.506072 1.977366 0.509636
1.977366 0.509636 1.975309 0.513200
1.975309 0.513200 1.971193 0.513200
1.971193 0.513200 1.969136 0.509636
1.969136 0.509636 1.967078 0.513200
1.967078 0.513200 1.962963 0.513200
1.962963 0.513200 1.960905 0.509636
1.960905 0.509636 1.962963 0.506072
1.962963 0.506072 1.958848 0.506072
1.958848 0.506072 1.956790 0.502509
1.956790 0.502509 1.958848 0.498945
1.958848 0.498945 1.962963 0.498945
1.962963 0.498945 1.960905 0.495381
1.960905 0.495381 1.962963 0.491817
1.962963 0.491817 1.958848 0.491817
1.958848 0.491817 1.956790 0.488253
1.956790 0.488253 1.954733 0.491817
1.954733 0.491817 1.950617 0.491817
1.950617 0.491817 1.948560 0.488253
1.948560 0.488253 1.950617 0.484689
1.950617 0.484689 1.946502 0.484689
1.946502 0.484689 1.944444 0.481125
1.944444 0.481125 1.946502 0.477561
1.946502 0.477561 1.950617 0.477561
1.950617 0.477561 1.948560 0.473997
1.948560 0.473997 1.950617 0.470434
1.950617 0.470434 1.954733 0.470434
1.954733 0.470434 1.956790 0.473997
1.956790 0.473997 1.958848 0.470434
1.958848 0.470434 1.962963 0.470434
1.962963 0.470434 1.960905 0.466870
1.960905 0.466870 1.962963 0.463306
1.962963 0.463306 1.958848 0.463306
1.958848 0.463306 1.956790 0.459742
1.956790 0.459742 1.958848 0.456178
1.958848 0.456178 1.962963 0.456178
1.962963 0.456178 1.960905 0.452614
1.960905 0.452614 1.962963 0.449050
1.962963 0.449050 1.967078 0.449050
1.967078 0.449050 1.969136 0.452614
1.969136 0.452614 1.971193 0.449050
1.971193 0.449050 1.975309 0.449050
1.975309 0.449050 1.977366 0.452614
1.977366 0.452614 1.975309 0.456178
1.975309 0.456178 1.979424 0.456178
1.979424 0.456178 1.981481 0.459742
1.981481 0.459742 1.983539 0.456178
1.983539 0.456178 1.987654 0.456178
1.987654 0.456178 1.985597 0.452614
1.985597 0.452614 1.987654 0.449050
1.987654 0.449050 1.991770 0.449050
1.991770 0.449050 1.993827 0.452614
1.993827 0.452614 1.995885 0.449050
1.995885 0.449050 2.000000 0.449050
2.000000 0.449050 1.997942 0.445486
1.997942 0.445486 2.000000 0.441922
2.000000 0.441922 1.995885 0.441922
1.995885 0.441922 1.993827 0.438359
1.993827 0.438359 1.995885 0.434795
1.995885 0.434795 2.000000 0.434795
2.000000 0.434795 1.997942 0.431231
1.997942 0.431231 2.000000 0.427667
2.000000 0.427667 1.995885 0.427667
1.995885 0.427667 1.993827 0.424103
1.993827 0.424103 1.991770 0.427667
1.991770 0.427667 1.987654 0.427667
1.987654 0.427667 1.985597 0.424103
1.985597 0.424103 1.987654 0.420539
1.987654 0.420539 1.983539 0.420539
1.983539 0.420539 1.981481 0.416975
1.981481 0.416975 1.983539 0.413411
1.983539 0.413411 1.987654 0.413411
1.987654 0.413411 1.985597 0.409847
1.985597 0.409847 1.987654 0.406284
1.987654 0.406284 1.991770 0.406284
1.991770 0.406284 1.993827 0.409847
1.993827 0.409847 1.995885 0.406284
1.995885 0.406284 2.000000 0.406284
2.000000 0.406284 1.997942 0.402720
1.997942 0.402720 2.000000 0.399156
2.000000 0.399156 1.995885 0.399156
1.995885 0.399156 1.993827 0.395592
1.993827 0.395592 1.995885 0.392028
1.995885 0.392028 2.000000 0.392028
2.000000 0.392028 1.997942 0.388464
1.997942 0.388464 2.000000 0.384900
2.000000 0.384900 1.995885 0.384900
1.995885 0.384900 1.993827 0.381336
1.993827 0.381336 1.991770 0.384900
1.991770 0.384900 1.987654 0.384900
1.987654 0.384900 1.985597 0.381336
1.985597 0.381336 1.987654 0.377772
1.987654 0.377772 1.983539 0.377772
1.983539 0.377772 1.981481 0.374209
1.981481 0.374209 1.979424 0.377772
1.979424 0.377772 1.975309 0.377772
1.975309 0.377772 1.977366 0.381336
1.977366 0.381336 1.975309 0.384900
1.975309 0.384900 1.971193 0.384900
1.971193 0.384900 1.969136 0.381336
1.969136 0.381336 1.967078 0.384900
1.967078 0.384900 1.962963 0.384900
1.962963 0.384900 1.960905 0.381336
1.960905 0.381336 1.962963 0.377772
1.962963 0.377772 1.958848 0.377772
1.958848 0.377772 1.956790 0.374209
1.956790 0.374209 1.958848 0.370645
1.958848 0.370645 1.962963 0.370645
1.962963 0.370645 1.960905 0.367081
1.960905 0.367081 1.962963 0.363517
1.962963 0.363517 1.958848 0.363517
1.958848 0.363517 1.956790 0.359953
1.956790 0.359953 1.954733 0.363517
1.954733 0.363517 1.950617 0.363517
1.950617 0.363517 1.948560 0.359953
1.948560 0.359953 1.950617 0.356389
1.950617 0.356389 1.946502 0.356389
1.946502 0.356389 1.944444 0.352825
1.944444 0.352825 1.942387 0.356389
1.942387 0.356389 1.938272 0.356389
1.938272 0.356389 1.940329 0.359953
1.940329 0.359953 1.938272 0.363517
1.938272 0.363517 1.934156 0.363517
1.934156 0.363517 1.932099 0.359953
1.932099 0.359953 1.930041 0.363517
1.930041 0.363517 1.925926 0.363517
1.925926 0.363517 1.927984 0.367081
1.927984 0.367081 1.925926 0.370645
1.925926 0.370645 1.930041 0.370645
1.930041 0.370645 1.932099 0.374209
1.932099 0.374209 1.930041 0.377772
1.930041 0.377772 1.925926 0.377772
1.925926 0.377772 1.927984 0.381336
1.927984 0.381336 1.925926 0.384900
1.925926 0.384900 1.921811 0.384900
1.921811 0.384900 1.919753 0.381336
1.919753 0.381336 1.917695 0.384900
1.917695 0.384900 1.913580 0.384900
1.913580 0.384900 1.911523 0.381336
1.911523 0.381336 1.913580 0.377772
1.913580 0.377772 1.909465 0.377772
1.909465 0.377772 1.907407 0.374209
1.907407 0.374209 1.905350 0.377772
1.905350 0.377772 1.901235 0.377772
1.901235 0.377772 1.903292 0.381336
1.903292 0.381336 1.901235 0.384900
1.901235 0.384900 1.897119 0.384900
1.897119 0.384900 1.895062 0.381336
1.895062 0.381336 1.893004 0.384900
1.893004 0.384900 1.888889 0.384900
1.888889 0.384900 1.886831 0.381336
1.886831 0.381336 1.888889 0.377772
1.888889 0.377772 1.884774 0.377772
1.884774 0.377772 1.882716 0.374209
1.882716 0.374209 1.884774 0.370645
1.884774 0.370645 1.888889 0.370645
1.888889 0.370645 1.886831 0.367081
1.886831 0.367081 1.888889 0.363517
1.888889 0.363517 1.884774 0.363517
1.884774 0.363517 1.882716 0.359953
1.882716 0.359953 1.880658 0.363517
1.880658 0.363517 1.876543 0.363517
1.876543 0.363517 1.874486 0.359953
1.874486 0.359953 1.876543 0.356389
1.876543 0.356389 1.872428 0.356389
1.872428 0.356389 1.870370 0.352825
1.870370 0.352825 1.872428 0.349261
1.872428 0.349261 1.876543 0.349261
1.876543 0.349261 1.874486 0.345697
1.874486 0.345697 1.876543 0.342133
1.876543 0.342133 1.880658 0.342133
1.880658 0.342133 1.882716 0.345697
1.882716 0.345697 1.884774 0.342133
1.884774 0.342133 1.888889 0.342133
1.888889 0.342133 1.886831 0.338570
1.886831 0.338570 1.888889 0.335006
1.888889 0.335006 1.884774 0.335006
1.884774 0.335006 1.882716 0.331442
1.882716 0.331442 1.884774 0.327878
1.884774 0.327878 1.888889 0.327878
1.888889 0.327878 1.886831 0.324314
1.886831 0.324314 1.888889 0.320750
1.888889 0.320750 1.884774 0.320750
1.884774 0.320750 1.882716 0.317186
1.882716 0.317186 1.880658 0.320750
1.880658 0.320750 1.876543 0.320750
1.876543 0.320750 1.874486 0.317186
1.874486 0.317186 1.876543 0.313622
1.876543 0.313622 1.872428 0.313622
1.872428 0.313622 1.870370 0.310058
1.870370 0.310058 1.868313 0.313622
1.868313 0.313622 1.864198 0.313622
1.864198 0.313622 1.866255 0.317186
1.866255 0.317186 1.864198 0.320750
1.864198 0.320750 1.860082 0.320750
1.860082 0.320750 1.858025 0.317186
1.858025 0.317186 1.855967 0.320750
1.855967 0.320750 1.851852 0.320750
1.851852 0.320750 1.849794 0.317186
1.849794 0.317186 1.851852 0.313622
1.851852 0.313622 1.847737 0.313622
1.847737 0.313622 1.845679 0.310058
1.845679 0.310058 1.847737 0.306495
1.847737 0.306495 1.851852 0.306495
1.851852 0.306495 1.849794 0.302931
1.849794 0.302931 1.851852 0.299367
1.851852 0.299367 1.847737 0.299367
1.847737 0.299367 1.845679 0.295803
1.845679 0.295803 1.843621 0.299367
1.843621 0.299367 1.839506 0.299367
1.839506 0.299367 1.837449 0.295803
1.837449 0.295803 1.839506 0.292239
1.839506 0.292239 1.835391 0.292239
1.835391 0.292239 1.833333 0.288675
1.833333 0.288675 1.835391 0.285111
1.835391 0.285111 1.839506 0.285111
1.839506 0.285111 1.837449 0.281547
1.837449 0.281547 1.839506 0.277983
1.839506 0.277983 1.843621 0.277983
1.843621 0.277983 1.845679 0.281547
1.845679 0.281547 1.847737 0.277983
1.847737 0.277983 1.851852 0.277983
1.851852 0.277983 1.849794 0.274420
1.849794 0.274420 1.851852 0.270856
1.851852 0.270856 1.847737 0.270856
1.847737 0.270856 1.845679 0.267292
1.845679 0.267292 1.847737 0.263728
1.847737 0.263728 1.851852 0.263728
1.851852 0.263728 1.849794 0.260164
1.849794 0.260164 1.851852 0.256600
1.851852 0.256600 1.855967 0.256600
1.855967 0.256600 1.858025 0.260164
1.858025 0.260164 1.860082 0.256600
1.860082 0.256600 1.864198 0.256600
1.864198 0.256600 1.866255 0.260164
1.866255 0.260164 1.864198 0.263728
1.864198 0.263728 1.868313 0.263728
1.868313 0.263728 1.870370 0.267292
1.870370 0.267292 1.872428 0.263728
1.872428 0.263728 1.876543 0.263728
1.876543 0.263728 1.874486 0.260164
1.874486 0.260164 1.876543 0.256600
1.876543 0.256600 1.880658 0.256600
1.880658 0.256600 1.882716 0.260164
1.882716 0.260164 1.884774 0.256600
1.884774 0.256600 1.888889 0.256600
1.888889 0.256600 1.886831 0.253036
1.886831 0.253036 1.888889 0.249472
1.888889 0.249472 1.884774 0.249472
1.884774 0.249472 1.882716 0.245908
1.882716 0.245908 1.884774 0.242345
1.884774 0.242345 1.888889 0.242345
1.888889 0.242345 1.886831 0.238781
1.886831 0.238781 1.888889 0.235217
1.888889 0.235217 1.884774 0.235217
1.884774 0.235217 1.882716 0.231653
1.882716 0.231653 1.880658 0.235217
1.880658 0.235217 1.876543 0.235217
1.876543 0.235217 1.874486 0.231653
1.874486 0.231653 1.876543 0.228089
1.876543 0.228089 1.872428 0.228089
1.872428 0.228089 1.870370 0.224525
1.870370 0.224525 1.872428 0.220961
1.872428 0.220961 1.876543 0.220961
1.876543 0.220961 1.874486 0.217397
1.874486 0.217397 1.876543 0.213833
1.876543 0.213833 1.880658 0.213833
1.880658 0.213833 1.882716 0.217397
1.882716 0.217397 1.884774 0.213833
1.884774 0.213833 1.888889 0.213833
1.888889 0.213833 1.886831 0.210270
1.886831 0.210270 1.888889 0.206706
1.888889 0.206706 1.884774 0.206706
1.884774 0.206706 1.882716 0.203142
1.882716 0.203142 1.884774 0.199578
1.884774 0.199578 1.888889 0.199578
1.888889 0.199578 1.886831 0.196014
1.886831 0.196014 1.888889 0.192450
1.888889 0.192450 1.893004 0.192450
1.893004 0.192450 1.895062 0.196014
1.895062 0.196014 1.897119 0.192450
1.897119 0.192450 1.901235 0.192450
1.901235 0.192450 1.903292 0.196014
1.903292 0.196014 1.901235 0.199578
1.901235 0.199578 1.905350 0.199578
1.905350 0.199578 1.907407 0.203142
1.907407 0.203142 1.909465 0.199578
1.909465 0.199578 1.913580 0.199578
1.913580 0.199578 1.911523 0.196014
1.911523 0.196014 1.913580 0.192450
1.913580 0.192450 1.917695 0.192450
1.917695 0.192450 1.919753 0.196014
1.919753 0.196014 1.921811 0.192450
1.921811 0.192450 1.925926 0.192450
1.925926 0.192450 1.927984 0.196014
1.927984 0.196014 1.925926 0.199578
1.925926 0.199578 1.930041 0.199578
1.930041 0.199578 1.932099 0.203142
1.932099 0.203142 1.930041 0.206706
1.930041 0.206706 1.925926 0.206706
1.925926 0.206706 1.927984 0.210270
1.927984 0.210270 1.925926 0.213833
1.925926 0.213833 1.930041 0.213833
1.930041 0.213833 1.932099 0.217397
1.932099 0.217397 1.934156 0.213833
1.934156 0.213833 1.938272 0.213833
1.938272 0.213833 1.940329 0.217397
1.940329 0.217397 1.938272 0.220961
1.938272 0.220961 1.942387 0.220961
1.942387 0.220961 1.944444 0.224525
1.944444 0.224525 1.946502 0.220961
1.946502 0.220961 1.950617 0.220961
1.950617 0.220961 1.948560 0.217397
1.948560 0.217397 1.950617 0.213833
1.950617 0.213833 1.954733 0.213833
1.954733 0.213833 1.956790 0.217397
1.956790 0.217397 1.958848 0.213833
1.958848 0.213833 1.962963 0.213833
1.962963 0.213833 1.960905 0.210270
1.960905 0.210270 1.962963 0.206706
1.962963 0.206706 1.958848 0.206706
1.958848 0.206706 1.956790 0.203142
1.956790 0.203142 1.958848 0.199578
1.958848 0.199578 1.962963 0.199578
1.962963 0.199578 1.960905 0.196014
1.960905 0.196014 1.962963 0.192450
1.962963 0.192450 1.967078 0.192450
1.967078 0.192450 1.969136 0.196014
1.969136 0.196014 1.971193 0.192450
1.971193 0.192450 1.975309 0.192450
1.975309 0.192450 1.977366 0.196014
1.977366 0.196014 1.975309 0.199578
1.975309 0.199578 1.979424 0.199578
1.979424 0.199578 1.981481 0.203142
1.981481 0.203142 1.983539 0.199578
1.983539 0.199578 1.987654 0.199578
1.987654 0.199578 1.985597 0.196014
1.985597 0.196014 1.987654 0.192450
1.987654 0.192450 1.991770 0.192450
1.991770 0.192450 1.993827 0.196014
1.993827 0.196014 1.995885 0.192450
1.995885 0.192450 2.000000 0.192450
2.000000 0.192450 1.997942 0.188886
1.997942 0.188886 2.000000 0.185322
2.000000 0.185322 1.995885 0.185322
1.995885 0.185322 1.993827 0.181758
1.993827 0.181758 1.995885 0.178195
1.995885 0.178195 2.000000 0.178195
2.000000 0.178195 1.997942 0.174631
1.997942 0.174631 2.000000 0.171067
2.000000 0.171067 1.995885 0.171067
1.995885 0.171067 1.993827 0.167503
1.993827 0.167503 1.991770 0.171067
1.991770 0.171067 1.987654 0.171067
1.987654 0.171067 1.985597 0.167503
1.985597 0.167503 1.987654 0.163939
1.987654 0.163939 1.983539 0.163939
1.983539 0.163939 1.981481 0.160375
1.981481 0.160375 1.983539 0.156811
1.983539 0.156811 1.987654 0.156811
1.987654 0.156811 1.985597 0.153247
1.985597 0.153247 1.987654 0.149683
1.987654 0.149683 1.991770 0.149683
1.991770 0.149683 1.993827 0.153247
1.993827 0.153247 1.995885 0.149683
1.995885 0.149683 2.000000 0.149683
2.000000 0.149683 1.997942 0.146120
1.997942 0.146120 2.000000 0.142556
2.000000 0.142556 1.995885 0.142556
1.995885 0.142556 1.993827 0.138992
1.993827 0.138992 1.995885 0.135428
1.995885 0.135428 2.000000 0.135428
2.000000 0.135428 1.997942 0.131864
1.997942 0.131864 2.000000 0.128300
2.000000 0.128300 1.995885 0.128300
1.995885 0.128300 1.993827 0.124736
1.993827 0.124736 1.991770 0.128300
1.991770 0.128300 1.987654 0.128300
1.987654 0.128300 1.985597 0.124736
1.985597 0.124736 1.987654 0.121172
1.987654 0.121172 1.983539 0.121172
1.983539 0.121172 1.981481 0.117608
1.981481 0.117608 1.979424 0.121172
1.979424 0.121172 1.975309 0.121172
1.975309 0.121172 1.977366 0.124736
1.977366 0.124736 1.975309 0.128300
1.975309 0.128300 1.971193 0.128300
1.971193 0.128300 1.969136 0.124736
1.969136 0.124736 1.967078 0.128300
1.967078 0.128300 1.962963 0.128300
1.962963 0.128300 1.960905 0.124736
1.960905 0.124736 1.962963 0.121172
1.962963 0.121172 1.958848 0.121172
1.958848 0.121172 1.956790 0.117608
1.956790 0.117608 1.958848 0.114044
1.958848 0.114044 1.962963 0.114044
1.962963 0.114044 1.960905 0.110481
1.960905 0.110481 1.962963 0.106917
1.962963 0.106917 1.958848 0.106917
1.958848 0.106917 1.956790 0.103353
1.956790 0.103353 1.954733 0.106917
1.954733 0.106917 1.950617 0.106917
1.950617 0.106917 1.948560 0.103353
1.948560 0.103353 1.950617 0.099789
1.950617 0.099789 1.946502 0.099789
1.946502 0.099789 1.944444 0.096225
1.944444 0.096225 1.946502 0.092661
1.946502 0.092661 1.950617 0.092661
1.950617 0.092661 1.948560 0.089097
1.948560 0.089097 1.950617 0.085533
1.950617 0.085533 1.954733 0.085533
1.954733 0.085533 1.956790 0.089097
1.956790 0.089097 1.958848 0.085533
1.958848 0.085533 1.962963 0.085533
1.962963 0.085533 1.960905 0.081969
1.960905 0.081969 1.962963 0.078406
1.962963 0.078406 1.958848 0.078406
1.958848 0.078406 1.956790 0.074842
1.956790 0.074842 1.958848 0.071278
1.958848 0.071278 1.962963 0.071278
1.962963 0.071278 1.960905 0.067714
1.960905 0.067714 1.962963 0.064150
1.962963 0.064150 1.967078 0.064150
1.967078 0.064150 1.969136 0.067714
1.969136 0.067714 1.971193 0.064150
1.971193 0.064150 1.975309 0.064150
1.975309 0.064150 1.977366 0.067714
1.977366 0.067714 1.975309 0.071278
1.975309 0.071278 1.979424 0.071278
1.979424 0.071278 1.981481 0.074842
1.981481 0.074842 1.983539 0.071278
1.983539 0.071278 1.987654 0.071278
1.987654 0.071278 1.985597 0.067714
1.985597 0.067714 1.987654 0.064150
1.987654 0.064150 1.991770 0.064150
1.991770 0.064150 1.993827 0.067714
1.993827 0.067714 1.995885 0.064150
1.995885 0.064150 2.000000 0.064150
2.000000 0.064150 1.997942 0.060586
1.997942 0.060586 2.000000 0.057022
2.000000 0.057022 1.995885 0.057022
1.995885 0.057022 1.993827 0.053458
1.993827 0.053458 1.995885 0.049894
1.995885 0.049894 2.000000 0.049894
2.000000 0.049894 1.997942 0.046331
1.997942 0.046331 2.000000 0.042767
2.000000 0.042767 1.995885 0.042767
1.995885 0.042767 1.993827 0.039203
1.993827 0.039203 1.991770 0.042767
1.991770 0.042767 1.987654 0.042767
1.987654 0.042767 1.985597 0.039203
1.985597 0.039203 1.987654 0.035639
1.987654 0.035639 1.983539 0.035639
1.983539 0.035639 1.981481 0.032075
1.981481 0.032075 1.983539 0.028511
1.983539 0.028511 1.987654 0.028511
1.987654 0.028511 1.985597 0.024947
1.985597 0.024947 1.987654 0.021383
1.987654 0.021383 1.991770 0.021383
1.991770 0.021383 1.993827 0.024947
1.993827 0.024947 1.995885 0.021383
1.995885 0.021383 2.000000 0.021383
2.000000 0.021383 1.997942 0.017819
1.997942 0.017819 2.000000 0.014256
2.000000 0.014256 1.995885 0.014256
1.995885 0.014256 1.993827 0.010692
1.993827 0.010692 1.995885 0.007128
1.995885 0.007128 2.000000 0.007128
2.000000 0.007128 1.997942 0.003564
1.997942 0.003564 2.000000 0.000000
2.000000 0.000000 2.004115 0.000000
2.004115 0.000000 2.006173 0.003564
2.006173 0.003564 2.008230 0.000000
2.008230 0.000000 2.012346 0.000000
2.012346 0.000000 2.014403 0.003564
2.014403 0.003564 2.012346 0.007128
2.012346 0.007128 2.016461 0.007128
2.016461 0.007128 2.018519 0.010692
2.018519 0.010692 2.020576 0.007128
2.020576 0.007128 2.024691 0.007128
2.024691 0.007128 2.022634 0.003564
2.022634 0.003564 2.024691 0.000000
2.024691 0.000000 2.028807 0.000000
2.028807 0.000000 2.030864 0.003564
2.030864 0.003564 2.032922 0.000000
2.032922 0.000000 2.037037 0.000000
2.037037 0.000000 2.039095 0.003564
2.039095 0.003564 2.037037 0.007128
2.037037 0.007128 2.041152 0.007128
2.041152 0.007128 2.043210 0.010692
2.043210 0.010692 2.041152 0.014256
2.041152 0.014256 2.037037 0.014256
2.037037 0.014256 2.039095 0.017819
2.039095 0.017819 2.037037 0.021383
2.037037 0.021383 2.041152 0.021383
2.041152 0.021383 2.043210 0.024947
2.043210 0.024947 2.045267 0.021383
2.045267 0.021383 2.049383 0.021383
2.049383 0.021383 2.051440 0.024947
2.051440 0.024947 2.049383 0.028511
2.049383 0.028511 2.053498 0.028511
2.053498 0.028511 2.055556 0.032075
2.055556 0.032075 2.057613 0.028511
2.057613 0.028511 2.061728 0.028511
2.061728 0.028511 2.059671 0.024947
2.059671 0.024947 2.061728 0.021383
2.061728 0.021383 2.065844 0.021383
2.065844 0.021383 2.067901 0.024947
2.067901 0.024947 2.069959 0.021383
2.069959 0.021383 2.074074 0.021383
2.074074 0.021383 2.072016 0.017819
2.072016 0.017819 2.074074 0.014256
2.074074 0.014256 2.069959 0.014256
2.069959 0.014256 2.067901 0.010692
2.067901 0.010692 2.069959 0.007128
2.069959 0.007128 2.074074 0.007128
2.074074 0.007128 2.072016 0.003564
2.072016 0.003564 2.074074 0.000000
2.074074 0.000000 2.078189 0.000000
2.078189 0.000000 2.080247 0.003564
2.080247 0.003564 2.082305 0.000000
2.082305 0.000000 2.086420 0.000000
2.086420 0.000000 2.088477 0.003564
2.088477 0.003564 2.086420 0.007128
2.086420 0.007128 2.090535 0.007128
2.090535 0.007128 2.092593 0.010692
2.092593 0.010692 2.094650 0.007128
2.094650 0.007128 2.098765 0.007128
2.098765 0.007128 2.096708 0.003564
2.096708 0.003564 2.098765 0.000000
2.098765 0.000000 2.102881 0.000000
2.102881 0.000000 2.104938 0.003564
2.104938 0.003564 2.106996 0.000000
2.106996 0.000000 2.111111 0.000000
2.111111 0.000000 2.113169 0.003564
2.113169 0.003564 2.111111 0.007128
2.111111 0.007128 2.115226 0.007128
2.115226 0.007128 2.117284 0.010692
2.117284 0.010692 2.115226 0.014256
2.115226 0.014256 2.111111 0.014256
2.111111 0.014256 2.113169 0.017819
2.113169 0.017819 2.111111 0.021383
2.111111 0.021383 2.115226 0.021383
2.115226 0.021383 2.117284 0.024947
2.117284 0.024947 2.119342 0.021383
2.119342 0.021383 2.123457 0.021383
2.123457 0.021383 2.125514 0.024947
2.125514 0.024947 2.123457 0.028511
2.123457 0.028511 2.127572 0.028511
2.127572 0.028511 2.129630 0.032075
2.129630 0.032075 2.127572 0.035639
2.127572 0.035639 2.123457 0.035639
2.123457 0.035639 2.125514 0.039203
2.125514 0.039203 2.123457 0.042767
2.123457 0.042767 2.119342 0.042767
2.119342 0.042767 2.117284 0.039203
2.117284 0.039203 2.115226 0.042767
2.115226 0.042767 2.111111 0.042767
2.111111 0.042767 2.113169 0.046331
2.113169 0.046331 2.111111 0.049894
2.111111 0.049894 2.115226 0.049894
2.115226 0.049894 2.117284 0.053458
2.117284 0.053458 2.115226 0.057022
2.115226 0.057022 2.111111 0.057022
2.111111 0.057022 2.113169 0.060586
2.113169 0.060586 2.111111 0.064150
2.111111 0.064150 2.115226 0.064150
2.115226 0.064150 2.117284 0.067714
2.117284 0.067714 2.119342 0.064150
2.119342 0.064150 2.123457 0.064150
2.123457 0.064150 2.125514 0.067714
2.125514 0.067714 2.123457 0.071278
2.123457 0.071278 2.127572 0.071278
2.127572 0.071278 2.129630 0.074842
2.129630 0.074842 2.131687 0.071278
2.131687 0.071278 2.135802 0.071278
2.135802 0.071278 2.133745 0.067714
2.133745 0.067714 2.135802 0.064150
2.135802 0.064150 2.139918 0.064150
2.139918 0.064150 2.141975 0.067714
2.141975 0.067714 2.144033 0.064150
2.144033 0.064150 2.148148 0.064150
2.148148 0.064150 2.150206 0.067714
2.150206 0.067714 2.148148 0.071278
2.148148 0.071278 2.152263 0.071278
2.152263 0.071278 2.154321 0.074842
2.154321 0.074842 2.152263 0.078406
2.152263 0.078406 2.148148 0.078406
2.148148 0.078406 2.150206 0.081969
2.150206 0.081969 2.148148 0.085533
2.148148 0.085533 2.152263 0.085533
2.152263 0.085533 2.154321 0.089097
2.154321 0.089097 2.156379 0.085533
2.156379 0.085533 2.160494 0.085533
2.160494 0.085533 2.162551 0.089097
2.162551 0.089097 2.160494 0.092661
2.160494 0.092661 2.164609 0.092661
2.164609 0.092661 2.166667 0.096225
2.166667 0.096225 2.168724 0.092661
2.168724 0.092661 2.172840 0.092661
2.172840 0.092661 2.170782 0.089097
2.170782 0.089097 2.172840 0.085533
2.172840 0.085533 2.176955 0.085533
2.176955 0.085533 2.179012 0.089097
2.179012 0.089097 2.181070 0.085533
2.181070 0.085533 2.185185 0.085533
2.185185 0.085533 2.183128 0.081969
2.183128 0.081969 2.185185 0.078406
2.185185 0.078406 2.181070 0.078406
2.181070 0.078406 2.179012 0.074842
2.179012 0.074842 2.181070 0.071278
2.181070 0.071278 2.185185 0.071278
2.185185 0.071278 2.183128 0.067714
2.183128 0.067714 2.185185 0.064150
2.185185 0.064150 2.189300 0.064150
2.189300 0.064150 2.191358 0.067714
2.191358 0.067714 2.193416 0.064150
2.193416 0.064150 2.197531 0.064150
2.197531 0.064150 2.199588 0.067714
2.199588 0.067714 2.197531 0.071278
2.197531 0.071278 2.201646 0.071278
2.201646 0.071278 2.203704 0.074842
2.203704 0.074842 2.205761 0.071278
2.205761 0.071278 2.209877 0.071278
2.209877 0.071278 2.207819 0.067714
2.207819 0.067714 2.209877 0.064150
2.209877 0.064150 2.213992 0.064150
2.213992 0.064150 2.216049 0.067714
2.216049 0.067714 2.218107 0.064150
2.218107 0.064150 2.222222 0.064150
2.222222 0.064150 2.220165 0.060586
2.220165 0.060586 2.222222 0.057022
2.222222 0.057022 2.218107 0.057022
2.218107 0.057022 2.216049 0.053458
2.216049 0.053458 2.218107 0.049894
2.218107 0.049894 2.222222 0.049894
2.222222 0.049894 2.220165 0.046331
2.220165 0.046331 2.222222 0.042767
2.222222 0.042767 2.218107 0.042767
2.218107 0.042767 2.216049 0.039203
2.216049 0.039203 2.213992 0.042767
2.213992 0.042767 2.209877 0.042767
2.209877 0.042767 2.207819 0.039203
2.207819 0.039203 2.209877 0.035639
2.209877 0.035639 2.205761 0.035639
2.205761 0.035639 2.203704 0.032075
2.203704 0.032075 2.205761 0.028511
2.205761 0.028511 2.209877 0.028511
2.209877 0.028511 2.207819 0.024947
2.207819 0.024947 2.209877 0.021383
2.209877 0.021383 2.213992 0.021383
2.213992 0.021383 2.216049 0.024947
2.216049 0.024947 2.218107 0.021383
2.218107 0.021383 2.222222 0.021383
2.222222 0.021383 2.220165 0.017819
2.220165 0.017819 2.222222 0.014256
2.222222 0.014256 2.218107 0.014256
2.218107 0.014256 2.216049 0.010692
2.216049 0.010692 2.218107 0.007128
2.218107 0.007128 2.222222 0.007128
2.222222 0.007128 2.220165 0.003564
2.220165 0.003564 2.222222 0.000000
2.222222 0.000000 2.226337 0.000000
2.226337 0.000000 2.228395 0.003564
2.228395 0.003564 2.230453 0.000000
2.230453 0.000000 2.234568 0.000000
2.234568 0.000000 2.236626 0.003564
2.236626 0.003564 2.234568 0.007128
2.234568 0.007128 2.238683 0.007128
2.238683 0.007128 2.240741 0.010692
2.240741 0.010692 2.242798 0.007128
2.242798 0.007128 2.246914 0.007128
2.246914 0.007128 2.244856 0.003564
2.244856 0.003564 2.246914 0.000000
2.246914 0.000000 2.251029 0.000000
2.251029 0.000000 2.253086 0.003564
2.253086 0.003564 2.255144 0.000000
2.255144 0.000000 2.259259 0.000000
2.259259 0.000000 2.261317 0.003564
2.261317 0.003564 2.259259 0.007128
2.259259 0.007128 2.263374 0.007128
2.263374 0.007128 2.265432 0.010692
2.265432 0.010692 2.263374 0.014256
2.263374 0.014256 2.259259 0.014256
2.259259 0.014256 2.261317 0.017819
2.261317 0.017819 2.259259 0.021383
2.259259 0.021383 2.263374 0.021383
2.263374 0.021383 2.265432 0.024947
2.265432 0.024947 2.267490 0.021383
2.267490 0.021383 2.271605 0.021383
2.271605 0.021383 2.273663 0.024947
2.273663 0.024947 2.271605 0.028511
2.271605 0.028511 2.275720 0.028511
2.275720 0.028511 2.277778 0.032075
2.277778 0.032075 2.279835 0.028511
2.279835 0.028511 2.283951 0.028511
2.283951 0.028511 2.281893 0.024947
2.281893 0.024947 2.283951 0.021383
2.283951 0.021383 2.288066 0.021383
2.288066 0.021383 2.290123 0.024947
2.290123 0.024947 2.292181 0.021383
2.292181 0.021383 2.296296 0.021383
2.296296 0.021383 2.294239 0.017819
2.294239 0.017819 2.296296 0.014256
2.296296 0.014256 2.292181 0.014256
2.292181 0.014256 2.290123 0.010692
2.290123 0.010692 2.292181 0.007128
2.292181 0.007128 2.296296 0.007128
2.296296 0.007128 2.294239 0.003564
2.294239 0.003564 2.296296 0.000000
2.296296 0.000000 2.300412 0.000000
2.300412 0.000000 2.302469 0.003564
2.302469 0.003564 2.304527 0.000000
2.304527 0.000000 2.308642 0.000000
2.308642 0.000000 2.310700 0.003564
2.310700 0.003564 2.308642 0.007128
2.308642 0.007128 2.312757 0.007128
2.312757 0.007128 2.314815 0.010692
2.314815 0.010692 2.316872 0.007128
2.316872 0.007128 2.320988 0.007128
2.320988 0.007128 2.318930 0.003564
2.318930 0.003564 2.320988 0.000000
2.320988 0.000000 2.325103 0.000000
2.325103 0.000000 2.327160 0.003564
2.327160 0.003564 2.329218 0.000000
2.329218 0.000000 2.333333 0.000000
2.333333 0.000000 2.335391 0.003564
2.335391 0.003564 2.333333 0.007128
2.333333 0.007128 2.337449 0.007128
2.337449 0.007128 2.339506 0.010692
2.339506 0.010692 2.337449 0.014256
2.337449 0.014256 2.333333 0.014256
2.333333 0.014256 2.335391 0.017819
2.335391 0.017819 2.333333 0.021383
2.333333 0.021383 2.337449 0.021383
2.337449 0.021383 2.339506 0.024947
2.339506 0.024947 2.341564 0.021383
2.341564 0.021383 2.345679 0.021383
2.345679 0.021383 2.347737 0.024947
2.347737 0.024947 2.345679 0.028511
2.345679 0.028511 2.349794 0.028511
2.349794 0.028511 2.351852 0.032075
2.351852 0.032075 2.349794 0.035639
2.349794 0.035639 2.345679 0.035639
2.345679 0.035639 2.347737 0.039203
2.347737 0.039203 2.345679 0.042767
2.345679 0.042767 2.341564 0.042767
2.341564 0.042767 2.339506 0.039203
2.339506 0.039203 2.337449 0.042767
2.337449 0.042767 2.333333 0.042767
2.333333 0.042767 2.335391 0.046331
2.335391 0.046331 2.333333 0.049894
2.333333 0.049894 2.337449 0.049894
2.337449 0.049894 2.339506 0.053458
2.339506 0.053458 2.337449 0.057022
2.337449 0.057022 2.333333 0.057022
2.333333 0.057022 2.335391 0.060586
2.335391 0.060586 2.333333 0.064150
2.333333 0.064150 2.337449 0.064150
2.337449 0.064150 2.339506 0.067714
2.339506 0.067714 2.341564 0.064150
2.341564 0.064150 2.345679 0.064150
2.345679 0.064150 2.347737 0.067714
2.347737 0.067714 2.345679 0.071278
2.345679 0.071278 2.349794 0.071278
2.349794 0.071278 2.351852 0.074842
2.351852 0.074842 2.353909 0.071278
2.353909 0.071278 2.358025 0.071278
2.358025 0.071278 2.355967 0.067714
2.355967 0.067714 2.358025 0.064150
2.358025 0.064150 2.362140 0.064150
2.362140 0.064150 2.364198 0.067714
2.364198 0.067714 2.366255 0.064150
2.366255 0.064150 2.370370 0.064150
2.370370 0.064150 2.372428 0.067714
2.372428 0.067714 2.370370 0.071278
2.370370 0.071278 2.374486 0.071278
2.374486 0.071278 2.376543 0.074842
2.376543 0.074842 2.374486 0.078406
2.374486 0.078406 2.370370 0.078406
2.370370 0.078406 2.372428 0.081969
2.372428 0.081969 2.370370 0.085533
2.370370 0.085533 2.374486 0.085533
2.374486 0.085533 2.376543 0.089097
2.376543 0.089097 2.378601 0.085533
2.378601 0.085533 2.382716 0.085533
2.382716 0.085533 2.384774 0.089097
2.384774 0.089097 2.382716 0.092661
2.382716 0.092661 2.386831 0.092661
2.386831 0.092661 2.388889 0.096225
2.388889 0.096225 2.386831 0.099789
2.386831 0.099789 2.382716 0.099789
2.382716 0.099789 2.384774 0.103353
2.384774 0.103353 2.382716 0.106917
2.382716 0.106917 2.378601 0.106917
2.378601 0.106917 2.376543 0.103353
2.376543 0.103353 2.374486 0.106917
2.374486 0.106917 2.370370 0.106917
2.370370 0.106917 2.372428 0.110481
2.372428 0.110481 2.370370 0.114044
2.370370 0.114044 2.374486 0.114044
2.374486 0.114044 2.376543 0.117608
2.376543 0.117608 2.374486 0.121172
2.374486 0.121172 2.370370 0.121172
2.370370 0.121172 2.372428 0.124736
2.372428 0.124736 2.370370 0.128300
2.370370 0.128300 2.366255 0.128300
2.366255 0.128300 2.364198 0.124736
2.364198 0.124736 2.362140 0.128300
2.362140 0.128300 2.358025 0.128300
2.358025 0.128300 2.355967 0.124736
2.355967 0.124736 2.358025 0.121172
2.358025 0.121172 2.353909 0.121172
2.353909 0.121172 2.351852 0.117608
2.351852 0.117608 2.349794 0.121172
2.349794 0.121172 2.345679 0.121172
2.345679 0.121172 2.347737 0.124736
2.347737 0.124736 2.345679 0.128300
2.345679 0.128300 2.341564 0.128300
2.341564 0.128300 2.339506 0.124736
2.339506 0.124736 2.337449 0.128300
2.337449 0.128300 2.333333 0.128300
2.333333 0.128300 2.335391 0.131864
2.335391 0.131864 2.333333 0.135428
2.333333 0.135428 2.337449 0.135428
2.337449 0.135428 2.339506 0.138992
2.339506 0.138992 2.337449 0.142556
2.337449 0.142556 2.333333 0.142556
2.333333 0.142556 2.335391 0.146120
2.335391 0.146120 2.333333 0.149683
2.333333 0.149683 2.337449 0.149683
2.337449 0.149683 2.339506 0.153247
2.339506 0.153247 2.341564 0.149683
2.341564 0.149683 2.345679 0.149683
2.345679 0.149683 2.347737 0.153247
2.347737 0.153247 2.345679 0.156811
2.345679 0.156811 2.349794 0.156811
2.349794 0.156811 2.351852 0.160375
2.351852 0.160375 2.349794 0.163939
2.349794 0.163939 2.345679 0.163939
2.345679 0.163939 2.347737 0.167503
2.347737 0.167503 2.345679 0.171067
2.345679 0.171067 2.341564 0.171067
2.341564 0.171067 2.339506 0.167503
2.339506 0.167503 2.337449 0.171067
2.337449 0.171067 2.333333 0.171067
2.333333 0.171067 2.335391 0.174631
2.335391 0.174631 2.333333 0.178195
2.333333 0.178195 2.337449 0.178195
2.337449 0.178195 2.339506 0.181758
2.339506 0.181758 2.337449 0.185322
2.337449 0.185322 2.333333 0.185322
2.333333 0.185322 2.335391 0.188886
2.335391 0.188886 2.333333 0.192450
2.333333 0.192450 2.337449 0.192450
2.337449 0.192450 2.339506 0.196014
2.339506 0.196014 2.341564 0.192450
2.341564 0.192450 2.345679 0.192450
2.345679 0.192450 2.347737 0.196014
2.347737 0.196014 2.345679 0.199578
2.345679 0.199578 2.349794 0.199578
2.349794 0.199578 2.351852 0.203142
2.351852 0.203142 2.353909 0.199578
2.353909 0.199578 2.358025 0.199578
2.358025 0.199578 2.355967 0.196014
2.355967 0.196014 2.358025 0.192450
2.358025 0.192450 2.362140 0.192450
2.362140 0.192450 2.364198 0.196014
2.364198 0.196014 2.366255 0.192450
2.366255 0.192450 2.370370 0.192450
2.370370 0.192450 2.372428 0.196014
2.372428 0.196014 2.370370 0.199578
2.370370 0.199578 2.374486 0.199578
2.374486 0.199578 2.376543 0.203142
2.376543 0.203142 2.374486 0.206706
2.374486 0.206706 2.370370 0.206706
2.370370 0.206706 2.372428 0.210270
2.372428 0.210270 2.370370 0.213833
2.370370 0.213833 2.374486 0.213833
2.374486 0.213833 2.376543 0.217397
2.376543 0.217397 2.378601 0.213833
2.378601 0.213833 2.382716 0.213833
2.382716 0.213833 2.384774 0.217397
2.384774 0.217397 2.382716 0.220961
2.382716 0.220961 2.386831 0.220961
2.386831 0.220961 2.388889 0.224525
2.388889 0.224525 2.390947 0.220961
2.390947 0.220961 2.395062 0.220961
2.395062 0.220961 2.393004 0.217397
2.393004 0.217397 2.395062 0.213833
2.395062 0.213833 2.399177 0.213833
2.399177 0.213833 2.401235 0.217397
2.401235 0.217397 2.403292 0.213833
2.403292 0.213833 2.407407 0.213833
2.407407 0.213833 2.405350 0.210270
2.405350 0.210270 2.407407 0.206706
2.407407 0.206706 2.403292 0.206706
2.403292 0.206706 2.401235 0.203142
2.401235 0.203142 2.403292 0.199578
2.403292 0.199578 2.407407 0.199578
2.407407 0.199578 2.405350 0.196014
2.405350 0.196014 2.407407 0.192450
2.407407 0.192450 2.411523 0.192450
2.411523 0.192450 2.413580 0.196014
2.413580 0.196014 2.415638 0.192450
2.415638 0.192450 2.419753 0.192450
2.419753 0.192450 2.421811 0.196014
2.421811 0.196014 2.419753 0.199578
2.419753 0.199578 2.423868 0.199578
2.423868 0.199578 2.425926 0.203142
2.425926 0.203142 2.427984 0.199578
2.427984 0.199578 2.432099 0.199578
2.432099 0.199578 2.430041 0.196014
2.430041 0.196014 2.432099 0.192450
2.432099 0.192450 2.436214 0.192450
2.436214 0.192450 2.438272 0.196014
2.438272 0.196014 2.440329 0.192450
2.440329 0.192450 2.444444 0.192450
2.444444 0.192450 2.446502 0.196014
2.446502 0.196014 2.444444 0.199578
2.444444 0.199578 2.448560 0.199578
2.448560 0.199578 2.450617 0.203142
2.450617 0.203142 2.448560 0.206706
2.448560 0.206706 2.444444 0.206706
2.444444 0.206706 2.446502 0.210270
2.446502 0.210270 2.444444 0.213833
2.444444 0.213833 2.448560 0.213833
2.448560 0.213833 2.450617 0.217397
2.450617 0.217397 2.452675 0.213833
2.452675 0.213833 2.456790 0.213833
2.456790 0.213833 2.458848 0.217397
2.458848 0.217397 2.456790 0.220961
2.456790 0.220961 2.460905 0.220961
2.460905 0.220961 2.462963 0.224525
2.462963 0.224525 2.460905 0.228089
2.460905 0.228089 2.456790 0.228089
2.456790 0.228089 2.458848 0.231653
2.458848 0.231653 2.456790 0.235217
2.456790 0.235217 2.452675 0.235217
2.452675 0.235217 2.450617 0.231653
2.450617 0.231653 2.448560 0.235217
2.448560 0.235217 2.444444 0.235217
2.444444 0.235217 2.446502 0.238781
2.446502 0.238781 2.444444 0.242345
2.444444 0.242345 2.448560 0.242345
2.448560 0.242345 2.450617 0.245908
2.450617 0.245908 2.448560 0.249472
2.448560 0.249472 2.444444 0.249472
2.444444 0.249472 2.446502 0.253036
2.446502 0.253036 2.444444 0.256600
2.444444 0.256600 2.448560 0.256600
2.448560 0.256600 2.450617 0.260164
2.450617 0.260164 2.452675 0.256600
2.452675 0.256600 2.456790 0.256600
2.456790 0.256600 2.458848 0.260164
2.458848 0.260164 2.456790 0.263728
2.456790 0.263728 2.460905 0.263728
2.460905 0.263728 2.462963 0.267292
2.462963 0.267292 2.465021 0.263728
2.465021 0.263728 2.469136 0.263728
2.469136 0.263728 2.467078 0.260164
2.467078 0.260164 2.469136 0.256600
2.469136 0.256600 2.473251 0.256600
2.473251 0.256600 2.475309 0.260164
2.475309 0.260164 2.477366 0.256600
2.477366 0.256600 2.481481 0.256600
2.481481 0.256600 2.483539 0.260164
2.483539 0.260164 2.481481 0.263728
2.481481 0.263728 2.485597 0.263728
2.485597 0.263728 2.487654 0.267292
2.487654 0.267292 2.485597 0.270856
2.485597 0.270856 2.481481 0.270856
2.481481 0.270856 2.483539 0.274420
2.483539 0.274420 2.481481 0.277983
2.481481 0.277983 2.485597 0.277983
2.485597 0.277983 2.487654 0.281547
2.487654 0.281547 2.489712 0.277983
2.489712 0.277983 2.493827 0.277983
2.493827 0.277983 2.495885 0.281547
2.495885 0.281547 2.493827 0.285111
2.493827 0.285111 2.497942 0.285111
2.497942 0.285111 2.500000 0.288675
2.500000 0.288675 2.502058 0.285111
2.502058 0.285111 2.506173 0.285111
2.506173 0.285111 2.504115 0.281547
2.504115 0.281547 2.506173 0.277983
2.506173 0.277983 2.510288 0.277983
2.510288 0.277983 2.512346 0.281547
2.512346 0.281547 2.514403 0.277983
2.514403 0.277983 2.518519 0.277983
2.518519 0.277983 2.516461 0.274420
2.516461 0.274420 2.518519 0.270856
2.518519 0.270856 2.514403 0.270856
2.514403 0.270856 2.512346 0.267292
2.512346 0.267292 2.514403 0.263728
2.514403 0.263728 2.518519 0.263728
2.518519 0.263728 2.516461 0.260164
2.516461 0.260164 2.518519 0.256600
2.518519 0.256600 2.522634 0.256600
2.522634 0.256600 2.524691 0.260164
2.524691 0.260164 2.526749 0.256600
2.526749 0.256600 2.530864 0.256600
2.530864 0.256600 2.532922 0.260164
2.532922 0.260164 2.530864 0.263728
2.530864 0.263728 2.534979 0.263728
2.534979 0.263728 2.537037 0.267292
2.537037 0.267292 2.539095 0.263728
2.539095 0.263728 2.543210 0.263728
2.543210 0.263728 2.541152 0.260164
2.541152 0.260164 2.543210 0.256600
2.543210 0.256600 2.547325 0.256600
2.547325 0.256600 2.549383 0.260164
2.549383 0.260164 2.551440 0.256600
2.551440 0.256600 2.555556 0.256600
2.555556 0.256600 2.553498 0.253036
2.553498 0.253036 2.555556 0.249472
2.555556 0.249472 2.551440 0.249472
2.551440 0.249472 2.549383 0.245908
2.549383 0.245908 2.551440 0.242345
2.551440 0.242345 2.555556 0.242345
2.555556 0.242345 2.553498 0.238781
2.553498 0.238781 2.555556 0.235217
2.555556 0.235217 2.551440 0.235217
2.551440 0.235217 2.549383 0.231653
2.549383 0.231653 2.547325 0.235217
2.547325 0.235217 2.543210 0.235217
2.543210 0.235217 2.541152 0.231653
2.541152 0.231653 2.543210 0.228089
2.543210 0.228089 2.539095 0.228089
2.539095 0.228089 2.537037 0.224525
2.537037 0.224525 2.539095 0.220961
2.539095 0.220961 2.543210 0.220961
2.543210 0.220961 2.541152 0.217397
2.541152 0.217397 2.543210 0.213833
2.543210 0.213833 2.547325 0.213833
2.547325 0.213833 2.549383 0.217397
2.549383 0.217397 2.551440 0.213833
2.551440 0.213833 2.555556 0.213833
2.555556 0.213833 2.553498 0.210270
2.553498 0.210270 2.555556 0.206706
2.555556 0.206706 2.551440 0.206706
2.551440 0.206706 2.549383 0.203142
2.549383 0.203142 2.551440 0.199578
2.551440 0.199578 2.555556 0.199578
2.555556 0.199578 2.553498 0.196014
2.553498 0.196014 2.555556 0.192450
2.555556 0.192450 2.559671 0.192450
2.559671 0.192450 2.561728 0.196014
2.561728 0.196014 2.563786 0.192450
2.563786 0.192450 2.567901 0.192450
2.567901 0.192450 2.569959 0.196014
2.569959 0.196014 2.567901 0.199578
2.567901 0.199578 2.572016 0.199578
2.572016 0.199578 2.574074 0.203142
2.574074 0.203142 2.576132 0.199578
2.576132 0.199578 2.580247 0.199578
2.580247 0.199578 2.578189 0.196014
2.578189 0.196014 2.580247 0.192450
2.580247 0.192450 2.584362 0.192450
2.584362 0.192450 2.586420 0.196014
2.586420 0.196014 2.588477 0.192450
2.588477 0.192450 2.592593 0.192450
2.592593 0.192450 2.594650 0.196014
2.594650 0.196014 2.592593 0.199578
2.592593 0.199578 2.596708 0.199578
2.596708 0.199578 2.598765 0.203142
2.598765 0.203142 2.596708 0.206706
2.596708 0.206706 2.592593 0.206706
2.592593 0.206706 2.594650 0.210270
2.594650 0.210270 2.592593 0.213833
2.592593 0.213833 2.596708 0.213833
2.596708 0.213833 2.598765 0.217397
2.598765 0.217397 2.600823 0.213833
2.600823 0.213833 2.604938 0.213833
2.604938 0.213833 2.606996 0.217397
2.606996 0.217397 2.604938 0.220961
2.604938 0.220961 2.609053 0.220961
2.609053 0.220961 2.611111 0.224525
2.611111 0.224525 2.613169 0.220961
2.613169 0.220961 2.617284 0.220961
2.617284 0.220961 2.615226 0.217397
2.615226 0.217397 2.617284 0.213833
2.617284 0.213833 2.621399 0.213833
2.621399 0.213833 2.623457 0.217397
2.623457 0.217397 2.625514 0.213833
2.625514 0.213833 2.629630 0.213833
2.629630 0.213833 2.627572 0.210270
2.627572 0.210270 2.629630 0.206706
2.629630 0.206706 2.625514 0.206706
2.625514 0.206706 2.623457 0.203142
2.623457 0.203142 2.625514 0.199578
2.625514 0.199578 2.629630 0.199578
2.629630 0.199578 2.627572 0.196014
2.627572 0.196014 2.629630 0.192450
2.629630 0.192450 2.633745 0.192450
2.633745 0.192450 2.635802 0.196014
2.635802 0.196014 2.637860 0.192450
2.637860 0.192450 2.641975 0.192450
2.641975 0.192450 2.644033 0.196014
2.644033 0.196014 2.641975 0.199578
2.641975 0.199578 2.646091 0.199578
2.646091 0.199578 2.648148 0.203142
2.648148 0.203142 2.650206 0.199578
2.650206 0.199578 2.654321 0.199578
2.654321 0.199578 2.652263 0.196014
2.652263 0.196014 2.654321 0.192450
2.654321 0.192450 2.658436 0.192450
2.658436 0.192450 2.660494 0.196014
2.660494 0.196014 2.662551 0.192450
2.662551 0.192450 2.666667 0.192450
2.666667 0.192450 2.664609 0.188886
2.664609 0.188886 2.666667 0.185322
2.666667 0.185322 2.662551 0.185322
2.662551 0.185322 2.660494 0.181758
2.660494 0.181758 2.662551 0.178195
2.662551 0.178195 2.666667 0.178195
2.666667 0.178195 2.664609 0.174631
2.664609 0.174631 2.666667 0.171067
2.666667 0.171067 2.662551 0.171067
2.662551 0.171067 2.660494 0.167503
2.660494 0.167503 2.658436 0.171067
2.658436 0.171067 2.654321 0.171067
2.654321 0.171067 2.652263 0.167503
2.652263 0.167503 2.654321 0.163939
2.654321 0.163939 2.650206 0.163939
2.650206 0.163939 2.648148 0.160375
2.648148 0.160375 2.650206 0.156811
2.650206 0.156811 2.654321 0.156811
2.654321 0.156811 2.652263 0.153247
2.652263 0.153247 2.654321 0.149683
2.654321 0.149683 2.658436 0.149683
2.658436 0.149683 2.660494 0.153247
2.660494 0.153247 2.662551 0.149683
2.662551 0.149683 2.666667 0.149683
2.666667 0.149683 2.664609 0.146120
2.664609 0.146120 2.666667 0.142556
2.666667 0.142556 2.662551 0.142556
2.662551 0.142556 2.660494 0.138992
2.660494 0.138992 2.662551 0.135428
2.662551 0.135428 2.666667 0.135428
2.666667 0.135428 2.664609 0.131864
2.664609 0.131864 2.666667 0.128300
2.666667 0.128300 2.662551 0.128300
2.662551 0.128300 2.660494 0.124736
2.660494 0.124736 2.658436 0.128300
2.658436 0.128300 2.654321 0.128300
2.654321 0.128300 2.652263 0.124736
2.652263 0.124736 2.654321 0.121172
2.654321 0.121172 2.650206 0.121172
2.650206 0.121172 2.648148 0.117608
2.648148 0.117608 2.646091 0.121172
2.646091 0.121172 2.641975 0.121172
2.641975 0.121172 2.644033 0.124736
2.644033 0.124736 2.641975 0.128300
2.641975 0.128300 2.637860 0.128300
2.637860 0.128300 2.635802 0.124736
2.635802 0.124736 2.633745 0.128300
2.633745 0.128300 2.629630 0.128300
2.629630 0.128300 2.627572 0.124736
2.627572 0.124736 2.629630 0.121172
2.629630 0.121172 2.625514 0.121172
2.625514 0.121172 2.623457 0.117608
2.623457 0.117608 2.625514 0.114044
2.625514 0.114044 2.629630 0.114044
2.629630 0.114044 2.627572 0.110481
2.627572 0.110481 2.629630 0.106917
2.629630 0.106917 2.625514 0.106917
2.625514 0.106917 2.623457 0.103353
2.623457 0.103353 2.621399 0.106917
2.621399 0.106917 2.617284 0.106917
2.617284 0.106917 2.615226 0.103353
2.615226 0.103353 2.617284 0.099789
2.617284 0.099789 2.613169 0.099789
2.613169 0.099789 2.611111 0.096225
2.611111 0.096225 2.613169 0.092661
2.613169 0.092661 2.617284 0.092661
2.617284 0.092661 2.615226 0.089097
2.615226 0.089097 2.617284 0.085533
2.617284 0.085533 2.621399 0.085533
2.621399 0.085533 2.623457 0.089097
2.623457 0.089097 2.625514 0.085533
2.625514 0.085533 2.629630 0.085533
2.629630 0.085533 2.627572 0.081969
2.627572 0.081969 2.629630 0.078406
2.629630 0.078406 2.625514 0.078406
2.625514 0.078406 2.623457 0.074842
2.623457 0.074842 2.625514 0.071278
2.625514 0.071278 2.629630 0.071278
2.629630 0.071278 2.627572 0.067714
2.627572 0.067714 2.629630 0.064150
2.629630 0.064150 2.633745 0.064150
2.633745 0.064150 2.635802 0.067714
2.635802 0.067714 2.637860 0.064150
2.637860 0.064150 2.641975 0.064150
2.641975 0.064150 2.644033 0.067714
2.644033 0.067714 2.641975 0.071278
2.641975 0.071278 2.646091 0.071278
2.646091 0.071278 2.648148 0.074842
2.648148 0.074842 2.650206 0.071278
2.650206 0.071278 2.654321 0.071278
2.654321 0.071278 2.652263 0.067714
2.652263 0.067714 2.654321 0.064150
2.654321 0.064150 2.658436 0.064150
2.658436 0.064150 2.660494 0.067714
2.660494 0.067714 2.662551 0.064150
2.662551 0.064150 2.666667 0.064150
2.666667 0.064150 2.664609 0.060586
2.664609 0.060586 2.666667 0.057022
2.666667 0.057022 2.662551 0.057022
2.662551 0.057022 2.660494 0.053458
2.660494 0.053458 2.662551 0.049894
2.662551 0.049894 2.666667 0.049894
2.666667 0.049894 2.664609 0.046331
2.664609 0.046331 2.666667 0.042767
2.666667 0.042767 2.662551 0.042767
2.662551 0.042767 2.660494 0.039203
2.660494 0.039203 2.658436 0.042767
2.658436 0.042767 2.654321 0.042767
2.654321 0.042767 2.652263 0.039203
2.652263 0.039203 2.654321 0.035639
2.654321 0.035639 2.650206 0.035639
2.650206 0.035639 2.648148 0.032075
2.648148 0.032075 2.650206 0.028511
2.650206 0.028511 2.654321 0.028511
2.654321 0.028511 2.652263 0.024947
2.652263 0.024947 2.654321 0.021383
2.654321 0.021383 2.658436 0.021383
2.658436 0.021383 2.660494 0.024947
2.660494 0.024947 2.662551 0.021383
2.662551 0.021383 2.666667 0.021383
2.666667 0.021383 2.664609 0.017819
2.664609 0.017819 2.666667 0.014256
2.666667 0.014256 2.662551 0.014256
2.662551 0.014256 2.660494 0.010692
2.660494 0.010692 2.662551 0.007128
2.662551 0.007128 2.666667 0.007128
2.666667 0.007128 2.664609 0.003564
2.664609 0.003564 2.666667 0.000000
2.666667 0.000000 2.670782 0.000000
2.670782 0.000000 2.672840 0.003564
2.672840 0.003564 2.674897 0.000000
2.674897 0.000000 2.679012 0.000000
2.679012 0.000000 2.681070 0.003564
2.681070 0.003564 2.679012 0.007128
2.679012 0.007128 2.683128 0.007128
2.683128 0.007128 2.685185 0.010692
2.685185 0.010692 2.687243 0.007128
2.687243 0.007128 2.691358 0.007128
2.691358 0.007128 2.689300 0.003564
2.689300 0.003564 2.691358 0.000000
2.691358 0.000000 2.695473 0.000000
2.695473 0.000000 2.697531 0.003564
2.697531 0.003564 2.699588 0.000000
2.699588 0.000000 2.703704 0.000000
2.703704 0.000000 2.705761 0.003564
2.705761 0.003564 2.703704 0.007128
2.703704 0.007128 2.707819 0.007128
2.707819 0.007128 2.709877 0.010692
2.709877 0.010692 2.707819 0.014256
2.707819 0.014256 2.703704 0.014256
2.703704 0.014256 2.705761 0.017819
2.705761 0.017819 2.703704 0.021383
2.703704 0.021383 2.707819 0.021383
2.707819 0.021383 2.709877 0.024947
2.709877 0.024947 2.711934 0.021383
2.711934 0.021383 2.716049 0.021383
2.716049 0.021383 2.718107 0.024947
2.718107 0.024947 2.716049 0.028511
2.716049 0.028511 2.720165 0.028511
2.720165 0.028511 2.722222 0.032075
2.722222 0.032075 2.724280 0.028511
2.724280 0.028511 2.728395 0.028511
2.728395 0.028511 2.726337 0.024947
2.726337 0.024947 2.728395 0.021383
2.728395 0.021383 2.732510 0.021383
2.732510 0.021383 2.734568 0.024947
2.734568 0.024947 2.736626 0.021383
2.736626 0.021383 2.740741 0.021383
2.740741 0.021383 2.738683 0.017819
2.738683 0.017819 2.740741 0.014256
2.740741 0.014256 2.736626 0.014256
2.736626 0.014256 2.734568 0.010692
2.734568 0.010692 2.736626 0.007128
2.736626 0.007128 2.740741 0.007128
2.740741 0.007128 2.738683 0.003564
2.738683 0.003564 2.740741 0.000000
2.740741 0.000000 2.744856 0.000000
2.744856 0.000000 2.746914 0.003564
2.746914 0.003564 2.748971 0.000000
2.748971 0.000000 2.753086 0.000000
2.753086 0.000000 2.755144 0.003564
2.755144 0.003564 2.753086 0.007128
2.753086 0.007128 2.757202 0.007128
2.757202 0.007128 2.759259 0.010692
2.759259 0.010692 2.761317 0.007128
2.761317 0.007128 2.765432 0.007128
2.765432 0.007128 2.763374 0.003564
2.763374 0.003564 2.765432 0.000000
2.765432 0.000000 2.769547 0.000000
2.769547 0.000000 2.771605 0.003564
2.771605 0.003564 2.773663 0.000000
2.773663 0.000000 2.777778 0.000000
2.777778 0.000000 2.779835 0.003564
2.779835 0.003564 2.777778 0.007128
2.777778 0.007128 2.781893 0.007128
2.781893 0.007128 2.783951 0.010692
2.783951 0.010692 2.781893 0.014256
2.781893 0.014256 2.777778 0.014256
2.777778 0.014256 2.779835 0.017819
2.779835 0.017819 2.777778 0.021383
2.777778 0.021383 2.781893 0.021383
2.781893 0.021383 2.783951 0.024947
2.783951 0.024947 2.786008 0.021383
2.786008 0.021383 2.790123 0.021383
2.790123 0.021383 2.792181 0.024947
2.792181 0.024947 2.790123 0.028511
2.790123 0.028511 2.794239 0.028511
2.794239 0.028511 2.796296 0.032075
2.796296 0.032075 2.794239 0.035639
2.794239 0.035639 2.790123 0.035639
2.790123 0.035639 2.792181 0.039203
2.792181 0.039203 2.790123 0.042767
2.790123 0.042767 2.786008 0.042767
2.786008 0.042767 2.783951 0.039203
2.783951 0.039203 2.781893 0.042767
2.781893 0.042767 2.777778 0.042767
2.777778 0.042767 2.779835 0.046331
2.779835 0.046331 2.777778 0.049894
2.777778 0.049894 2.781893 0.049894
2.781893 0.049894 2.783951 0.053458
2.783951 0.053458 2.781893 0.057022
2.781893 0.057022 2.777778 0.057022
2.777778 0.057022 2.779835 0.060586
2.779835 0.060586 2.777778 0.064150
2.777778 0.064150 2.781893 0.064150
2.781893 0.064150 2.783951 0.067714
2.783951 0.067714 2.786008 0.064150
2.786008 0.064150 2.790123 0.064150
2.790123 0.064150 2.792181 0.067714
2.792181 0.067714 2.790123 0.071278
2.790123 0.071278 2.794239 0.071278
2.794239 0.071278 2.796296 0.074842
2.796296 0.074842 2.798354 0.071278
2.798354 0.071278 2.802469 0.071278
2.802469 0.071278 2.800412 0.067714
2.800412 0.067714 2.802469 0.064150
2.802469 0.064150 2.806584 0.064150
2.806584 0.064150 2.808642 0.067714
2.808642 0.067714 2.810700 0.064150
2.810700 0.064150 2.814815 0.064150
2.814815 0.064150 2.816872 0.067714
2.816872 0.067714 2.814815 0.071278
2.814815 0.071278 2.818930 0.071278
2.818930 0.071278 2.820988 0.074842
2.820988 0.074842 2.818930 0.078406
2.818930 0.078406 2.814815 0.078406
2.814815 0.078406 2.816872 0.081969
2.816872 0.081969 2.814815 0.085533
2.814815 0.085533 2.818930 0.085533
2.818930 0.085533 2.820988 0.089097
2.820988 0.089097 2.823045 0.085533
2.823045 0.085533 2.827160 0.085533
2.827160 0.085533 2.829218 0.089097
2.829218 0.089097 2.827160 0.092661
2.827160 0.092661 2.831276 0.092661
2.831276 0.092661 2.833333 0.096225
2.833333 0.096225 2.835391 0.092661
2.835391 0.092661 2.839506 0.092661
2.839506 0.092661 2.837449 0.089097
2.837449 0.089097 2.839506 0.085533
2.839506 0.085533 2.843621 0.085533
2.843621 0.085533 2.845679 0.089097
2.845679 0.089097 2.847737 0.085533
2.847737 0.085533 2.851852 0.085533
2.851852 0.085533 2.849794 0.081969
2.849794 0.081969 2.851852 0.078406
2.851852 0.078406 2.847737 0.078406
2.847737 0.078406 2.845679 0.074842
2.845679 0.074842 2.847737 0.071278
2.847737 0.071278 2.851852 0.071278
2.851852 0.071278 2.849794 0.067714
2.849794 0.067714 2.851852 0.064150
2.851852 0.064150 2.855967 0.064150
2.855967 0.064150 2.858025 0.067714
2.858025 0.067714 2.860082 0.064150
2.860082 0.064150 2.864198 0.064150
2.864198 0.064150 2.866255 0.067714
2.866255 0.067714 2.864198 0.071278
2.864198 0.071278 2.868313 0.071278
2.868313 0.071278 2.870370 0.074842
2.870370 0.074842 2.872428 0.071278
2.872428 0.071278 2.876543 0.071278
2.876543 0.071278 2.874486 0.067714
2.874486 0.067714 2.876543 0.064150
2.876543 0.064150 2.880658 0.064150
2.880658 0.064150 2.882716 0.067714
2.882716 0.067714 2.884774 0.064150
2.884774 0.064150 2.888889 0.064150
2.888889 0.064150 2.886831 0.060586
2.886831 0.060586 2.888889 0.057022
2.888889 0.057022 2.884774 0.057022
2.884774 0.057022 2.882716 0.053458
2.882716 0.053458 2.884774 0.049894
2.884774 0.049894 2.888889 0.049894
2.888889 0.049894 2.886831 0.046331
2.886831 0.046331 2.888889 0.042767
2.888889 0.042767 2.884774 0.042767
2.884774 0.042767 2.882716 0.039203
2.882716 0.039203 2.880658 0.042767
2.880658 0.042767 2.876543 0.042767
2.876543 0.042767 2.874486 0.039203
2.874486 0.039203 2.876543 0.035639
2.876543 0.035639 2.872428 0.035639
2.872428 0.035639 2.870370 0.032075
2.870370 0.032075 2.872428 0.028511
2.872428 0.028511 2.876543 0.028511
2.876543 0.028511 2.874486 0.024947
2.874486 0.024947 2.876543 0.021383
2.876543 0.021383 2.880658 0.021383
2.880658 0.021383 2.882716 0.024947
2.882716 0.024947 2.884774 0.021383
2.884774 0.021383 2.888889 0.021383
2.888889 0.021383 2.886831 0.017819
2.886831 0.017819 2.888889 0.014256
2.888889 0.014256 2.884774 0.014256
2.884774 0.014256 2.882716 0.010692
2.882716 0.010692 2.884774 0.007128
2.884774 0.007128 2.888889 0.007128
2.888889 0.007128 2.886831 0.003564
2.886831 0.003564 2.888889 0.000000
2.888889 0.000000 2.893004 0.000000
2.893004 0.000000 2.895062 0.003564
2.895062 0.003564 2.897119 0.000000
2.897119 0.000000 2.901235 0.000000
2.901235 0.000000 2.903292 0.003564
2.903292 0.003564 2.901235 0.007128
2.901235 0.007128 2.905350 0.007128
2.905350 0.007128 2.907407 0.010692
2.907407 0.010692 2.909465 0.007128
2.909465 0.007128 2.913580 0.007128
2.913580 0.007128 2.911523 0.003564
2.911523 0.003564 2.913580 0.000000
2.913580 0.000000 2.917695 0.000000
2.917695 0.000000 2.919753 0.003564
2.919753 0.003564 2.921811 0.000000
2.921811 0.000000 2.925926 0.000000
2.925926 0.000000 2.927984 0.003564
2.927984 0.003564 2.925926 0.007128
2.925926 0.007128 2.930041 0.007128
2.930041 0.007128 2.932099 0.010692
2.932099 0.010692 2.930041 0.014256
2.930041 0.014256 2.925926 0.014256
2.925926 0.014256 2.927984 0.017819
2.927984 0.017819 2.925926 0.021383
2.925926 0.021383 2.930041 0.021383
2.930041 0.021383 2.932099 0.024947
2.932099 0.024947 2.934156 0.021383
2.934156 0.021383 2.938272 0.021383
2.938272 0.021383 2.940329 0.024947
2.940329 0.024947 2.938272 0.028511
2.938272 0.028511 2.942387 0.028511
2.942387 0.028511 2.944444 0.032075
2.944444 0.032075 2.946502 0.028511
2.946502 0.028511 2.950617 0.028511
2.950617 0.028511 2.948560 0.024947
2.948560 0.024947 2.950617 0.021383
2.950617 0.021383 2.954733 0.021383
2.954733 0.021383 2.956790 0.024947
2.956790 0.024947 2.958848 0.021383
2.958848 0.021383 2.962963 0.021383
2.962963 0.021383 2.960905 0.017819
2.960905 0.017819 2.962963 0.014256
2.962963 0.014256 2.958848 0.014256
2.958848 0.014256 2.956790 0.010692
2.956790 0.010692 2.958848 0.007128
2.958848 0.007128 2.962963 0.007128
2.962963 0.007128 2.960905 0.003564
2.960905 0.003564 2.962963 0.000000
2.962963 0.000000 2.967078 0.000000
2.967078 0.000000 2.969136 0.003564
2.969136 0.003564 2.971193 0.000000
2.971193 0.000000 2.975309 0.000000
2.975309 0.000000 2.977366 0.003564
2.977366 0.003564 2.975309 0.007128
2.975309 0.007128 2.979424 0.007128
2.979424 0.007128 2.981481 0.010692
2.981481 0.010692 2.983539 0.007128
2.983539 0.007128 2.987654 0.007128
2.987654 0.007128 2.985597 0.003564
2.985597 0.003564 2.987654 0.000000
2.987654 0.000000 2.991770 0.000000
2.991770 0.000000 2.993827 0.003564
2.993827 0.003564 2.995885 0.000000
2.995885 0.000000 3.000000 0.000000
