time,file_path,grid_nx,grid_ny,interface_segments,interface_points,fractal_dimension,fractal_r_squared,fractal_interface_type,fractal_analysis_time,interface_extraction_time,total_analysis_time,characteristic_length,tortuosity,complexity_score,connectivity_ratio,initial_delta,delta_factor,num_steps,bubble_count,spike_count,bubble_penetration_height,spike_penetration_depth,mixing_width,interface_mean_height,interface_amplitude,interface_power_law_slope,interface_power_law_r_squared,interface_dominant_wavelength,interface_total_energy,interface_peak_power,vof_power_law_slope,vof_power_law_r_squared,vof_dominant_wavelength,vof_total_energy,vof_peak_power,u_velocity_power_law_slope,u_velocity_power_law_r_squared,u_velocity_dominant_wavelength,u_velocity_total_energy,u_velocity_peak_power,v_velocity_power_law_slope,v_velocity_power_law_r_squared,v_velocity_dominant_wavelength,v_velocity_total_energy,v_velocity_peak_power,tke_power_law_slope,tke_power_law_r_squared,tke_dominant_wavelength,tke_total_energy,tke_peak_power,power_spectrum_analysis_time,multifractal_d0,multifractal_d1,multifractal_d2,multifractal_d_inf,multifractal_d_minus_inf,multifractal_alpha_min,multifractal_alpha_max,multifractal_alpha_0,multifractal_f_alpha_max,multifractal_width,multifractal_asymmetry,multifractal_mean_r_squared,multifractal_n_scales,multifractal_analysis_time,mixing_zone_width,upper_boundary,lower_boundary,interface_position,mixed_fraction,unmixed_light_fraction,unmixed_heavy_fraction,mixing_efficiency,concentration_variance,segregation_index,mixing_analysis_time,u_mean,v_mean,u_rms,v_rms,velocity_magnitude_mean,velocity_magnitude_rms,velocity_magnitude_max,turbulent_kinetic_energy,reynolds_stress,turbulence_intensity,velocity_analysis_time
0.0,RT160x200-0.vtk,161,201,477,478,1.0,1.0,near_linear,0.0,0.7300496101379395,4.359867334365845,0.00014003901421260042,1.000007873105625,0.21842904492148618,0.5513626834381551,3.946852931147049e-08,2.0,6,11,11,2.119198994066096e-08,2.47810359177425e-08,4.597302585840346e-08,0.2500000023584537,4.933566163933811e-08,-11.39882837418474,0.788647431150658,0.0147531512605042,2.0260767896118842e-13,1.428735167918741e-15,3.0832903704201,0.07355843412990026,0.24999999999999992,2489.9727218916364,456.1171283599394,-0.0689668653172693,0.03833813120607854,0.3123475237772121,2.7923731844722622e-06,4.872885441572176e-09,-0.01643889311706635,0.0021119149026460615,0.3999999999999999,2.7414849429107897e-06,4.05745926716548e-09,-0.0689668653172693,0.03833813120607854,0.3123475237772121,2.766929063691526e-06,4.872885441572176e-09,1.7796294689178467,0.7203058901967088,0.7253117574394418,0.7280973329155332,0.7136171487492624,0.7316400490766705,0.7084250947920585,0.7655889683110022,0.7297615562901483,0.7314937166319009,0.0571638735189437,0.37325079958094537,0.9231680773035423,12,0.06542325019836426,0.0,0.49875,0.00125,0.25125,0.0,0.5,0.5,2.4077129969768407e-06,0.24999939807142033,0.999997592287003,0.0012369155883789062,2.0541069111150932e-07,-5.0127264949706285e-08,4.104241525848005e-05,4.080103145512557e-05,5.140984449584478e-05,5.7872694116883624e-05,0.00018276123486194687,1.674602009025831e-09,-5.872724648555402e-10,193.54032480859826,0.0011131763458251953
0.2,RT160x200-200.vtk,161,201,477,478,1.00011679015305,0.9999999895793619,near_linear,7182.653535604477,0.7304389476776123,7189.001662492752,0.00265397713635456,1.003061776445431,0.2757652238063979,0.5429769392033543,1.4175787955306164e-05,2.0,6,9,11,8.088655312543658e-06,9.631079631589046e-06,1.7719734944132703e-05,0.24999998474135365,1.7719734944132703e-05,-1.976608761811512,0.09807743415698755,0.014741466957153237,5.3883045840191824e-08,3.2108089424928887e-10,1.3005342615401934,0.027992192697865015,0.24999999999999992,2489.902230994474,456.1109125152646,0.025631024343370203,0.003435654012803213,0.08515836975765456,2.1235406478761254e-06,3.752520058362012e-09,0.15176568265027424,0.104276921229983,0.3999999999999999,2.111253465510543e-06,3.398695447991427e-09,0.025631024343370203,0.003435654012803213,0.08515836975765456,2.1173970566933343e-06,3.752520058362012e-09,2.7637858390808105,0.7203058901967087,0.7253098259062358,0.7280951337978576,0.7136176959555152,0.7316168761568064,0.7084241044366493,0.7655462925716705,0.7297601918686263,0.7314933343261927,0.057122188135021235,0.3735166338786661,0.9231894441368566,12,0.06432485580444336,0.0,0.49875,0.00125,0.25125,0.0,0.5,0.5,5.890142756559413e-05,0.24998527463878714,0.9999410985724344,0.0013132095336914062,-2.8678476690422005e-08,-8.544930516684066e-08,3.559305155425559e-05,3.5530238207334026e-05,4.47172787299428e-05,5.0291860872834814e-05,0.0001561376284161089,1.2646315730068974e-09,-4.253663164606593e-10,394.54452054485944,0.0011243820190429688
0.4,RT160x200-400.vtk,161,201,477,478,0.8573747510950966,0.9642712026635653,near_linear,5191.642255306244,0.7259373664855957,5196.981378793716,0.0038671752862759223,1.0064955035269942,0.2847624335205725,0.5387840670859538,2.065588888966379e-05,2.0,6,11,11,1.7145669275381303e-05,2.0477084673758972e-05,3.7622753949140275e-05,0.24999994882931456,3.7622753949140275e-05,-2.1875868538763954,0.1050844921280335,0.014741267787839591,2.436904186537581e-07,1.4863102060661607e-09,0.9951595838415476,0.019196527219560888,0.24999999999999992,2489.8422030041925,456.10728318861817,-0.014139159138780376,0.0010383527836135276,0.08515836975765456,1.7493602542058211e-06,3.7281018201886495e-09,0.11021437357848046,0.05577167834099339,0.3999999999999999,1.7523466915939497e-06,3.452763619157375e-09,-0.014139159138780376,0.0010383527836135276,0.08515836975765456,1.7508534728998855e-06,3.7281018201886495e-09,2.2684147357940674,0.7203058901967087,0.7253072941226523,0.7280920625223857,0.713620069286729,0.7315995639966255,0.7084268609594877,0.7655126725913242,0.7297575972934325,0.7314912471222981,0.05708581163183646,0.37366091020152437,0.9232122624251777,12,0.05175971984863281,0.0,0.49875,0.00125,0.25125,0.0,0.5,0.5,0.00011445156156786318,0.24997138710518504,0.9998855484384321,0.00107574462890625,-8.522062992228117e-09,6.124003550155382e-08,3.15291189108302e-05,3.159987235767032e-05,3.973072492949943e-05,4.4639008672705014e-05,0.00013675754091316362,9.963186361571636e-10,-2.999593572510607e-10,510.50361715488447,0.0008845329284667969
0.599,RT160x200-599.vtk,161,201,477,478,1.0002953985431657,0.999999994243814,near_linear,16794.402153015137,0.5906984806060791,16800.05406022072,0.00505821215962663,1.0110096646605082,0.28809840021642724,0.5387840670859538,2.7017618963481146e-05,2.0,6,11,11,2.950530011236463e-05,3.486076341416289e-05,6.436606352652752e-05,0.2499999350313351,6.436606352652752e-05,-2.1707075566923075,0.10984702342030639,0.014741024549453672,7.135738743284134e-07,4.395663552630861e-09,0.8034844282498216,0.013886967736126632,0.24999999999999992,2489.763308141056,456.1024978561341,-0.059983317566359697,0.017844215422354037,0.08515836975765456,1.4805965570259194e-06,3.6960949078823584e-09,0.0667944001348296,0.020745521768095965,0.3999999999999999,1.5125174844244603e-06,3.625463494695876e-09,-0.059983317566359697,0.017844215422354037,0.08515836975765456,1.49655702072519e-06,3.6960949078823584e-09,2.2625985145568848,0.7203058901967087,0.7253039339958522,0.7280877996491297,0.7136230859537507,0.7315773357957549,0.7084303441257283,0.7654698550339152,0.7297532068045913,0.7314865262169576,0.05703951090818693,0.3738261836288394,0.9232410295712338,12,0.05191779136657715,0.0,0.49875,0.00125,0.25125,0.0,0.5,0.5,0.0001869608155137259,0.24995325979156788,0.9998130391844863,0.0010683536529541016,5.844918580850002e-09,-3.035064688446254e-08,2.8225939022200463e-05,2.8625505508956947e-05,3.5711827785097213e-05,4.020104668603969e-05,0.00018345742574768322,8.080615996641516e-10,-2.182228326563347e-10,919.7010862719521,0.0008027553558349609
0.799,RT160x200-799.vtk,161,201,477,478,1.0007217962796744,0.9999999610527669,near_linear,19898.834317684174,0.5840682983398438,19904.060112714767,0.006432010132718759,1.0175054175792722,0.28929185120544965,0.5387840670859538,3.435553777718026e-05,2.0,6,11,11,4.8298473641794626e-05,5.5778895785618676e-05,0.0001040773694274133,0.24999989183038046,0.0001040773694274133,-2.030076404911882,0.0989203445609198,0.014740976645435246,1.8336802041319028e-06,1.1334444589050407e-08,0.6574365840679278,0.010087330635817682,0.24999999999999992,2489.649436273037,456.09556049840285,-0.0961322073398083,0.043590217689678634,0.08515836975765456,1.2978662210576421e-06,3.6511411813525418e-09,0.04444129355320425,0.008879897570285844,0.3999999999999999,1.400465234268709e-06,3.822233299035547e-09,-0.0961322073398083,0.043590217689678634,0.08515836975765456,1.3491657276631756e-06,3.6511411813525418e-09,2.2862319946289062,0.7203058901967088,0.7252992553768205,0.7280816249243909,0.7136259059269319,0.7315389789025165,0.7084321098514552,0.7653985364778606,0.7297457639893099,0.7314771566262999,0.056966426626405386,0.37414413014937586,0.9232815863537329,12,0.05181527137756348,0.0,0.49875,0.00125,0.25125,0.0,0.5,0.5,0.00029060088091314995,0.24992734977504963,0.9997093991190869,0.0011696815490722656,1.2610310478756693e-09,1.199318178375134e-08,2.5674309626557254e-05,2.6957835997801566e-05,3.264298543439077e-05,3.722761397016071e-05,0.00026908543702554793,6.929475482423483e-10,-1.6469297800647882e-10,2182.87186396152,0.0008168220520019531
0.999,RT160x200-999.vtk,161,201,477,478,1.0019362562905123,0.9999994212085437,near_linear,19771.73314142227,0.5817172527313232,19777.01002717018,0.008169426559973615,1.0273638378824927,0.2981515400246299,0.5345911949685535,4.363566552412107e-05,2.0,6,12,11,7.824107422427229e-05,8.965711525699138e-05,0.00016789818948126367,0.24999982451049124,0.00016789818948126367,-2.009497445116771,0.09603292215833781,0.014740787445705483,4.613262834182607e-06,2.832011612608852e-08,0.5321268013288855,0.007094171399943394,0.24999999999999992,2489.4787136562,456.08509313464265,-0.11427647154346766,0.059676382514393,0.08515836975765456,1.1925453063117016e-06,3.593534342111661e-09,0.06088069791408555,0.015111738395991892,0.3999999999999999,1.457635741973993e-06,4.095771573988848e-09,-0.11427647154346766,0.059676382514393,0.08515836975765456,1.3250905241428472e-06,3.593534342111661e-09,2.31418514251709,0.7203058901967087,0.7252923511343823,0.7280718898059182,0.7136280356217173,0.7314740898283887,0.7084303788147353,0.765281671914039,0.729731476135582,0.7314564523322085,0.0568512930993037,0.37468096431227205,0.9233397115993167,12,0.052030324935913086,0.0,0.49875,0.00125,0.25125,0.0,0.49975,0.49984375,0.00044369132832255964,0.2498890771630099,0.9995563086716774,0.001131296157836914,-1.0880787961656647e-09,-2.8886191202256467e-09,2.398247408168116e-05,2.7384789607686487e-05,3.045831003165716e-05,3.640172763020731e-05,0.00041009960173957026,6.625428824678812e-10,-1.3703509534771627e-10,8338.833534953044,0.0008063316345214844
1.199,RT160x200-1199.vtk,161,201,477,478,1.0044312608366377,0.9999973398398111,near_linear,24588.736210107803,0.5896217823028564,24594.19084739685,0.010451705916705932,1.042762240487351,0.2969610716351769,0.5345911949685535,5.582609014106006e-05,2.0,6,12,11,0.00012726263196188858,0.00014755034053950955,0.00027481297250139813,0.24999970433732382,0.00027481297250139813,-2.163306596632684,0.10302345482401587,0.014740834386852088,1.1441059058914822e-05,6.92807041781298e-08,0.41710135755945954,0.004651994334950782,0.24999999999999992,2489.220436183652,456.069102378286,-0.09494917810055822,0.04094555505778252,0.08515836975765456,1.1827577250816427e-06,3.536418157139502e-09,0.15472809717505492,0.07787324391832562,0.3999999999999999,1.8339245885227235e-06,4.451358166761505e-09,-0.09494917810055822,0.04094555505778252,0.08515836975765456,1.5083411568021832e-06,3.536418157139502e-09,2.358825922012329,0.7203058901967087,0.7252813106607168,0.7280549275739951,0.7136292537348939,0.7313678650355547,0.7084234768221338,0.7650953465477048,0.7297013667305332,0.7314082968502327,0.056671869725571034,0.37545770082116353,0.9234239987262999,12,0.0573883056640625,0.0,0.49875,0.00125,0.25125,6.25e-05,0.49940625,0.49934375,0.0006699283201574424,0.2498325179148942,0.9993300716798426,0.0011429786682128906,-6.942388706865675e-11,-1.258717868606277e-09,2.3570236948837087e-05,3.149448539672994e-05,2.9229092588696395e-05,3.933775135691351e-05,0.0006317645721653537,7.737293401145802e-10,-1.4061135492734842e-10,22065.13421343392,0.0009553432464599609
1.399,RT160x200-1399.vtk,161,201,477,478,1.0099357409220577,0.999993782229641,near_linear,37421.402297496796,0.6114554405212402,37426.69698262215,0.013462005582773605,1.0675119716163335,0.3043720038525184,0.5303983228511531,7.190511703377828e-05,2.0,6,12,11,0.00020976702996683416,0.0002461464148397763,0.00045591344480661045,0.24999948596717642,0.00045591344480661045,-1.293419430305203,0.03460079730283794,0.014740740740740747,3.0241203532923944e-05,1.7493795173961616e-07,0.304180610729735,0.0026353599384413284,0.24999999999999992,2488.8313307805793,456.04464748948794,-0.019417183702824338,0.0017684334157732629,0.08515836975765456,1.3252833725450321e-06,3.4658932062058085e-09,0.34273360471353226,0.24553228186907916,0.3999999999999999,2.8879345767009066e-06,4.905236962602917e-09,-0.019417183702824338,0.0017684334157732629,0.08515836975765456,2.1066089746229695e-06,3.4658932062058085e-09,2.305206298828125,0.7203058901967087,0.7252618461553159,0.7280220648799787,0.7136310924425078,0.7312048430293655,0.7084127635438455,0.7648164442295879,0.7296331142095303,0.7312920813674497,0.05640368068574242,0.3762227997835034,0.9235453794000905,12,0.052332401275634766,0.0,0.49875,0.00125,0.25125,0.00078125,0.49878125,0.49884375,0.0009980954673881604,0.2497504761278809,0.9990019045326118,0.0010311603546142578,1.5230495680934505e-10,1.5945438534515477e-09,2.526366823851168e-05,4.128580465144683e-05,2.904037666922369e-05,4.840217558280598e-05,0.0009709451764873177,1.1713852992915061e-09,-1.9989351078028135e-10,21366.88859167261,0.0008285045623779297
1.599,RT160x200-1599.vtk,161,201,477,478,1.0192487448665417,0.9999951723462243,near_linear,36245.85546588898,0.5847718715667725,36251.12970876694,0.01763538707945241,1.1091368606840282,0.3057693704332881,0.5303983228511531,9.419655667849923e-05,2.0,6,11,10,0.00035480466283768775,0.0004276025760104052,0.0007824072388480929,0.2499989827259708,0.0007824072388480929,-1.3751719528180337,0.04010879322429628,0.014740740740740747,8.017163457944486e-05,4.4710467620027167e-07,0.18789156541314883,0.0010712710130023062,0.24999999999999992,2488.2533191052016,456.00746705233934,0.1509988890590769,0.09500551930823209,0.08515836975765456,1.7810166222140106e-06,3.3891963473455525e-09,0.6052707109252244,0.4369488881397896,0.015280964949867509,5.443150959329873e-06,8.799732227908268e-09,0.1509988890590769,0.09500551930823209,0.08515836975765456,3.6120837907719417e-06,3.3891963473455525e-09,2.298300266265869,0.7203058901967087,0.7252208444389049,0.7279459176622025,0.7136448261098419,0.7309911854768388,0.7084185838633144,0.7644659587931493,0.729454526500904,0.7309757531097152,0.056047374929834914,0.3753243156155724,0.9237147214854,12,0.052008628845214844,0.0,0.49875,0.00125,0.25125,0.00171875,0.49840625,0.4983125,0.001455758573231103,0.24963606035141922,0.9985442414267689,0.0010502338409423828,-3.724701135630166e-11,-1.399469555418998e-09,3.0487564253892343e-05,5.894598262622521e-05,3.0181369741751963e-05,6.636354755335463e-05,0.0014793270729859954,2.2020602209532296e-09,-3.726754340138688e-10,33519.48798485096,0.0008859634399414062
1.799,RT160x200-1799.vtk,161,201,477,478,1.0301174948490521,0.9999722907021862,complex_fractal,2697.494964361191,0.5829901695251465,2702.7921352386475,0.023827544718661157,1.186114648712787,0.35793468864880174,0.5262054507337526,0.001142645307813428,2.0,7,11,10,0.0006302801522669044,0.0007980264824998806,0.001428306634766785,0.2499974118673659,0.001428306634766785,-1.929179847509865,0.10501185916556588,0.014740740740740747,0.00022100315731124904,1.1818712254919982e-06,0.06373225843569665,0.0001315373892833982,0.24999999999999992,2487.415564505424,455.95161006523324,0.4121936622830939,0.417635395719713,0.01248554170880437,2.887994419453427e-06,3.918696865580234e-09,0.9035090992285411,0.5735066734251721,0.015280964949867509,1.1322258229006296e-05,1.8356185456903447e-08,0.4121936622830939,0.417635395719713,0.01248554170880437,7.105126324229861e-06,3.918696865580234e-09,2.322976589202881,0.7203058901967087,0.7250878890301543,0.7276810708924734,0.7137638783134107,0.7309899519025507,0.7086271720162114,0.7645567464383554,0.7289158855809769,0.7301439007999908,0.05592957442214397,0.3627546566263991,0.9239499835476114,12,0.052462100982666016,0.0024999999999999745,0.25125,0.24875,0.25125,0.00278125,0.49815625,0.49809375,0.0020500438120163444,0.24948748904171666,0.9979499561879837,0.0009448528289794922,-1.3033167470012923e-11,8.338037971719474e-10,4.07113433405033e-05,8.722259591757603e-05,3.3125346435842394e-05,9.625588146126184e-05,0.002222008241219333,4.632597357594546e-09,-7.884834304108855e-10,81619.76883589006,0.0008394718170166016
1.999,RT160x200-1999.vtk,161,201,475,476,1.081290434477551,0.999526715885882,complex_fractal,363.53315925598145,0.5879814624786377,368.79374051094055,0.05185622457861159,1.3915213874111851,0.48823677842968,0.52,0.0032120124661943984,2.0,6,10,10,0.0012842630862058557,0.005480687926492006,0.006764951012697862,0.24997516207354883,0.006764951012697862,-4.275684754680778,0.4870784585184319,0.017304430171277998,0.0013007957447237956,4.691742352592703e-06,-0.07198068646284583,0.00017955378302214609,0.24999999999999992,2486.244861981543,455.8691236917888,0.7305375530019264,0.6542273640445901,0.01381295853898967,5.336318304108812e-06,7.830887125171701e-09,1.197619908810675,0.6553594687836679,0.015280964949867509,2.431468220853733e-05,3.925534690254527e-08,0.7305375530019264,0.6542273640445901,0.01381295853898967,1.4825500256323072e-05,7.830887125171701e-09,2.300269842147827,0.7203058901967087,0.7233592664908719,0.7240094413464033,0.7158313803569383,0.7362213544227681,0.7092504773219188,0.7737465829714338,0.7236415546998891,0.7233442401056291,0.06449610564951502,0.22313095082320694,0.9236665706913106,12,0.051894187927246094,0.0024999999999999745,0.25125,0.24875,0.25125,0.0035,0.49809375,0.4978125,0.002724802190627984,0.24931879944705565,0.997275197809372,0.0009710788726806641,1.613363031027575e-11,-5.989901736613024e-10,5.734951135228706e-05,0.0001297569638674569,3.839022076735904e-05,0.0001418655565132202,0.0032691441493743994,1.0062918062223309e-08,-1.717674693708081e-09,167411.30880054846,0.0009179115295410156
2.199,RT160x200-2199.vtk,161,201,502,503,1.1664630885019351,0.9983568666159726,complex_fractal,799.1959307193756,0.5915675163269043,804.9234936237335,0.06690299264626576,2.348365041405602,0.847146463056706,0.4940239043824701,0.0041440202820733655,1.6,10,8,9,0.005668440371630307,0.005591963213341489,0.011260403584971795,0.24997590776241865,0.011260403584971795,-2.5722827710509897,0.261609551992373,0.017303481411468185,0.010536065519842607,3.2687459603918604e-05,-0.22010441359560726,0.0018018596007242094,0.24999999999999992,2484.695507510767,455.75029682207884,1.0559060351910738,0.768783206174509,0.01381295853898967,1.0424510744520807e-05,1.6103707284713835e-08,1.466081664703152,0.7045221593406185,0.015280964949867509,5.1878773855053e-05,8.362031367906557e-08,1.0559060351910738,0.768783206174509,0.01381295853898967,3.1151642299786905e-05,1.6103707284713835e-08,2.5236711502075195,0.7203058901967087,0.7147061061025097,0.7072597217258553,0.6838321991231453,0.7519056805423373,0.6601106973503574,0.7901297327133019,0.7242809056378168,0.7203058901967087,0.13001903536294446,0.4935447191123209,0.9299373306788489,12,0.05444765090942383,0.0024999999999999745,0.25125,0.24875,0.25125,0.00390625,0.497875,0.49765625,0.0032792095617668604,0.24918019760423257,0.9967207904382331,0.0007593631744384766,7.636765365589583e-15,3.782243520392899e-10,8.18230859946201e-05,0.00019106349781151073,4.677353303981817e-05,0.00020784676470369991,0.004670972821101553,2.1600138798826078e-08,-3.652876420208751e-09,388578.5141729903,0.0009045600891113281
2.399,RT160x200-2399.vtk,161,201,554,555,1.2606264787348025,0.999111699733822,koch_curve,100.89733505249023,0.6009140014648438,107.67019414901733,0.06640436054868083,3.140068528566821,1.170131486115923,0.4855595667870036,0.008846059689654595,1.255208333333333,15,8,10,0.005569594082668106,0.005487980529400138,0.011057574612068244,0.2499997233076156,0.010918128589754383,-1.4312602292598822,0.10732933511887532,0.01478600225211579,0.017295206070503822,8.009315807601835e-05,-0.38607581849889544,0.006007155744542914,0.24999999999999992,2482.687584599726,455.57696985486564,1.3565841196023727,0.8211971280137276,0.01381295853898967,2.0374828537494006e-05,3.2925632905915457e-08,1.6911493649688067,0.7351812353182398,0.015280964949867509,0.00010728624814893005,1.7429634509055113e-07,1.3565841196023727,0.8211971280137276,0.01381295853898967,6.383053834321203e-05,3.2925632905915457e-08,3.0499002933502197,0.7249340190744386,0.7219594929885729,0.7180349374664938,0.7027951574788172,0.8826289662225103,0.6862363178375324,1.0045882362474323,0.7317268410239075,0.7249340190744386,0.31835191840989996,0.14289382458755273,0.9036031601001527,12,0.059400081634521484,0.0024999999999999745,0.25125,0.24875,0.25125,0.00396875,0.497625,0.49778125,0.0033430015036418625,0.24916424961877326,0.9966569984963581,0.0007414817810058594,4.32191139419693e-12,-9.803117416077062e-11,0.00011538004830206064,0.00027564492390919033,5.9194236992937125e-05,0.0002988188073450177,0.006281013825788672,4.464633981154458e-08,-7.379536928514208e-09,2153312.5527550965,0.0007991790771484375
2.6,RT160x200-2600.vtk,161,201,624,625,1.2949081201839439,0.9990821971896122,koch_curve,105.86472725868225,0.6010487079620361,114.09033536911011,0.06834829595907581,3.623051426007203,1.2093746643073946,0.4887820512820513,0.00939740262071629,1.2552083333333337,15,9,9,0.0057621211630332625,0.005984632112862098,0.01174675327589536,0.24995379405206664,0.011640488112893005,-1.5859749430159489,0.13090232632771504,0.014743702232691957,0.022492041571210954,7.900182353849866e-05,-0.6304307785097472,0.01823580785488499,0.24999999999999992,2478.747869933366,455.2326106504647,1.584351892455312,0.8574577304789708,0.01381295853898967,3.7860128423903944e-05,6.544844443947476e-08,1.8530121095121443,0.7566664301431265,0.015280964949867509,0.00020942247989551277,3.50395157687235e-07,1.584351892455312,0.8574577304789708,0.01381295853898967,0.00012364130415970837,6.544844443947476e-08,3.778041124343872,0.7203058901967091,0.7213314434676348,0.7202996533567558,0.7104740477329118,0.7609616739557029,0.6981805842302959,0.8162619254104371,0.7199475685566107,0.720651858924465,0.11808134118014113,0.1843388981592589,0.921739595390933,12,0.06630373001098633,0.0024999999999999745,0.25125,0.24875,0.25125,0.00415625,0.49746875,0.49753125,0.0035742826920923676,0.24910642932281055,0.9964257173079076,0.0007214546203613281,1.3680727541929606e-11,1.8576031813105974e-10,0.0001565990819673481,0.0003843277955421917,7.655341517513469e-05,0.00041500738174082103,0.008093458990863209,8.611556344966845e-08,-1.3440327488236481e-08,1575481.3736817804,0.0008363723754882812
2.8,RT160x200-2800.vtk,161,201,786,787,1.3407706903201633,0.9983157866183776,koch_curve,67.1703405380249,0.6100156307220459,79.92171049118042,0.07892503972892258,4.456435988516248,1.073245643838814,0.49236641221374045,0.012556329765927177,1.2552083333333335,15,6,11,0.007984302485571027,0.007711109721837944,0.01569541220740897,0.25007073348793146,0.015527091128661519,-1.1175775868345375,0.06718620924200791,0.014710700412539947,0.045533138863478304,0.0001058511690256888,-0.8296563228349646,0.03545734673380052,0.24999999999999992,2471.911079395751,454.62255394992366,1.6965214971514289,0.8900928988537676,0.01381295853898967,6.520987381446858e-05,1.234248491060493e-07,1.9291322762674052,0.7765218606515609,0.015280964949867509,0.00037714640560763447,6.69298999326306e-07,1.6965214971514289,0.8900928988537676,0.01381295853898967,0.00022117813971105153,1.234248491060493e-07,5.989070177078247,0.7203058901967088,0.7224694953394276,0.7222500716712807,0.7141541411787075,0.7417941496919727,0.7037441441420231,0.7847670126142923,0.7218878890635376,0.721380304886822,0.08102286847226914,0.22393362841411082,0.9233395574114533,12,0.0822136402130127,0.007500000000000034,0.25375000000000003,0.24625,0.25125,0.00496875,0.4965,0.49709375,0.0042430910664111865,0.24893922723249545,0.9957569089335888,0.0007238388061523438,1.0676864456486907e-11,-3.975392842162375e-11,0.00020177069378827871,0.0005114159784216094,9.901427323598299e-05,0.0005497796975668864,0.009786665649563006,1.5112885792836774e-07,-2.1444546802171444e-08,9444294.915702567,0.0008347034454345703
3.0,RT160x200-3000.vtk,161,201,926,927,1.3494974966683304,0.9981325104937735,koch_curve,68.91198897361755,0.6180834770202637,86.34324240684509,0.08283598912988285,4.71738993046216,0.9574530401639143,0.4622030237580994,0.013797968152537267,1.2552083333333335,15,9,9,0.009095047254363331,0.008152412936308251,0.017247460190671582,0.2500132150427586,0.01649593273367328,-1.5398827379527213,0.15197851528868078,0.014744778655812248,0.07920721121764336,0.00034710371826605257,-0.9356617798473593,0.05078258978872341,0.24999999999999992,2461.7385547002514,453.67381245795536,1.716629743090926,0.9067125130742391,0.01381295853898967,0.00010568236211724191,2.1780199447991755e-07,1.9485596195258421,0.7949276813050633,0.015280964949867509,0.0006264892074752908,1.2130643410922292e-06,1.716629743090926,0.9067125130742391,0.01381295853898967,0.0003660857847962663,2.1780199447991755e-07,8.379253625869751,0.7249340190744391,0.723560473873051,0.7230725573250112,0.7150216635855714,1.0157051769537941,0.7042197992703381,1.1667742334461106,0.7463440098973584,0.7249340190744391,0.4625544341757726,0.0910686559563127,0.8741390886189635,12,0.09482550621032715,0.007500000000000034,0.25375000000000003,0.24625,0.25125,0.00615625,0.49575,0.4964375,0.005338482676465972,0.24866537932911206,0.994661517323534,0.0006775856018066406,-2.964151368373667e-11,1.1766548431651725e-10,0.00024920266677607567,0.0006488835648140873,0.00012652413972409973,0.0006950912528683989,0.010972324334098102,2.415759249070728e-07,-3.042768800040527e-08,4050578.7877747375,0.0008180141448974609
3.2,RT160x200-3200.vtk,161,201,1139,1140,1.4072586132580818,0.9981335071329996,koch_curve,35.58192753791809,0.6261606216430664,63.15945506095886,0.0915942450849271,5.628080171140243,0.8648029578861881,0.45302897278314314,0.016910815052441453,1.2552083333333335,15,10,10,0.01048334612637919,0.010655172689172626,0.021138518815551816,0.25014055977768557,0.020875100911928318,-2.021270999741626,0.17537648826576546,0.01470726744674809,0.14467334984171654,0.0006008830394866097,-0.9549715290513581,0.06003230949315297,0.24999999999999992,2447.8529334462037,452.31899300440057,1.6415198948033294,0.8968088075779865,0.01381295853898967,0.0001618058500849874,3.5097752353423675e-07,1.9040568089263104,0.801253534878777,0.015280964949867509,0.0009673868338734588,2.075792010601475e-06,1.6415198948033294,0.8968088075779865,0.01381295853898967,0.000564596341979223,3.5097752353423675e-07,14.23600459098816,0.720305890196709,0.7220744137457277,0.7216713673319648,0.7137010870656498,0.7699508392291129,0.7036021582564365,0.8277269114176953,0.7199258579353879,0.7208430291492939,0.12412475316125882,0.13151043013752625,0.9170530145207479,12,0.11776947975158691,0.012499999999999983,0.25625,0.24375,0.25125,0.008375,0.49403125,0.494875,0.007044868701786,0.2482387828141442,0.992955131298214,0.0007264614105224609,-2.663319451535074e-11,-1.3068751204654964e-10,0.000296835338425781,0.0007887559821384499,0.0001585052152395593,0.0008427616611459948,0.012369909764500434,3.551236087487694e-07,-3.942066890238047e-08,4468064.803729922,0.0008947849273681641
3.4,RT160x200-3400.vtk,161,201,1313,1314,1.4436749200223211,0.9973748023989233,koch_curve,33.49066877365112,0.6363205909729004,68.36892437934875,0.09133544793280207,6.401773194697028,0.8757736290794329,0.49733434881949734,0.016789260979291766,1.2552083333333333,15,10,9,0.010852019844899391,0.010134556379215315,0.020986576224114706,0.2499874521618203,0.02065721057182232,-1.7864084072174027,0.14991112948516572,0.014729057051480447,0.22355846598596063,0.0010377365123538276,-0.875688865400372,0.05604957390019183,0.24999999999999992,2430.500270288055,450.5341063350546,1.5105899204606554,0.8596119323719825,0.01381295853898967,0.00023730625931209023,5.180510738163674e-07,1.8175205237828842,0.7936430965347371,0.015280964949867509,0.0014109173825306229,3.3647954612411307e-06,1.5105899204606554,0.8596119323719825,0.01381295853898967,0.0008241118209213566,5.180510738163674e-07,16.954429626464844,0.724934019074439,0.7226303548403237,0.7216190427292691,0.7127108205396839,1.0091386982143353,0.7011164508832897,1.1567952832924977,0.7468053541662242,0.724934019074439,0.45567883240920803,0.10026558188225217,0.8773969343635676,12,0.13383746147155762,0.012499999999999983,0.25625,0.24375,0.25125,0.01075,0.4930625,0.49321875,0.009141617409507696,0.24771459562670328,0.9908583825904923,0.0007240772247314453,-1.838550615625243e-11,3.105579621378633e-10,0.00034501322471299753,0.0009267418363121192,0.00019431992132620604,0.0009888804560704578,0.014051009432171026,4.8894227819901e-07,-4.8054127441788125e-08,2247638.1556154615,0.0009136199951171875
3.6,RT160x200-3600.vtk,161,201,1505,1506,1.4570756211211724,0.9975820020795656,koch_curve,25.895785093307495,0.6447865962982178,70.9052963256836,0.10171396444859249,7.265305335016631,0.8571189969234317,0.48504983388704315,0.020821596103344976,1.2552083333333333,15,9,10,0.012749795114442186,0.013277200014739032,0.02602699512918122,0.25013513765149975,0.025869176625818058,-1.5510453946463763,0.1037880706916483,0.014728209299173105,0.33785802007223875,0.0014630534124500628,-0.7591617970512475,0.046226225458370074,0.24999999999999992,2410.3164460222883,448.3362012485073,1.3489637462376163,0.7987227876337688,0.02065594194735144,0.0003387661548080165,8.236577477938647e-07,1.7147353331738089,0.7698118897356315,0.015280964949867509,0.001977971991288115,5.225654326979376e-06,1.3489637462376163,0.7987227876337688,0.02065594194735144,0.0011583690730480659,8.236577477938647e-07,22.0761935710907,0.7836547322682478,0.7583040632080548,0.7459742339887901,0.735047707636153,1.0382553001375576,0.7263329235115483,1.188978917882622,0.8302009205246421,0.7836547322682478,0.4626459943710737,0.22450858383480257,0.8532424970818179,12,0.1505570411682129,0.017500000000000043,0.25875000000000004,0.24125,0.25125,0.0129375,0.49240625,0.491875,0.010836871087666289,0.24729078217331074,0.9891631289123337,0.0006806850433349609,9.303031890358412e-12,2.0158711305427158e-10,0.000395899547349064,0.0010633096846359817,0.00023364047031274217,0.0011346206136995333,0.015157070575755415,6.436819685159323e-07,-5.655068565677382e-08,3975675.5438738796,0.0008420944213867188
3.8,RT160x200-3800.vtk,161,201,1668,1669,1.4576829256523314,0.9975272752941136,koch_curve,33.6732394695282,0.6560251712799072,88.50406980514526,0.11074730188995055,8.117561763255337,0.903545536188284,0.5137889688249401,0.0246842060395549,1.2552083333333333,15,9,9,0.015470214152382727,0.015385043397060899,0.030855257549443627,0.24999897317353095,0.030553054935774204,-1.5108874699660155,0.11026481691467582,0.014727652772654623,0.5316993036536812,0.002273132488073816,-0.6328202417017167,0.03612471939740902,0.24999999999999992,2386.7856441587546,445.6628981755849,1.170199885616119,0.7170998237872533,0.02065594194735144,0.0004736526805863963,1.2760078893979425e-06,1.59389575414901,0.7273882782805927,0.015280964949867509,0.002691921976851468,7.787794902448494e-06,1.170199885616119,0.7170998237872533,0.02065594194735144,0.0015827873287189323,1.2760078893979425e-06,27.041205644607544,0.7883986120151015,0.7777518286733516,0.7693551836568012,0.7530958239205675,1.0535733183789462,0.7381490775663915,1.2087634823458409,0.8097849804410742,0.7883986120151015,0.4706144047794494,0.15221782875144765,0.8457616338809849,12,0.16769838333129883,0.017500000000000043,0.25875000000000004,0.24125,0.25125,0.0155,0.4908125,0.49028125,0.012996103513236656,0.24675097404192808,0.9870038964867633,0.0006840229034423828,-8.827219696877107e-11,6.192264862246349e-10,0.000450647571191187,0.001199230712517275,0.0002769511430194074,0.001281107932715116,0.016333335870659705,8.206187676326034e-07,-6.551100460717317e-08,1448280.7172074723,0.0008215904235839844
4.0,RT160x200-4000.vtk,161,201,1753,1754,1.5012986882305743,0.9973492856418723,koch_curve,20.599465370178223,0.7132387161254883,80.76465272903442,0.114629881857949,8.639851692312954,0.9111354341956723,0.5259555048488306,0.026421543250931958,1.255208333333333,15,10,9,0.017842260157578338,0.015184668906086607,0.033026929063664945,0.24987935164151648,0.03299313470557619,-1.4599771648342998,0.10697750928073091,0.014740636937110575,0.6116048200613954,0.003078842045927006,-0.5207022100330913,0.028379017961384534,0.24999999999999992,2360.340699874887,442.53445233251006,0.9834107768296707,0.6165763275874748,0.022858266930251045,0.0006483229344574922,1.8565190026439871e-06,1.4460692661469732,0.6692769102503974,0.015280964949867509,0.0035712470467946134,1.1166566011451914e-05,0.9834107768296707,0.6165763275874748,0.022858266930251045,0.002109784990626053,1.8565190026439871e-06,29.608545303344727,0.7964198224643952,0.778944432015836,0.7691765334346938,0.7527406655508634,1.0844018095825307,0.7385251232084666,1.220278895030022,0.8472277859386235,0.7964198224643952,0.48175377182155543,0.2256394637433601,0.8566518142347288,12,0.17400813102722168,0.022499999999999992,0.26125,0.23875,0.25125,0.0185625,0.48928125,0.48865625,0.015660102258767683,0.24608497430979473,0.9843398977412323,0.0006804466247558594,6.198082201609246e-11,4.880687496710374e-10,0.0005087816575074188,0.0013325233458875755,0.00032358234880377703,0.0014263510235393172,0.017841221706573637,1.0172386211757077e-06,-7.635937275075463e-08,2050012.1291550656,0.0008416175842285156
4.2,RT160x200-4200.vtk,161,201,1950,1951,1.5389621131178,0.9971017139699165,koch_curve,18.456899642944336,0.6731860637664795,92.6739342212677,0.11929807350944135,9.864175324272978,0.9644169959798934,0.5046153846153847,0.02855510364174714,1.2552083333333335,15,9,10,0.01809044738069443,0.01760343217148949,0.03569387955218392,0.2497558158349975,0.03569387955218392,-1.3711880970485526,0.09094454923789153,0.01477226105896316,0.9157578772167781,0.005810297358790154,-0.4281831714539949,0.02224309302440919,0.24999999999999992,2332.1013416556884,439.00838561613307,0.791307537018319,0.4951491820778052,0.022858266930251045,0.0008715620610361344,2.605749483171216e-06,1.2770330639261778,0.5985185676663042,0.022858266930251045,0.004635624649889653,1.6474727755692933e-05,0.791307537018319,0.4951491820778052,0.022858266930251045,0.002753593355462894,2.605749483171216e-06,36.63481879234314,0.8364428319009455,0.8048500210823155,0.7934469739820669,0.78143615502561,1.2943885598661387,0.7702763359044287,1.4927575702811815,0.9137310154664382,0.8364428319009455,0.7224812343767528,0.19855834689707955,0.8402981774246531,12,0.19402742385864258,0.027500000000000052,0.26375000000000004,0.23625,0.25125,0.02084375,0.4880625,0.48734375,0.01761266430297448,0.24559683376872182,0.9823873356970255,0.0006830692291259766,1.6104227542674446e-10,1.440741403822249e-09,0.0005705524282079368,0.0014631842685634434,0.0003736578518620713,0.0015704898207589927,0.018807649338042538,1.233219138552756e-06,-8.972566576112452e-08,766015.9690805579,0.0008144378662109375
4.4,RT160x200-4400.vtk,161,201,2137,2138,1.5232746709762583,0.997616244852094,koch_curve,26.59539818763733,0.6812057495117188,114.70307922363281,0.12767259773009648,10.735377448631752,0.9380473598224534,0.5320542817033225,0.032631479506121885,1.2552083333333335,15,10,10,0.02044329125386571,0.020346058128786648,0.04078934938265236,0.2497714279366933,0.04077770393242239,-1.3493668668822347,0.08848182629873258,0.014805089634561005,1.1697431117704098,0.006880033757563285,-0.388725351345051,0.021613401534622767,0.24999999999999992,2301.8856561993493,435.0670022088256,0.6021585598054561,0.35053948272112845,0.022858266930251045,0.0011521869054458506,3.4566900172194658e-06,1.0984097559038448,0.5125415015276512,0.022858266930251045,0.005913815275225024,2.3895089681455917e-05,0.6021585598054561,0.35053948272112845,0.022858266930251045,0.0035330010903354375,3.4566900172194658e-06,43.61147952079773,0.8398521343471609,0.8216567924123006,0.8107297112807129,0.79629882971428,1.0341070973173738,0.7837679777106557,1.1382535171502486,0.8731883396981115,0.8398521343471609,0.35448553943959293,0.252253906122153,0.8429171272054194,12,0.2120494842529297,0.027500000000000052,0.26375000000000004,0.23625,0.25125,0.0226875,0.48709375,0.48575,0.01938981522998584,0.24515254597956385,0.9806101847700142,0.0006761550903320312,1.5136846965656637e-10,2.7095427282497997e-10,0.0006362178808979911,0.00159416131785408,0.0004282844514599453,0.0017164275397804254,0.01890749923033436,1.4730617496582939e-06,-1.0442791531139206e-07,3910504.41784786,0.0009241104125976562
4.6,RT160x200-4600.vtk,161,201,2268,2269,1.5346733962882737,0.9975485712047917,koch_curve,22.879135370254517,0.6919307708740234,123.00962162017822,0.13392403383821602,11.492937575093581,0.9618662770065995,0.5383597883597884,0.03484720510029488,1.2552083333333333,15,11,9,0.022160083761055577,0.02282511803349524,0.044985201794550816,0.24970678354295225,0.04496349976662664,-1.3524177306479213,0.10357396277752462,0.01477074761722102,1.551919882031739,0.010083615093738325,-0.38023922679255145,0.024586163545838202,0.24999999999999992,2269.468704993271,430.6779748058175,0.41230201885264084,0.19102052281670456,0.022858266930251045,0.0014937559842774313,4.436784836437023e-06,0.9207735810504746,0.4126277384561552,0.022858266930251045,0.0074146749801497595,3.3462792357158346e-05,0.41230201885264084,0.19102052281670456,0.022858266930251045,0.0044542154822135955,4.436784836437023e-06,49.84379029273987,0.8610190463938215,0.8356927996846084,0.8207362797494249,0.7993802272222778,1.1678745670317403,0.782035868805874,1.3333325484507537,0.9113936513414345,0.8610190463938215,0.5512966796448797,0.23464277459259672,0.8504227977778658,12,0.2243669033050537,0.03249999999999997,0.26625,0.23375,0.25125,0.02534375,0.48578125,0.48440625,0.021320394922400898,0.24466990101960184,0.9786796050775991,0.0007154941558837891,2.3512380482949347e-10,1.4946705534026576e-09,0.0007033985247136558,0.0017244725098041667,0.00048608783988966,0.0018624110506657544,0.019309828832114788,1.7342874608198145e-06,-1.139137018715386e-07,870376.1479656624,0.0009088516235351562
4.8,RT160x200-4800.vtk,161,201,2433,2434,1.5408890579056547,0.9980169061290591,koch_curve,24.63874578475952,0.714447021484375,140.018723487854,0.13875609489196106,12.333989366615409,0.9775163532001203,0.5273325113029181,0.03610451357414516,1.2552083333333333,15,9,9,0.02297672880294921,0.025345028018128102,0.04832175682107731,0.24996753109092584,0.04836308138906992,-1.6719620828081925,0.1420927009471603,0.01474815315209814,2.110517862358414,0.011881263042430805,-0.3721320597782477,0.026840652947503374,0.24999999999999992,2235.5541741825027,425.88019029749955,0.22354372469778197,0.05956997064938585,0.028133135204180686,0.0019074668295069224,5.832162743614534e-06,0.7502639956641942,0.3057566740406096,0.022858266930251045,0.009183027112628342,4.5343852067420265e-05,0.22354372469778197,0.05956997064938585,0.028133135204180686,0.005545246971067633,5.832162743614534e-06,57.27977442741394,0.9042836165393305,0.855811717972031,0.8351769071437797,0.8072624866938239,1.3644835885291406,0.7821949030726714,1.5879962860830972,1.0164501465476024,0.9042836165393305,0.8058013830104258,0.2907108977646171,0.8513589552099752,12,0.24731755256652832,0.03750000000000003,0.26875000000000004,0.23125,0.25125,0.0269375,0.484125,0.4835625,0.022644470497857117,0.24433888206825952,0.9773555295021429,0.0007193088531494141,1.5071121926694184e-10,1.3729580388116336e-09,0.0007722320211140498,0.0018575579818690545,0.0005480841578469203,0.002011681871082312,0.020363919612650435,2.0234319752196623e-06,-1.1157998375370805e-07,1029878.7978783161,0.0009090900421142578
4.999,RT160x200-4999.vtk,161,201,2624,2625,1.557824773512847,0.9983964459746059,koch_curve,22.727744102478027,0.720808744430542,157.61653089523315,0.145420905508273,13.226660005886194,0.952809902049186,0.5430640243902439,0.03783870583109143,1.2552083333333333,15,10,9,0.025730836989823008,0.027274059677512313,0.05300489666733532,0.24978764292757047,0.05300489666733532,-1.3567486572170409,0.09885294017880897,0.014780078360045966,2.589820503109329,0.015724763649641135,-0.4580521569174491,0.04887003396259837,0.24999999999999992,2199.030591519552,420.5574434555338,0.04159491403956548,0.0020117343655978726,0.028133135204180686,0.002412039492616512,7.778981504113316e-06,0.5902808182043071,0.203786578899936,0.022858266930251045,0.011278460833225623,5.9714837051417455e-05,0.04159491403956548,0.0020117343655978726,0.028133135204180686,0.006845250162921068,7.778981504113316e-06,67.15076017379761,0.9217227919010851,0.8750206926445764,0.8531712623419555,0.8283743161775495,1.352663708699903,0.8084890959105646,1.5937096555377348,1.0114084250791997,0.9217227919010851,0.7852205596271702,0.25842335211521084,0.8446435881681811,12,0.2600581645965576,0.03750000000000003,0.26875000000000004,0.23125,0.25125,0.0286875,0.4833125,0.48228125,0.024521991452378322,0.2438695017392522,0.9754780085476217,0.0007185935974121094,1.365685995297376e-10,1.6530542638546573e-09,0.0008443936971793113,0.0019970089308312716,0.0006151076060979819,0.0021681894256865004,0.0217851356403417,2.350522692828002e-06,-9.737717964056695e-08,924310.814811543,0.0009229183197021484
5.199,RT160x200-5199.vtk,161,201,2736,2737,1.5691270470507375,0.9980437729896292,koch_curve,22.82035207748413,0.725074291229248,167.66060280799866,0.151846419095776,14.17030376442906,1.0237272710115835,0.5281432748538012,0.0395106326947113,1.255208333333333,15,10,9,0.02810479351566561,0.029612167051839722,0.05771696056750533,0.24973006409677231,0.0574270080691989,-1.3008411065327625,0.09384176377516629,0.014799299132412345,3.144024371475201,0.016296611746488346,-0.5525895660369682,0.08509135658013056,0.24999999999999992,2160.3896143391544,414.7657309654611,-0.13384330300502775,0.01934830249009878,0.028133135204180686,0.0030150482487960456,1.0310241109735795e-05,0.4320234993059992,0.11431837718549631,0.022858266930251045,0.013722062085792233,7.667790164996938e-05,-0.13384330300502775,0.01934830249009878,0.028133135204180686,0.00836855516729414,1.0310241109735795e-05,71.93128371238708,0.921722791901085,0.8888109056794193,0.86903552850771,0.8452851808300563,1.2040522161615532,0.8274688518777173,1.3861463453829455,0.9719562630277914,0.921722791901085,0.5586774935052281,0.2586240054947227,0.86065538554579,12,0.2962498664855957,0.04249999999999998,0.27125,0.22875,0.25125,0.0315,0.48171875,0.4804375,0.02684386042361442,0.24328903437717397,0.9731561395763856,0.0007121562957763672,-3.84709474898293e-11,2.184302931744647e-09,0.0009181307946119963,0.0021389870534874026,0.0006870367299082005,0.0023277091250855095,0.02304561284038857,2.709114885500788e-06,-7.540121648177618e-08,753413.6672848322,0.0009326934814453125
5.399,RT160x200-5399.vtk,161,201,2915,2916,1.582236843110012,0.997765204633997,koch_curve,23.687700271606445,0.757312536239624,189.13566040992737,0.15665311975585014,15.010803082511252,1.00476358561167,0.5481989708404802,0.04076134236165332,1.255208333333333,15,9,10,0.028752385393821994,0.03225356359938955,0.061005948993211545,0.2497154779590767,0.061005948993211545,-1.6354550651761968,0.13200172533654841,0.01490167516180252,4.0248400668822795,0.019749212959108184,-0.6261336865407368,0.12636975744143863,0.24999999999999992,2120.9896891135077,408.64748039676505,-0.310623907543607,0.09277716127502811,0.028133135204180686,0.003727400901813224,1.355440453941235e-05,0.27227657985706616,0.046474900150127896,0.022858266930251045,0.01652893694243496,9.600785168604007e-05,-0.310623907543607,0.09277716127502811,0.028133135204180686,0.010128168922124092,1.355440453941235e-05,81.74641036987305,0.9217227919010845,0.8976524062987896,0.8799107002182674,0.8545143647846764,1.1622955841278075,0.8348029300792783,1.3269208852206855,0.9549294250735294,0.9217227919010845,0.4921179551414072,0.24410102037373022,0.8652081173057997,12,0.2860121726989746,0.04750000000000004,0.27375000000000005,0.22625,0.25125,0.03421875,0.48028125,0.47890625,0.028995738267849402,0.2427510647596058,0.9710042617321506,0.0006995201110839844,-1.511003777849608e-11,1.4640264680247255e-09,0.0009920752685099123,0.0022802759363632704,0.0007630715050719747,0.0024867391669309725,0.02445892214643905,3.0919358421732015e-06,-4.916534529824188e-08,1201000.474755297,0.0009109973907470703
5.599,RT160x200-5599.vtk,161,201,3117,3118,1.6176560585820063,0.9980394093338224,koch_curve,13.888689517974854,0.7406163215637207,199.37186121940613,0.16298123975546322,16.072457069538036,0.999708668901011,0.5710619185113892,0.04240792728898747,1.255208333333333,15,10,9,0.03181629565729155,0.03466421935251393,0.06648051500980548,0.24971635526100044,0.06637697092422515,-1.2554926418384003,0.08135326968841738,0.014801465456929185,4.8415779280765765,0.018093467963892454,-0.6866549266365325,0.17048961200232338,0.24999999999999992,2080.3468541164348,402.11065943468554,-0.49110120480016256,0.1960247888334785,0.028133135204180686,0.004588954782427551,1.7643575236505927e-05,0.10810785186262119,0.007300936191600438,0.022858266930251045,0.019753608997889326,0.00011728545457171001,-0.49110120480016256,0.1960247888334785,0.028133135204180686,0.012171281890158439,1.7643575236505927e-05,92.01440095901489,0.950730754783001,0.9144705380089356,0.8933327784689457,0.8648769621729002,1.33975106805054,0.8422693482780064,1.532280400531059,1.023349288188159,0.950730754783001,0.6900110522530527,0.26243049197383556,0.8498610710043082,12,0.30918407440185547,0.05249999999999999,0.27625,0.22375,0.25125,0.036,0.4784375,0.4784375,0.030656202211600925,0.24233594864323652,0.9693437977883991,0.0007357597351074219,-1.3764543554256603e-10,-3.7520846480186535e-10,0.001069286722174282,0.002423197703744892,0.0008444011461145138,0.0026486338375949397,0.025393735348235694,3.5076306028263687e-06,-2.4748287030642717e-08,4686157.309457047,0.0008404254913330078
5.799,RT160x200-5799.vtk,161,201,3269,3270,1.5914021298993521,0.9978828043757438,koch_curve,22.91771936416626,0.7487313747406006,226.75941801071167,0.16710532889086363,16.68223961793947,1.00229208948089,0.5475680636280208,0.043481020563095406,1.2552083333333337,15,10,9,0.032558845962672917,0.03718928752795228,0.0697481334906252,0.24990837686259085,0.0697481334906252,-1.3842769940725022,0.1051018400916387,0.01483090519369459,5.821290754193937,0.018086844337932836,-0.7402574431466568,0.21694391870181295,0.24999999999999992,2038.278524473402,395.14575691858704,-0.6792513845902223,0.30486581435200655,0.028133135204180686,0.005645749085830855,2.2634445010770594e-05,-0.063988652032242,0.0024661463263321304,0.022858266930251045,0.02346577137837986,0.00014000853223858982,-0.6792513845902223,0.30486581435200655,0.028133135204180686,0.014555760232105357,2.2634445010770594e-05,101.45904445648193,0.9870176319165758,0.9329827073240595,0.9071409891533853,0.876368595836549,1.534136908914351,0.852939328619386,1.793340513685468,1.1104261236108801,0.9870176319165758,0.9404011850660821,0.2738052642643155,0.8539203905448481,12,0.3185765743255615,0.05500000000000005,0.27875000000000005,0.22375,0.24875,0.03815625,0.47721875,0.47740625,0.03246155925670968,0.24188460924475166,0.9675384407432903,0.0006918907165527344,-2.553977219714627e-10,3.5725016886069774e-10,0.0011513558429078897,0.002568992846721252,0.000929665915835192,0.002815198842622541,0.025487686890300353,3.96267226175155e-06,-5.902396715168644e-09,4532917.979612231,0.0008766651153564453
5.999,RT160x200-5999.vtk,161,201,3412,3413,1.5993648196095405,0.9981022736879458,koch_curve,20.108179569244385,0.7549972534179688,242.6007537841797,0.17585943169851165,17.01614659056628,0.9942744561465392,0.5512895662368112,0.045758849323657494,1.2552083333333337,15,10,9,0.037562017486294064,0.03963192879261296,0.07719394627890702,0.2499391665261852,0.07719394627890702,-1.2803483259400252,0.08419174526048523,0.014841043703954521,7.071153163030426,0.02272696123876542,-0.7920042832903778,0.2660968281159689,0.24999999999999992,1994.3654246795802,387.65514946242405,-0.8732393426354701,0.4038986971034173,0.04607692487416927,0.0069429170048147795,2.8458912259787355e-05,-0.24667411885270016,0.03392799333104035,0.05120526540220177,0.027775133043215078,0.000181829861435391,-0.8732393426354701,0.4038986971034173,0.04607692487416927,0.01735902502401493,2.8458912259787355e-05,110.17410373687744,1.000775334182654,0.9451098331140475,0.9176717777065247,0.8838592759264388,1.5418019648503059,0.8566379357428424,1.8043016603028228,1.1270638407848814,1.000775334182654,0.9476637245599804,0.2853606168871804,0.8335982054321944,12,0.33504652976989746,0.057499999999999996,0.28125,0.22375,0.24875,0.040625,0.47571875,0.4763125,0.03449298319138905,0.24137675316924873,0.965507016808611,0.0007128715515136719,-2.665045669997951e-10,-2.8533368441814588e-09,0.0012392364220769868,0.0027194144383952215,0.0010188685584123828,0.00298846478941325,0.027422054439330032,4.465460898777285e-06,-4.799204524665743e-09,737384.4550867586,0.0008904933929443359
6.199,RT160x200-6199.vtk,161,201,3497,3498,1.6055827845086645,0.9982850810281106,koch_curve,20.783508777618408,0.7628531455993652,254.33529615402222,0.1762362299130786,17.9574392231297,1.0336857198398837,0.5430368887617958,0.04585689270159443,1.2552083333333335,15,10,8,0.038117095749167634,0.03972487401876945,0.07784196976793709,0.2494045042416961,0.07718420764140407,-1.3691840788900675,0.08799109279445605,0.022170823932556708,8.699743549421061,0.027248854396465797,-0.8397882769956837,0.3169625543865239,0.24999999999999992,1949.1304090182132,379.7008241774053,-1.0720942849176072,0.49039076125680414,0.04607692487416927,0.00850998870377113,3.588288271063365e-05,-0.43983660516318446,0.09636054034536623,0.05120526540220177,0.03279332032858281,0.00024494700166540444,-1.0720942849176072,0.49039076125680414,0.04607692487416927,0.020651654516176968,3.588288271063365e-05,116.15519881248474,1.0087988465887112,0.9570431789213859,0.929533662530981,0.8981446062289735,1.4226472028023782,0.8742450412097025,1.6521285738645588,1.100697232518574,1.0087988465887112,0.7778835326548563,0.29111323456868626,0.8596224405466989,12,0.3431093692779541,0.06,0.28125,0.22125,0.25375000000000003,0.04246875,0.47459375,0.47471875,0.03642471278387893,0.24089382055830147,0.9635752872161211,0.0008919239044189453,8.469168114423956e-11,-1.7228727403481296e-09,0.0013313128437437503,0.002875665913611453,0.0011112130539545871,0.003168887554746435,0.02944879455321937,5.0209241673119315e-06,-3.27788113872575e-08,1299016.1255262294,0.0007998943328857422
6.399,RT160x200-6399.vtk,161,201,3671,3672,1.6051959026136216,0.9983174772090285,koch_curve,20.85292363166809,0.7688891887664795,280.81053137779236,0.1815662066373787,18.960829779887312,1.0178449174210495,0.5317352220103514,0.04724375947052597,1.2552083333333335,15,10,8,0.039803113301361936,0.04255329491452614,0.08235640821588808,0.25016313640629917,0.08174561211011239,-1.3504972619536935,0.09140903085853491,0.02224200277852346,9.797587822763482,0.03092639301227008,-0.8829537314171433,0.3704938694675801,0.24999999999999992,1902.3209940326694,371.1904331863497,-1.2677203229658307,0.5651519707496333,0.04607692487416927,0.010395245689753972,4.47851086513907e-05,-0.6350264119030451,0.17604225089154346,0.05120526540220177,0.03863656595439073,0.0003235690881809109,-1.2677203229658307,0.5651519707496333,0.04607692487416927,0.024515905822072352,4.47851086513907e-05,130.16995644569397,1.0134269754664411,0.9675157121715316,0.9403073747696662,0.9050992664200187,1.505931453101133,0.8778436821013464,1.760045926023814,1.0961654877406992,1.0134269754664411,0.8822022439224675,0.2474736458033086,0.8582513016767057,12,0.359238862991333,0.06499999999999995,0.28374999999999995,0.21875,0.24875,0.04525,0.47265625,0.47309375,0.03850059080417412,0.2403748508538388,0.9614994091958259,0.0007321834564208984,-5.82770905838137e-10,-1.5884174501483344e-09,0.0014272405183311245,0.003039268406662396,0.001207841878040758,0.0033577027779279596,0.030060192648948998,5.637083972451138e-06,-9.421159291260582e-08,1403265.8157178038,0.0009121894836425781
6.599,RT160x200-6599.vtk,161,201,3756,3757,1.6000639199221782,0.9984762382529898,koch_curve,20.838355779647827,0.775214433670044,291.2765610218048,0.18727976649955802,19.138961603727406,1.0325264425908942,0.5314164004259851,0.04873043506312867,1.2552083333333335,15,10,8,0.04278315712397021,0.04485032171153516,0.08763347883550537,0.2499772512862908,0.08670289434781836,-1.3567227428363824,0.0932820600777966,0.022238807780501715,10.684424197858073,0.022613543738588187,-0.9302097479623002,0.4260929112988453,0.24999999999999992,1854.4566303551803,362.1895311322428,-1.456319367412162,0.6313413875332389,0.15500122010744208,0.012674857505368335,6.180627337368599e-05,-0.8263080377087297,0.26043797441815797,0.05120526540220177,0.04543736468035831,0.0004186972578605874,-1.456319367412162,0.6313413875332389,0.15500122010744208,0.029056111092863324,6.180627337368599e-05,134.88139176368713,1.0178397629906775,0.9763162973342389,0.9488227627147573,0.9120507851828407,1.3709762960643932,0.883465779443652,1.5860697537363908,1.080450387405331,1.0178397629906775,0.7026039742927388,0.2803636403565314,0.8679542981704012,12,0.3703348636627197,0.07,0.28625,0.21625,0.24875,0.0485,0.471625,0.47159375,0.040683393811666635,0.23982914999888852,0.9593166061883334,0.0007979869842529297,1.7792137204774433e-10,-1.4386769475570349e-09,0.0015275564335883482,0.0032105000492113193,0.0013124184615755136,0.00355538172687338,0.03184547466767439,6.320369611891519e-06,-1.7973985664410326e-07,1734251.1009972258,0.0009996891021728516
6.799,RT160x200-6799.vtk,161,201,4003,4004,1.6101028693908366,0.998656109532709,koch_curve,19.759533166885376,0.7852041721343994,325.98819732666016,0.1898325240001926,20.47074315061789,1.0397736203213475,0.5513364976267799,0.04939466583371159,1.2552083333333335,15,10,7,0.04469924727764729,0.04559330086618682,0.09029254814383411,0.25011963571154844,0.09029254814383411,-1.370753484983909,0.0942362894964266,0.026611328757145152,12.84924846619969,0.03286224180816687,-0.9867641590948925,0.4847831189678201,0.24999999999999992,1806.018809392893,352.7564879868181,-1.6370240942145262,0.6891047274371895,0.15500122010744208,0.015464775846738908,8.516604960743387e-05,-1.0078557085777435,0.33938806825692636,0.05120526540220177,0.05333195378513847,0.0005301882207143601,-1.6370240942145262,0.6891047274371895,0.15500122010744208,0.03439836481593869,8.516604960743387e-05,153.17485570907593,1.018911614230911,0.9841143522048412,0.9594998316022292,0.922085618929963,1.363904726091807,0.8910190660159918,1.5888379955426526,1.0700136930823843,1.018911614230911,0.6978189295266608,0.25650583481277406,0.8650273096628898,12,0.3949904441833496,0.07249999999999995,0.28874999999999995,0.21625,0.24875,0.0503125,0.46975,0.47003125,0.0425414758688023,0.23936462933390892,0.9574585241311977,0.0009641647338867188,-3.5874942253596306e-10,-1.005516608080558e-09,0.0016346858368980928,0.003389704720360932,0.0014255883168796187,0.0037632825932413768,0.033522209264578356,7.0811479382962005e-06,-2.719221968206877e-07,2492551.9243932385,0.0009324550628662109
6.999,RT160x200-6999.vtk,161,201,4116,4117,1.6226409811223195,0.9975237836082913,koch_curve,20.042063236236572,0.8534731864929199,345.0156784057617,0.19318414030556122,20.953448890237595,1.0016292468812418,0.5721574344023324,0.050266760688259984,1.2552083333333333,15,10,9,0.04459126568449412,0.049004388205879185,0.0935956538903733,0.2502602709416997,0.09349266026250583,-1.0563942794331798,0.06117407437969091,0.02215547734989918,14.445373947221945,0.030336063794513885,-1.0443791410902987,0.539443659500032,0.24999999999999992,1756.19141162503,342.7692697075142,-1.8059513341326963,0.7362392675606855,0.15500122010744208,0.01887943614500167,0.0001161022467499955,-1.173853372626717,0.4063785793261996,0.05120526540220177,0.062356461006809305,0.0006540862749502326,-1.8059513341326963,0.7362392675606855,0.15500122010744208,0.04061794857590549,0.0001161022467499955,161.7789647579193,1.038421929029538,0.9947652406025047,0.9688539066042674,0.9330789179452567,1.542405290791837,0.9043488231869983,1.7956740688772541,1.124360567619541,1.038421929029538,0.8913252456902558,0.2468366575459918,0.8727507148939468,12,0.4060783386230469,0.07750000000000001,0.29125,0.21375,0.24875,0.05278125,0.4685,0.469125,0.044779096402449814,0.23880522409248953,0.9552209035975502,0.0009603500366210938,-1.5486881926353447e-10,-5.547686460145996e-10,0.0017505193216667176,0.0035750577482549684,0.001546877757258067,0.003980622539112032,0.03570580150126365,7.922677899443196e-06,-3.5522495418048424e-07,4886848.001814744,0.0009706020355224609
7.199,RT160x200-7199.vtk,161,201,4252,4253,1.6434252008725179,0.9977339058605819,koch_curve,13.611038446426392,0.8052682876586914,361.18908405303955,0.19620713723815877,21.576791154274513,1.0036657187911584,0.5602069614299153,0.051053348361201845,1.2552083333333333,15,10,8,0.04641016143486748,0.05013162242462396,0.09654178385949144,0.25046947066030273,0.09604487826520894,-1.3790466331933513,0.1042695973295249,0.049852688438788685,15.761838578084385,0.040945775916243626,-1.0806239850655623,0.5837133248161741,0.24999999999999992,1705.944720674161,332.2543231112034,-1.9608749162069357,0.7733387359906467,0.15500122010744208,0.023043048594880794,0.00015635361738672066,-1.319760595640119,0.45998219165974386,0.05120526540220177,0.07250852180642331,0.0007814159282593346,-1.9608749162069357,0.7733387359906467,0.15500122010744208,0.04777578520065205,0.00015635361738672066,171.80582904815674,1.0465731904329896,1.0057692654268873,0.9798267647160215,0.9424578112507617,1.5505192782505535,0.912323321384326,1.8225893199219954,1.1220419778641577,1.0465731904329896,0.9102659985376693,0.23039271687258672,0.8703145278221905,12,0.4159228801727295,0.08249999999999996,0.29374999999999996,0.21125,0.24875,0.05409375,0.46653125,0.46871875,0.0459627633454347,0.2385093072804965,0.9540372366545653,0.0007655620574951172,-2.917715876717131e-10,7.421897150606801e-10,0.0018764873878565282,0.0037653332702302813,0.0016760937561575517,0.004207010762131268,0.03551374879698462,8.84946977634384e-06,-4.2437076601517164e-07,3730252.0898199934,0.0008387565612792969
7.399,RT160x200-7399.vtk,161,201,4389,4390,1.6440534565946026,0.9979877618592101,koch_curve,12.33175015449524,0.8083107471466064,376.18544840812683,0.20239840856565844,22.29420363478691,1.0151714026929122,0.5511506037821827,0.05266432508881135,1.2552083333333335,15,8,8,0.0489685447147854,0.053448807997102415,0.10241735271188782,0.25096784181953463,0.10241735271188782,-1.2248577659824769,0.0791514093537834,0.05000494654523592,18.123864876365403,0.04473783189617779,-1.1283063577301138,0.6324884783221358,0.24999999999999992,1655.397679857298,321.3447632652064,-2.108082137396491,0.8016207576880434,0.15500122010744208,0.028131049571452002,0.00020755362492413525,-1.4501612187324107,0.5027134957984721,0.05120526540220177,0.08377295818763718,0.0009057204350611679,-2.108082137396491,0.8016207576880434,0.15500122010744208,0.05595200387954459,0.00020755362492413525,181.28564882278442,1.0663712897954996,1.0136773288465641,0.9827702637972647,0.9433337372148027,1.61391649450272,0.9129580103996657,1.8863730766353513,1.1652007358209135,1.0663712897954996,0.9734150662356855,0.2591317251711555,0.8639014603143632,12,0.4268956184387207,0.08499999999999996,0.29374999999999996,0.20875,0.24875,0.05634375,0.4665,0.4671875,0.04715847124691297,0.2382103801604082,0.952841528753087,0.0008015632629394531,1.7242774461891097e-10,2.0947316016969337e-09,0.0020147732797898255,0.003956422358963672,0.0018133640727915673,0.004439886175508009,0.03682003465943551,9.85629462573136e-06,-4.7656611137156266e-07,1493695.5261805018,0.0010199546813964844
7.599,RT160x200-7599.vtk,161,201,4539,4540,1.6476248558598892,0.9983512510685795,koch_curve,12.282318115234375,0.8145849704742432,406.54933428764343,0.2087273955137069,23.596795589476724,1.031225205894565,0.5602555628993171,0.05431113559723855,1.2552083333333335,15,9,7,0.052319785409333075,0.05621140185374851,0.10853118726308159,0.2506400852778817,0.10853118726308159,-1.266250769419172,0.08577186155943595,0.08029612842028998,20.029104748079174,0.05083964399113,-1.1960453442558558,0.6905956752226599,0.24999999999999992,1604.9351583147222,310.1383409952587,-2.257276047857833,0.8226729549760678,0.15500122010744208,0.03434005515328995,0.0002714869332400465,-1.5733531821388216,0.5387606316427989,0.05120526540220177,0.09595259765104569,0.0010188125133103129,-2.257276047857833,0.8226729549760678,0.15500122010744208,0.06514632640216782,0.0002714869332400465,196.15947365760803,1.0815462504669833,1.0292424441642598,1.0010435762336332,0.9653899760489236,1.6399885885564611,0.9373267097591951,1.9330561804595874,1.1873385647204469,1.0815462504669833,0.9957294707003923,0.2510841170397361,0.8787358083569654,12,0.44656825065612793,0.08750000000000002,0.29625,0.20875,0.25625,0.0570625,0.46471875,0.46678125,0.048761683308244375,0.23780957688998758,0.9512383166917556,0.0007662773132324219,-4.3094748141021824e-10,2.165736058399402e-09,0.002166316198452431,0.004139646634528595,0.0019553674277062853,0.004672215762402909,0.04085009801531829,1.0914800065220655e-05,-4.967782293595735e-07,1496133.42495557,0.0007145404815673828
7.799,RT160x200-7799.vtk,161,201,4685,4686,1.6238014733583952,0.9981950657543781,koch_curve,20.725114107131958,0.8367190361022949,443.11254119873047,0.20972547076179643,23.94250705525007,1.0192216876588405,0.5609391675560299,0.054570836054870515,1.2552083333333335,15,8,7,0.053681853939755664,0.05637646222748058,0.11005831616723624,0.2506069419566214,0.10852998752496221,-1.2765810093263181,0.0782512862469461,0.04996289744792564,22.984393027377248,0.05355440139955776,-1.2681452734284917,0.7554840191948667,0.24999999999999992,1555.5190513400073,298.82982875577125,-2.40924182989868,0.8419040947074206,0.15500122010744208,0.04175869536306794,0.0003501574572088858,-1.6945675489994847,0.5736596798842087,0.05120526540220177,0.10869692061037271,0.001111898171034934,-2.40924182989868,0.8419040947074206,0.15500122010744208,0.07522780798672032,0.0003501574572088858,209.80206966400146,1.0868035054513687,1.0379882028249403,1.0099076758769854,0.9704315082515249,1.6058599529379929,0.9373978559472969,1.8747312540391263,1.178878211914499,1.0868035054513687,0.9373333980918295,0.25762482853891067,0.8854827445520991,12,0.45742082595825195,0.09249999999999997,0.29874999999999996,0.20625,0.25375000000000003,0.059,0.46421875,0.465625,0.05008891293484574,0.23747776938805823,0.9499110870651543,0.00078582763671875,4.0170288487934023e-11,-8.339653442519809e-10,0.002326222143368467,0.00430485304413665,0.002099797995649867,0.0048931655594217395,0.043302877523304445,1.1971534595955185e-05,-4.813530896987867e-07,4144037.5368978996,0.0008451938629150391
7.999,RT160x200-7999.vtk,161,201,4755,4756,1.6245330417369468,0.9986088602250208,koch_curve,20.38565683364868,0.8401875495910645,452.3778636455536,0.2127196580170043,24.352907080749794,1.0327822296655642,0.5345951629863301,0.05534992741286352,1.2552083333333335,15,10,5,0.055085767868911784,0.05804030011620409,0.11312606798511587,0.250311419114893,0.11140690544185664,-1.1750187693369762,0.07474466314006467,0.08000914341111394,24.51886931774969,0.06680812308603584,-1.3283915490621838,0.8123844742552144,0.24999999999999992,1506.646958235755,287.44872328803854,-2.5557974770712435,0.8613060009653576,0.15500122010744208,0.05035770317223666,0.0004448593151400897,-1.8185623074922281,0.6123952296512607,0.05120526540220177,0.12206703586735942,0.001183503195363421,-2.5557974770712435,0.8613060009653576,0.15500122010744208,0.08621236951979805,0.0004448593151400897,215.58252215385437,1.0957238284679935,1.048422232705098,1.0212321801151047,0.9848090441663923,1.5764382472269087,0.9552359975790701,1.8256313561219315,1.184782432256428,1.0957238284679935,0.8703953585428614,0.26372663000138713,0.878401736812337,12,0.4588046073913574,0.09749999999999995,0.29874999999999996,0.20125,0.25125,0.06109375,0.4624375,0.4646875,0.05167413799057674,0.2370814628463113,0.9483258620094233,0.0008771419525146484,2.735341898679744e-10,1.9393355331634056e-09,0.0024888924549794703,0.0044564851114193005,0.0022473769971214524,0.005104394694844774,0.04284488755449922,1.3027422600377814e-05,-4.477997269803637e-07,1842887.4997151736,0.0009763240814208984
8.199,RT160x200-8199.vtk,161,201,4969,4970,1.63760139960465,0.9985803095350692,koch_curve,19.26644802093506,0.8379509449005127,494.58836793899536,0.21387171940281463,25.378354885866766,1.0153682926880963,0.5546387603139464,0.05564969526071645,1.2552083333333333,15,9,5,0.056917431329159884,0.05795153968348657,0.11486897101264645,0.25026807609398194,0.11486897101264645,-1.3260182395655338,0.10180891355736632,0.049781599862002236,28.81391420240615,0.0733658859023891,-1.3729772941367704,0.857930423726294,0.24999999999999992,1459.321965150442,276.1456789919919,-2.690559628330982,0.8791090149153102,0.15500122010744208,0.06005831224530761,0.0005566890517570921,-1.950336350154237,0.6561748291032965,0.07819203842790992,0.13633551777654324,0.0015057903077095305,-2.690559628330982,0.8791090149153102,0.15500122010744208,0.09819691501092542,0.0005566890517570921,236.34984040260315,1.1009188871897284,1.0567902082991278,1.0312940468583534,0.9977525310955497,1.4942117378526187,0.9710589003938859,1.7307338860589248,1.1800749368085703,1.1009188871897284,0.7596749856650389,0.2751387637592233,0.8648845644000753,12,0.49466586112976074,0.10500000000000001,0.30125,0.19625,0.24875,0.0620625,0.462125,0.4636875,0.052927732143916106,0.23676806408415377,0.9470722678560839,0.0007874965667724609,2.2069080179640265e-10,-2.656109098766699e-10,0.0026514876294793576,0.004601143203159577,0.0023982361061752086,0.005310452468976985,0.04168051727940381,1.4100452712631817e-05,-4.2480761526955747e-07,10873786.598524837,0.0007529258728027344
8.399,RT160x200-8399.vtk,161,201,4954,4955,1.6446812511944155,0.9982489359669068,koch_curve,19.40650773048401,0.854313850402832,491.2299075126648,0.22155315624752575,25.512193917964698,1.0407235425270114,0.5444085587404117,0.0576484149641266,1.2552083333333333,15,7,7,0.06282924183861494,0.06016690047047685,0.12299614230909178,0.25035390169652977,0.12260463058171034,-1.195412337305347,0.07515495397201133,0.0798268765954821,32.10717676072633,0.11087292973386403,-1.4186460240669716,0.8914996619781166,0.24999999999999992,1412.3745215078638,264.7783028107232,-2.80781709473236,0.8945407822492771,0.15500122010744208,0.07071531166347936,0.0006855359140396401,-2.0815257322068517,0.7018143016780803,0.07819203842790992,0.15196483478362272,0.0019504383244349664,-2.80781709473236,0.8945407822492771,0.15500122010744208,0.11134007322355104,0.0006855359140396401,233.95630884170532,1.10060242184547,1.0632404077459638,1.0402367427102857,1.0067725400424652,1.5397378805641957,0.9787259489707525,1.794599166005483,1.1653545495162163,1.10060242184547,0.8158732170347305,0.22874706100018885,0.8777648672104672,12,0.48161959648132324,0.10999999999999996,0.30374999999999996,0.19375,0.25125,0.065625,0.459375,0.46253125,0.05511494949628293,0.23622125942108813,0.9448850505037171,0.000774383544921875,3.33232098186087e-10,1.4457531866017483e-09,0.0028118587865088754,0.004748055265694203,0.0025536899226708655,0.0055182042949999425,0.04180005649991457,1.5225289320676807e-05,-4.44828874987548e-07,2629956.0822996134,0.0008132457733154297
8.599,RT160x200-8599.vtk,161,201,5156,5157,1.6282199318840689,0.9987604004272627,koch_curve,19.540069580078125,0.8511860370635986,530.555849313736,0.22545698474088838,25.925548499635752,0.9998926363784448,0.5416989914662529,0.058664196137122926,1.2552083333333333,15,7,5,0.060350602901837525,0.06529683779778639,0.1256474406996239,0.2504276115925448,0.1256474406996239,-1.245557240037302,0.07937263734899092,0.07964974769804639,36.255607479063215,0.12184009216064173,-1.459450041014769,0.91231925288631,0.24999999999999992,1366.6498144066645,253.404395086749,-2.903812899720419,0.9078593676862251,0.15500122010744208,0.08213908213809586,0.000827599940282854,-2.2064709685322574,0.7451258562102627,0.07819203842790992,0.16933544526555783,0.0024834566015166995,-2.903812899720419,0.9078593676862251,0.15500122010744208,0.12573726370182683,0.000827599940282854,253.37925100326538,1.1124841563498071,1.0753373090955307,1.0507752310220448,1.0151056805685594,1.5076388056593812,0.9859699475299148,1.7599176625871564,1.1704085833346423,1.1124841563498071,0.7739477150572416,0.23830890926667603,0.8824096746369907,12,0.5012927055358887,0.11249999999999996,0.30374999999999996,0.19125,0.25125,0.06721875,0.45875,0.4616875,0.05602248578054947,0.23599437507215806,0.9439775142194505,0.0008146762847900391,1.247500153768455e-10,5.397310829715946e-09,0.002968017766218795,0.0049036344711870525,0.0027148753440487056,0.0057319072295034116,0.04159961170788238,1.6427380243802164e-05,-5.241230162856066e-07,750742.0642232903,0.0007920265197753906
8.799,RT160x200-8799.vtk,161,201,5343,5344,1.6293008350432754,0.9987147729295767,koch_curve,19.75730586051941,0.903160810470581,568.5118978023529,0.23020462850346887,27.53238425204739,1.0116594933067298,0.5485682201010669,0.05989953912371215,1.2552083333333333,15,8,5,0.06295155006503844,0.0689403028738933,0.13189185293893174,0.2509405974592229,0.1315952141942765,-1.339217246824591,0.09457785088171666,0.050230891289497384,40.20410375944948,0.15176710733331789,-1.484968363039773,0.9258431873376612,0.24999999999999992,1320.581887607339,241.89014092863349,-2.9864034707011085,0.9187593612530466,0.1666666666666666,0.09426932575674198,0.0010109431977035864,-2.3290078508309464,0.7821665650340457,0.07819203842790992,0.18872763892331024,0.003109783346891469,-2.9864034707011085,0.9187593612530466,0.1666666666666666,0.1414984823400261,0.0010109431977035864,275.2397587299347,1.116678748482566,1.0794757709203657,1.05568121533973,1.0191854288222955,1.5638191220784592,0.987834006319436,1.8109388186045798,1.184596945365632,1.116678748482566,0.8231048122851439,0.2390496764317695,0.8752797771610232,12,0.5212981700897217,0.11750000000000002,0.30625,0.18875,0.25125,0.06890625,0.45784375,0.46084375,0.05833645791939268,0.23541588179384895,0.9416635420806073,0.0007758140563964844,6.187188745371275e-11,1.0095752419491163e-09,0.003119561439129007,0.005071208489708772,0.002879764052792609,0.005953891090589077,0.04210330053488522,1.7724409559297482e-05,-6.63770487108717e-07,4162297.803949277,0.0009336471557617188
8.999,RT160x200-8999.vtk,161,201,5435,5436,1.6220587479227353,0.9987298348435969,koch_curve,18.13871693611145,0.8712146282196045,584.1973567008972,0.23408914789783983,27.451491063865625,0.9932338813192096,0.5538178472861086,0.06091029604442469,1.2552083333333337,15,7,6,0.06638294811589629,0.07103580822990926,0.13741875634580555,0.2511046051320105,0.13706091524700917,-1.3366321618760353,0.09304257821555884,0.049851295405942526,43.6972365531973,0.1113661421775904,-1.4953347340450567,0.9375830299254794,0.24999999999999992,1275.3069266009384,230.28478354707352,-3.0603040060800737,0.9273249807252155,0.1666666666666666,0.10715470248636647,0.0012408782915652992,-2.4462715096646743,0.8112673418341332,0.07819203842790992,0.21031963498645978,0.0038305916167310533,-3.0603040060800737,0.9273249807252155,0.1666666666666666,0.15873716873641314,0.0012408782915652992,282.0449016094208,1.1344387637851647,1.0926120672522752,1.0692760371621264,1.0332209466644446,1.8365322301142222,1.0020487819760175,2.1726396265716232,1.2422862872304408,1.1344387637851647,1.1705908445956057,0.20522756210127038,0.8851021588250356,12,0.5304856300354004,0.12249999999999997,0.30874999999999997,0.18625,0.25125,0.070875,0.45609375,0.45965625,0.06000152716538465,0.23499961428060376,0.9399984728346154,0.0008113384246826172,-7.951806664935334e-10,5.059458620933131e-09,0.0032688094973486303,0.005251784793757115,0.0030489459302111034,0.006185980847846306,0.04304903590633896,1.9133179524947535e-05,-8.588390171907609e-07,854064.8266423019,0.0008018016815185547
9.199,RT160x200-9199.vtk,161,201,5466,5467,1.622797365468581,0.9988036427446314,koch_curve,17.71060299873352,0.8687565326690674,586.6833248138428,0.23793423005266282,27.69486538110352,1.0393540799636585,0.5556165386022686,0.061910791344905736,1.2552083333333337,15,7,6,0.06932371508860352,0.07270361139124656,0.14202732647985009,0.25120798208435624,0.14202732647985009,-1.4981723734045937,0.11708200691030024,0.07972998656689508,47.24126187199546,0.1463960455416508,-1.5118026685215118,0.9388835112114667,0.24999999999999992,1230.5317516915359,218.50052284948165,-3.1389344416923017,0.9323018532866153,0.1666666666666666,0.12074863232526127,0.0015090521181328445,-2.5552807091098417,0.8339533146622862,0.07819203842790992,0.23438450581438994,0.004639774953755085,-3.1389344416923017,0.9323018532866153,0.1666666666666666,0.1775665690698256,0.0015090521181328445,283.78743171691895,1.1446004390482738,1.0997349334942097,1.0744589294592475,1.036754096004266,1.8474686279171013,1.0047055390004358,2.185041308333716,1.253656245293378,1.1446004390482738,1.18033576933328,0.21091515885650358,0.8805262083637814,12,0.5333783626556396,0.12499999999999997,0.30874999999999997,0.18375,0.25375000000000003,0.07321875,0.4551875,0.4590625,0.06129466708765685,0.23467632913224656,0.9387053329123431,0.000990152359008789,-6.042525503811846e-10,2.771522165822226e-09,0.0034169446849434963,0.005445994199434222,0.003224686347197246,0.006429180647659766,0.043332258227728425,2.06671819001174e-05,-1.0790645231698055e-06,1602648.5816322314,0.0009024143218994141
9.399,RT160x200-9399.vtk,161,201,5601,5602,1.6191364522693812,0.9984044003158016,koch_curve,18.275557279586792,0.8720042705535889,611.5238633155823,0.24510710026454458,28.517068758553325,1.0405055161816907,0.5588287805748973,0.06377718135921186,1.2552083333333337,15,7,5,0.06857276690370229,0.07793854553363505,0.14651131243733734,0.25126403250096924,0.14681250094179552,-1.3930590466080175,0.09130041623575702,0.05008730220409856,50.66881662192635,0.14468178610094015,-1.5156045635814201,0.9333176191463108,0.24999999999999992,1185.9329482333462,206.6199457236436,-3.2131387230571717,0.935019712370986,0.1666666666666666,0.13489184306101626,0.0018134899482316234,-2.653610887985051,0.852171204377039,0.07819203842790992,0.26147213290708454,0.005524353516331288,-3.2131387230571717,0.935019712370986,0.1666666666666666,0.1981819879840504,0.0018134899482316234,296.1692907810211,1.1578732677034198,1.10505732783333,1.077608482807518,1.0416556521162494,1.9240212176498803,1.012826821744472,2.288864645045795,1.287397887071133,1.1578732677034198,1.2760378233013228,0.21517470745208767,0.8768382044046042,12,0.5444972515106201,0.13000000000000003,0.31125,0.18125,0.25375000000000003,0.074,0.45425,0.458125,0.06269116346909298,0.23432720477187222,0.937308836530907,0.0007841587066650391,-9.091187369997256e-10,-3.790727215939969e-09,0.003564132693666739,0.005656275083846503,0.003409958969170035,0.006685543334854849,0.042215733650799794,2.2348244841103447e-05,-1.280981213594393e-06,1212705.927371898,0.0008032321929931641
9.6,RT160x200-9600.vtk,161,201,5695,5696,1.6193685910437348,0.9981638568762131,koch_curve,18.298512935638428,0.878333330154419,640.3155376911163,0.2482722282804956,28.989252734775285,1.0543773099783056,0.5515364354697103,0.06460075172204736,1.2552083333333337,15,7,7,0.0709119258284292,0.07977903984556875,0.15069096567399795,0.2515516778839709,0.15336038741229543,-1.2498885170448437,0.08177969012833697,0.05010414998613984,54.07053032072834,0.12715563386810053,-1.5161245856582632,0.921233822890663,0.24999999999999992,1141.815332625063,194.74941124056355,-3.264314934891247,0.9381411864083089,0.1666666666666666,0.14926424788041662,0.002142918993113276,-2.74063832920099,0.867505368357027,0.07819203842790992,0.29187093455892893,0.006460654554985994,-3.264314934891247,0.9381411864083089,0.1666666666666666,0.2205675912196728,0.002142918993113276,312.18390703201294,1.1625687565937908,1.1128824667716686,1.0849581360250706,1.0473537357492024,1.843387573493982,1.017022120110017,2.1927026580782822,1.2706917727179334,1.1625687565937908,1.1756805379682653,0.2157640995285096,0.8693958771022963,12,0.5573430061340332,0.13749999999999998,0.31375,0.17625,0.25375000000000003,0.07646875,0.4520625,0.4570625,0.06493486227782896,0.23376627969989114,0.935065137722171,0.000934600830078125,-1.4529199482207767e-09,3.6581918356106e-10,0.0037070163138478245,0.005880827954779629,0.00360276438865693,0.006951698165545863,0.03983993943204368,2.4163053692425735e-05,-1.450112844476206e-06,3280855.3087786585,0.0010025501251220703
9.8,RT160x200-9800.vtk,161,201,5851,5852,1.643307729850462,0.998780499731426,koch_curve,18.30721092224121,0.8865261077880859,673.0070328712463,0.2562957978195733,29.475332234964398,1.0330340284505213,0.5465732353443855,0.0666884947906476,1.2552083333333335,15,7,8,0.07283209562758314,0.08615331316738131,0.15898540879496445,0.25130762992547157,0.16108094182205407,-1.1670698706508826,0.07837380019389184,0.049973603629196395,59.64620812635788,0.15211308596119352,-1.509202563455048,0.9059274147362885,0.24999999999999992,1099.110314280263,182.8903385717591,-3.3007786199128817,0.9408370714433737,0.1666666666666666,0.16358912794620029,0.0024752104804057064,-2.820533513933581,0.8809917258161163,0.07819203842790992,0.3258455582994049,0.00743631249919799,-3.3007786199128817,0.9408370714433737,0.1666666666666666,0.2447173431228026,0.0024752104804057064,329.1420726776123,1.1753291587208352,1.1282066296752475,1.1002970184847642,1.0603556180064568,1.8128590167733087,1.0266593164571782,2.157571960551259,1.2664848216718674,1.1753291587208352,1.1309126440940807,0.21206368720618712,0.8584666108080803,12,0.5747702121734619,0.14250000000000004,0.31625000000000003,0.17375,0.25375000000000003,0.078625,0.452,0.4565625,0.06635300951234813,0.23341174259683153,0.9336469904876519,0.0009801387786865234,-7.185466754655589e-10,-2.52877464224999e-09,0.003841201375447846,0.00611915086962436,0.0038015614016844983,0.007224876149248089,0.04450634577667803,2.609941768598349e-05,-1.6110856678516168e-06,1943321.3945534022,0.0009260177612304688
10.0,RT160x200-10000.vtk,161,201,6115,6116,1.6581185682402049,0.9993703741775856,koch_curve,11.345383882522583,0.9106621742248535,731.1165907382965,0.26120829880960844,30.633399223786224,1.0245542659202258,0.5347506132461162,0.06796673383892743,1.2552083333333335,15,7,7,0.0730832094837569,0.08750942764099404,0.16059263712475094,0.25174787296974976,0.16746534382001646,-1.1770598040109823,0.07090902448542225,0.05012479022063121,66.96176426541092,0.17136395587563144,-1.514018317018403,0.8838892854075002,0.24999999999999992,1057.8912976617378,171.2093908256177,-3.3408335548132744,0.9426492240100082,0.1666666666666666,0.17782409608428115,0.002773434572458865,-2.9001840093431897,0.8925453770906242,0.07819203842790992,0.3636033129673367,0.008459501221310077,-3.3408335548132744,0.9426492240100082,0.1666666666666666,0.27071370452580895,0.002773434572458865,358.747994184494,1.1824125234090634,1.136130686193718,1.1093382192508263,1.071519345743245,1.7750479140657902,1.0399204942943667,2.0946647626948653,1.273021985244601,1.1824125234090634,1.0547442684004986,0.22100285152886265,0.8837996921806652,12,0.5997004508972168,0.14749999999999996,0.31875,0.17125,0.23875,0.08003125,0.44990625,0.456,0.06749589324577032,0.23312602103348623,0.9325041067542297,0.0009980201721191406,1.1131803414471397e-10,-2.3269340554992245e-09,0.003965347443312848,0.00637039634475247,0.004007982156909938,0.007503727735960894,0.04930225923210716,2.8152964967711684e-05,-1.7925952001714833e-06,2277621.7784989225,0.0009217262268066406
10.2,RT160x200-10200.vtk,161,201,6253,6254,1.6258491850658412,0.999256235918027,koch_curve,18.21577763557434,0.9124305248260498,757.096093416214,0.26754912501380906,31.511437199367663,1.0813451004255132,0.533663841356149,0.0696166249369661,1.2552083333333335,15,7,6,0.07621746517502076,0.09355464699094651,0.16977211216596727,0.2511785940620662,0.17480417603792314,-1.0222969116257656,0.0607330499005202,0.05017755240752804,70.49280952487427,0.14958927836042885,-1.5144176777598375,0.8649769121448571,0.24999999999999992,1018.105868377478,159.6717538291513,-3.390988521960931,0.9441788322364969,0.21199957600127192,0.19231973535633587,0.003038389475360258,-2.9835218335580187,0.9009546561561463,0.07819203842790992,0.4044985798643175,0.00951850993551555,-3.390988521960931,0.9441788322364969,0.21199957600127192,0.29840915761032666,0.003038389475360258,368.03364300727844,1.1880182773614172,1.144824963531509,1.1165458849271177,1.0755097801288271,1.8232949110643524,1.041926441419558,2.1572972504932366,1.2640467621184497,1.1880182773614172,1.1153708090736787,0.1991448215175757,0.8920211921119117,12,0.6074392795562744,0.15250000000000002,0.32125000000000004,0.16875,0.25375000000000003,0.0806875,0.44946875,0.45475,0.06851822410529795,0.23287043792885698,0.931481775894702,0.0009334087371826172,9.617806701195386e-10,-1.905999281275744e-09,0.004083764333674683,0.0066274759371689725,0.004224303154951824,0.0077846366922774074,0.05191189200992317,3.030028421537359e-05,-1.99878832828558e-06,2578357.2010666737,0.0007314682006835938
10.4,RT160x200-10400.vtk,161,201,6529,6530,1.6346163838854517,0.9993167545006396,koch_curve,18.44036555290222,0.9190623760223389,829.4316055774689,0.2707721878208492,33.202387793287045,1.0657180708558003,0.5512329606371573,0.07045527000663104,1.2552083333333335,15,7,6,0.07698385915689959,0.09480113583722027,0.17178499499411987,0.2512062665584876,0.1838127660368788,-1.3088977624347715,0.09586782024690699,0.07978190616562317,81.97873676227425,0.21271478204007355,-1.4985811487667289,0.8573013570018215,0.24999999999999992,980.512718502765,148.4015619213391,-3.439145895639296,0.9477571095621496,0.21199957600127192,0.20787695484703206,0.003430073959593633,-3.0576567148569143,0.9084336786321922,0.07819203842790992,0.44772004693745626,0.01060044156966489,-3.439145895639296,0.9477571095621496,0.21199957600127192,0.32779850089224416,0.003430073959593633,403.8284282684326,1.1936528236523687,1.1514792211089717,1.1243698111211657,1.0859988182158238,1.765270744865642,1.0557681912030086,2.0937424917744956,1.2691784999273263,1.1936528236523687,1.037974300571487,0.2056026903621973,0.8976573730063985,12,0.6309857368469238,0.15999999999999998,0.32375,0.16375,0.26125,0.08090625,0.45,0.4543125,0.06914395612486524,0.23271400429988462,0.9308560438751348,0.0008578300476074219,-2.1055846950723822e-10,-2.891023526329983e-09,0.004203387405129248,0.00687985415719716,0.004447761680098717,0.008062311014957847,0.05109788672064148,3.250042945095112e-05,-2.1912029710801634e-06,1966727.1662124032,0.0009436607360839844
10.6,RT160x200-10600.vtk,161,201,6544,6545,1.6325269747416897,0.9991318757176222,koch_curve,17.958942890167236,0.9233207702636719,829.2608027458191,0.2796772519490809,32.509104443569136,1.0534061700728967,0.5531784841075795,0.07277237909612157,1.2552083333333337,15,7,6,0.07879847406298846,0.10254932811782058,0.18134780218080904,0.25245004213727423,0.19497980753726957,-1.3196523325552223,0.09070970670922107,0.05014890254237265,87.70138143529165,0.23217744229408074,-1.5013315242670668,0.8609909856326052,0.24999999999999992,944.0136892806892,137.46337382395808,-3.4932818240955754,0.9523716462136256,0.21199957600127192,0.22556271855118676,0.0038737342987959092,-3.110175128205148,0.915903317256321,0.07819203842790992,0.4929127100133056,0.011685830278272124,-3.4932818240955754,0.9523716462136256,0.21199957600127192,0.35923771428224616,0.0038737342987959092,404.18757224082947,1.1931551681708992,1.1559022412713311,1.1308187474825102,1.0922241282683813,1.6823808188123504,1.0600804017060748,1.9688098662083924,1.2565681866753886,1.1931551681708992,0.9087294645023176,0.21622253117645304,0.9017517355958699,12,0.6320028305053711,0.16500000000000004,0.32625000000000004,0.16125,0.26125,0.08359375,0.44865625,0.4535,0.07086269767723863,0.23228431837657126,0.9291373023227614,0.0008330345153808594,1.0773745049014184e-09,-1.7070833541153197e-10,0.004330603369471596,0.007126221806849086,0.004674479016472838,0.00833889457806557,0.047121998752290735,3.47685813920451e-05,-2.342670409523747e-06,5405581.524628243,0.0009930133819580078
10.8,RT160x200-10800.vtk,161,201,6749,6750,1.6519223979500874,0.99945858340876,koch_curve,10.621018886566162,0.9317116737365723,878.3205010890961,0.2821136482938863,33.6645639881425,1.0525688679535992,0.5519336197955252,0.07340633254495217,1.2552083333333335,15,7,5,0.08252507889023913,0.10536666307775416,0.1878917419679933,0.25288317348344513,0.19747833516720054,-1.314032439665369,0.09155937411410242,0.08003109185603016,94.70703538033914,0.263104551795107,-1.5167239643518549,0.8776555762267394,0.24999999999999992,908.3242015934179,126.83794228747846,-3.5502986937251784,0.9583706329525757,0.21199957600127192,0.24602959279345576,0.004377220411708574,-3.1499412366966912,0.9208703260676697,0.07819203842790992,0.5403107285388535,0.012757839214844123,-3.5502986937251784,0.9583706329525757,0.21199957600127192,0.3931701606661546,0.004377220411708574,434.24514651298523,1.2114899236465853,1.1646899263389672,1.137655656988166,1.0991689038510415,1.9329529717845515,1.0673273074972753,2.2787984859746757,1.3168912643670048,1.2114899236465853,1.2114711784774004,0.20600073803108224,0.8873675974595254,12,0.664177656173706,0.16750000000000004,0.32625000000000004,0.15875,0.24375,0.084875,0.44753125,0.4529375,0.07242916520160203,0.23189270068396928,0.927570834798398,0.0009143352508544922,-2.0267722319888826e-10,-1.6909283383179536e-09,0.004468066134794828,0.007372616427965509,0.004904662091263942,0.0086208519288299,0.04209960736313141,3.715954398940364e-05,-2.457364643437131e-06,3579418.481317772,0.0008151531219482422
11.0,RT160x200-11000.vtk,161,201,6929,6930,1.6434183779830691,0.9992269387518278,koch_curve,17.531672716140747,0.9545743465423584,937.920037984848,0.2881818023985275,34.17367972755973,1.0290050636743564,0.5541925241737624,0.07498527401351693,1.2552083333333335,15,8,6,0.08086443635846347,0.11082225579032254,0.191686692148786,0.25268068391939436,0.20635379299947423,-1.4285801339323903,0.10325170676571593,0.07996447875655537,100.33359728152627,0.2684378232029627,-1.5395529957243743,0.8989718315227284,0.24999999999999992,873.3779224386327,116.56794956671905,-3.603660138698413,0.9649037282004557,0.21199957600127192,0.2695203908284732,0.0049376846374257575,-3.1852218597279447,0.9229633421000863,0.07819203842790992,0.590356896571847,0.013788937566141744,-3.603660138698413,0.9649037282004557,0.21199957600127192,0.4299386437001601,0.0049376846374257575,457.7548859119415,1.2214758141795259,1.1714774840903122,1.1443367057113927,1.1069604423628074,1.9464653815057533,1.0759667938391893,2.3011462335167465,1.3351597513841478,1.2214758141795259,1.2251794396775573,0.2115550989112035,0.9133751902266691,12,0.6793358325958252,0.16999999999999998,0.32875,0.15875,0.25875000000000004,0.0883125,0.4463125,0.4511875,0.07453230703511793,0.23136691478489432,0.9254676929648821,0.0010128021240234375,-5.430746408616183e-10,-2.614919415030355e-09,0.0046162586777074915,0.007623590201458394,0.005139566447440353,0.008912293292934725,0.0408839,3.9714485869641076e-05,-2.5385584981255063e-06,2359643.9141924987,0.0008203983306884766
11.2,RT160x200-11200.vtk,161,201,7232,7233,1.6620004314591181,0.9996690646266403,koch_curve,10.731181621551514,0.9593710899353027,1007.7237329483032,0.2904678255059828,35.52760454609657,1.016099488535562,0.546875,0.07558010015342952,1.2552083333333335,15,5,6,0.0845930222989309,0.11267805506851797,0.19727107736744887,0.25273429709544903,0.21037802055168314,-1.3398330127692908,0.09354524166686151,0.07975425201950541,114.12745109907796,0.2967992130226593,-1.5553439027993994,0.9182905688647318,0.24999999999999992,840.178382273065,106.53428790760935,-3.6564175476401823,0.9691993478053438,0.21199957600127192,0.2960063771812488,0.005548954995327661,-3.224108947688809,0.9228180503519061,0.07819203842790992,0.6437378508104926,0.014754129717759135,-3.6564175476401823,0.9691993478053438,0.21199957600127192,0.4698721139958707,0.005548954995327661,498.14757657051086,1.2259868037924508,1.18201989934449,1.1565604104238905,1.120124745990049,1.859294684326035,1.0893320817377568,2.2017185728053796,1.3149986958291537,1.2259868037924508,1.1123864910676229,0.2028670933200667,0.9150167241712206,12,0.7296864986419678,0.17500000000000004,0.33125000000000004,0.15625,0.24375,0.0894375,0.44471875,0.45003125,0.07548430996954913,0.23112891357479373,0.9245156900304509,0.0009357929229736328,3.254801583807421e-10,2.1445821569539485e-09,0.004775335514226173,0.00788282884867114,0.005381117608752829,0.00921644291095412,0.04396655,4.247140996543586e-05,-2.5492264003850105e-06,3004420.2576045156,0.0009737014770507812
11.4,RT160x200-11400.vtk,161,201,7451,7452,1.650722055570322,0.9992620574973828,koch_curve,16.53719973564148,0.994117021560669,1074.370543718338,0.29473808859364864,36.37825563032611,1.00579432754233,0.5497248691450811,0.07669122807709908,1.2552083333333335,15,6,7,0.08612435752781028,0.11738169851554739,0.20350605604335767,0.2527797163175226,0.21524426841466796,-1.2623522158226863,0.0860791406479845,0.07974565499638978,122.07226361442405,0.2991965619913573,-1.5790830761746515,0.9390462161374907,0.24999999999999992,807.4234118492776,96.72847235687676,-3.7135496272259885,0.9710460678561563,0.21199957600127192,0.3253876969496053,0.006203237618631925,-3.259948607479726,0.9238804817418845,0.07819203842790992,0.7012135061534532,0.015633036395102055,-3.7135496272259885,0.9710460678561563,0.21199957600127192,0.5133006015515292,0.006203237618631925,527.9545509815216,1.2325651251829974,1.189096280507659,1.1631082084699342,1.1258857837431073,1.9788430573821427,1.095263632585528,2.347066803165685,1.3273070574071284,1.2325651251829974,1.2518031705801569,0.1853673407090495,0.9073990400494276,12,0.7180805206298828,0.18,0.33375,0.15375,0.24875,0.09203125,0.4429375,0.44828125,0.07786680659432699,0.2305332884792243,0.922133193405673,0.000980377197265625,7.269390852465695e-10,-2.0330695257071982e-09,0.004945674418045771,0.0081501603632452,0.005630882934434853,0.009533352474126306,0.046472922,4.544240469796275e-05,-2.4589699600397563e-06,3122146.436888048,0.0008058547973632812
11.6,RT160x200-11600.vtk,161,201,7538,7539,1.6485680698783323,0.999341169929965,koch_curve,17.08529257774353,0.972576379776001,1106.5762686729431,0.3008559261983407,36.76839734907719,0.9865846241908115,0.536349164234545,0.07828309725599895,1.2552083333333335,15,6,6,0.0895406038578564,0.1211349847473791,0.2106755886052355,0.25301554727068243,0.22325458733657833,-1.2628537574975376,0.08369027963010633,0.13340646260007602,131.03126107347458,0.29217055775117035,-1.6081768433617405,0.9553505384224206,0.24999999999999992,776.5398198655719,87.13205603424055,-3.7636050736250577,0.9712509505627003,0.21199957600127192,0.3579505022815277,0.006881331178370984,-3.295942881798584,0.9272862101415034,0.07819203842790992,0.7638365182586112,0.01642664435329577,-3.7636050736250577,0.9712509505627003,0.21199957600127192,0.5608935102700694,0.006881331178370984,543.250807762146,1.2437295172656242,1.1969826498106468,1.1702289815059002,1.1311311415463519,1.8632129912629054,1.0983520082660059,2.2082364411781192,1.3420758984637042,1.2437295172656242,1.1098844329121134,0.21959393516153383,0.902927199909084,12,0.7292435169219971,0.18500000000000005,0.33625000000000005,0.15125,0.24875,0.09359375,0.4424375,0.44684375,0.07945619508299939,0.23013594026365214,0.9205438049170006,0.0009472370147705078,1.2174433060285762e-10,-3.6466518551232905e-10,0.005132302983599358,0.008424478504683449,0.005891455347740959,0.009864703340259984,0.048877705,4.865618599566818e-05,-2.233181080273011e-06,18143802.859666664,0.0009257793426513672
11.8,RT160x200-11800.vtk,161,201,7839,7840,1.678517794911284,0.9995757255097008,koch_curve,10.537129163742065,1.052283763885498,1178.9820787906647,0.30423774259653963,38.260091752877756,1.0326411862423757,0.5574690649317515,0.07916305021337434,1.2552083333333333,15,6,6,0.08982455776720866,0.12345883415819098,0.21328339192539963,0.2529401892808278,0.229852900245816,-1.16208997295078,0.07267611878474045,0.13308635008447914,145.61127106457275,0.41403574224391654,-1.6343301900769547,0.9662255668894734,0.24999999999999992,747.6467811905703,77.83570783614016,-3.79623543550161,0.9705299320572475,0.10331052556796748,0.39406532498898855,0.007854070080582152,-3.329805601955143,0.9323231542896171,0.07819203842790992,0.8328570167247092,0.017130066232430505,-3.79623543550161,0.9705299320572475,0.10331052556796748,0.6134611708568489,0.007854070080582152,583.6558804512024,1.244587318100313,1.2039617963316913,1.1770437336896038,1.1361132643710155,1.8402815983582494,1.101277396381092,2.1790219360572642,1.3106527121942404,1.244587318100313,1.0777445396761722,0.19427174817889495,0.9014370459152039,12,0.7563257217407227,0.18750000000000006,0.33625000000000005,0.14875,0.24875,0.09440625,0.441625,0.4460625,0.08110904325323531,0.22972272748726566,0.9188909567467647,0.0009045600891113281,1.7038258651180804e-10,1.0345632229575209e-09,0.005338934547682957,0.008707667486727222,0.006164883534241377,0.010214092968240015,0.052028476,5.2163847581924495e-05,-1.8626592899371522e-06,6888371.5415220475,0.0009357929229736328
12.0,RT160x200-12000.vtk,161,201,8079,8080,1.6765908754262884,0.9987989633842899,koch_curve,16.140679597854614,1.0641050338745117,1259.7958891391754,0.30858837626176344,38.612832193284845,1.0359930366826289,0.5488303007797994,0.08029509066424256,1.2552083333333335,15,5,6,0.09184231062481724,0.12640537220494832,0.21824768282976556,0.25365486799351916,0.23476659091055008,-1.2130640536107133,0.07517249075232035,0.13340826308302234,155.89153777215674,0.48714242479143705,-1.6497554937664793,0.9678151994532193,0.24999999999999992,721.2558733041265,68.87949072704309,-3.815236281446569,0.9693223219821945,0.10331052556796748,0.43353002663051315,0.008864938814697687,-3.350701163279723,0.9373174081687446,0.07819203842790992,0.9092066978455197,0.017727599949493567,-3.815236281446569,0.9693223219821945,0.10331052556796748,0.6713683622380164,0.008864938814697687,620.3767640590668,1.2499926731751234,1.2082676614089156,1.1814219612164465,1.1405833792833833,1.933430448863941,1.1057113548351882,2.3014516605631243,1.326616712223665,1.2499926731751234,1.195740305727936,0.18474359050228317,0.9125034759067067,12,0.7858748435974121,0.19500000000000006,0.34125000000000005,0.14625,0.26625,0.0975625,0.43996875,0.44509375,0.08240874971402923,0.22939779994938708,0.9175912502859708,0.0010993480682373047,5.159230323653618e-10,1.057579023658068e-09,0.005561987622019231,0.009000477922448805,0.006446803228318975,0.010580373771279772,0.055581607,5.597215456999175e-05,-1.3860790647643575e-06,6357933.960643663,0.0009064674377441406
12.2,RT160x200-12200.vtk,161,201,8262,8263,1.6716275350551644,0.9991698065644293,koch_curve,16.554568767547607,1.014977216720581,1311.812334060669,0.31313567987878166,39.50017928147306,1.012262518072166,0.5553134834180586,0.08147830488841214,1.2552083333333335,15,5,5,0.0937722936596238,0.1341177753972342,0.22789006905685802,0.25376544085710345,0.24543318217658047,-1.3031092719094493,0.0896819166197581,0.13318140067270234,161.1213588193457,0.4691701274369614,-1.6508398944997815,0.9659320209837855,0.24999999999999992,696.2398760245203,60.38922175487465,-3.8212610448871613,0.9686583157073124,0.10331052556796748,0.4757356676556863,0.009831431343023299,-3.35547071582254,0.9410650247655625,0.19023064662425296,0.9933128490004728,0.02068508257974262,-3.8212610448871613,0.9686583157073124,0.10331052556796748,0.7345242583280795,0.009831431343023299,644.4615981578827,1.2622036709953683,1.215579807498821,1.1875920297146574,1.1492789304556874,1.9367679909157165,1.1181225883527848,2.294395646142057,1.3541452243499599,1.2622036709953683,1.1762730577892722,0.2006529304010109,0.9185668040778603,12,0.7978744506835938,0.2,0.34375,0.14375,0.26625,0.10015625,0.43834375,0.442875,0.08576175135115216,0.2285595478717068,0.9142382486488478,0.0009171962738037109,9.414285516151643e-10,1.5729427102451305e-09,0.005795678544921439,0.00930328952122961,0.006738621551975091,0.010960888910662617,0.058863058,6.007054285594169e-05,-8.495587510210931e-07,4227980.080514592,0.0005729198455810547
12.4,RT160x200-12400.vtk,161,201,8466,8467,1.673940933231348,0.9991448436109989,koch_curve,16.85216474533081,1.0229401588439941,1369.807042837143,0.31509176059118693,40.35328806793724,1.0302127300876613,0.5628395936687929,0.08198727959462701,1.2552083333333337,15,4,6,0.09644591942534753,0.13402455844981492,0.23047047787516245,0.2534365902635366,0.24841004259013066,-1.4066828267831701,0.1056608510854361,0.1329774456986373,184.87027159099688,0.5838187840156343,-1.6408250164624119,0.964523904306815,0.24999999999999992,673.6273607226854,52.46573977879221,-3.838856782298197,0.9691382636870604,0.10331052556796748,0.5204867812806583,0.010730868412111612,-3.35239578205604,0.9440806762718879,0.19023064662425296,1.0843167751865548,0.024810787371682356,-3.838856782298197,0.9691382636870604,0.10331052556796748,0.8024017782336066,0.010730868412111612,676.4650595188141,1.262630259024358,1.2207103662399403,1.1939549871624544,1.1544557690596202,2.0700735716561325,1.120937972020041,2.4684568486123766,1.351849987738214,1.262630259024358,1.3475188765923356,0.1713608764443533,0.9021319849982634,12,0.8191170692443848,0.20750000000000002,0.34875,0.14125,0.26625,0.1035,0.4371875,0.44196875,0.0876505044703122,0.22808735866775912,0.9123494955296878,0.0008368492126464844,1.189895058026358e-09,-6.391350469158754e-09,0.00603627316871692,0.009608731990160194,0.00703636332169314,0.011347436901174731,0.061758314,6.438216211304985e-05,-3.3564811555141285e-07,1234216.2426761016,0.0009069442749023438
12.6,RT160x200-12600.vtk,161,201,8670,8671,1.6833555683275079,0.9992209478344843,koch_curve,15.979395389556885,1.0479342937469482,1436.143625497818,0.3200748174518701,40.95365894133885,1.0140511563651224,0.5622837370242215,0.08328387737079934,1.2552083333333337,15,4,6,0.09915698875291418,0.13748838230766328,0.23664537106057745,0.2534271009198711,0.2552374839484355,-1.3546040678652103,0.09501082322685661,0.13380389744061702,203.71206575610574,0.6891761235982362,-1.6522023091182578,0.9667849642385947,0.24999999999999992,653.7763048865442,45.28695768420294,-3.880833087098031,0.9704688600888318,0.15500122010744208,0.5681299111793975,0.011788841595656241,-3.3483929808636907,0.9466242859069174,0.19023064662425296,1.1808297704397437,0.02947722999779315,-3.880833087098031,0.9704688600888318,0.15500122010744208,0.8744798408095706,0.011788841595656241,710.3147721290588,1.2654828913521288,1.229004751931452,1.2040154612272926,1.1674363971444572,1.772907187384795,1.1370917815870314,2.089585023556534,1.3261909093019049,1.2654828913521288,0.9524932419695027,0.19853067652623632,0.9151134015880645,12,0.8350658416748047,0.21249999999999994,0.35124999999999995,0.13875,0.25625,0.105125,0.43546875,0.440875,0.0891828877856814,0.22770426196944482,0.9108171122143186,0.0008080005645751953,2.6593111801531677e-09,-6.817493787193046e-10,0.006282653548116251,0.0099084423830086,0.007340740866170087,0.011732389614356761,0.064441331,6.882448303152944e-05,7.310997154783959e-08,3021901.7577083423,0.0008492469787597656
12.8,RT160x200-12800.vtk,161,201,8888,8889,1.6854030438251402,0.9992118522442883,koch_curve,15.809020757675171,1.0431938171386719,1513.4512984752655,0.3255620964461975,41.62076036674091,1.007664030799674,0.5715571557155715,0.08471167439182441,1.2552083333333337,15,5,6,0.12029061494847615,0.1438635772983432,0.26415419224681935,0.2534858853084239,0.2640832286378724,-1.295626917311627,0.09342083666916523,0.13375794728124657,218.0183977079304,0.7113480685517329,-1.6697901604818817,0.9740076033105256,0.24999999999999992,636.7879569042277,38.891916797603756,-3.927652779077716,0.9734023239207907,0.15500122010744208,0.6188596554453581,0.013900881589900767,-3.3506460913871488,0.9489297163888065,0.19023064662425296,1.2804369473103188,0.03466266438818535,-3.927652779077716,0.9734023239207907,0.15500122010744208,0.9496483013778385,0.013900881589900767,747.4635560512543,1.2788016550735217,1.2361884450918286,1.210213773659489,1.1706688353948587,2.0047173376547414,1.1366669426088656,2.391233818870621,1.3680347721826442,1.2788016550735217,1.2545668762617552,0.18442048323736043,0.9250910228169067,12,0.868675947189331,0.2175,0.35375,0.13625,0.24625,0.109125,0.43325,0.43821875,0.09221474130234042,0.2269462976380865,0.9077852586976596,0.0008103847503662109,3.0202028525883053e-09,8.049429664719158e-09,0.006534459698606445,0.010190566170202586,0.007648064687436464,0.012105651672754472,0.067677104,7.327340121099462e-05,3.532028264744171e-07,995650.8109639696,0.0007169246673583984
13.0,RT160x200-13000.vtk,161,201,8933,8934,1.6964883369515438,0.9995150268170111,koch_curve,10.107077360153198,1.0447967052459717,1522.870816707611,0.32989751520222715,41.340140297865226,1.0205903552547573,0.5516623754617709,0.08583975590383694,1.255208333333334,15,5,6,0.1242679748320838,0.14822023375522525,0.27248820858730904,0.25382159068436755,0.27248820858730904,-1.1956482259053036,0.07827540146517831,0.13314338758413885,223.7217110782459,0.6710240841283011,-1.6786468925060052,0.9792904823791325,0.24999999999999992,623.0195345262955,33.46807906452602,-3.9690880535674222,0.9775917732756948,0.15500122010744208,0.6723877512413604,0.016271075109212177,-3.3505519048555965,0.9519919076655654,0.19023064662425296,1.3816334732836673,0.04033497559011345,-3.9690880535674222,0.9775917732756948,0.15500122010744208,1.0270106122625138,0.016271075109212177,753.9991018772125,1.2780513047929218,1.238140444950035,1.2131173020392914,1.1743071159922873,1.9638530786506108,1.141583990982605,2.32412965439298,1.3652206004391638,1.2780513047929218,1.1825456634103748,0.18911456561567963,0.9165591768885598,12,0.859046220779419,0.22249999999999995,0.35624999999999996,0.13375,0.26875000000000004,0.11040625,0.432,0.43740625,0.09385382681874488,0.2265365248144758,0.9061461731812551,0.0009818077087402344,4.119430079829734e-09,1.3351030761625195e-08,0.006788928262451715,0.010450319714448871,0.007958554484966822,0.012461891071868252,0.071304527,7.76493645434572e-05,5.01298965956191e-07,630677.159427575,0.0008287429809570312
13.2,RT160x200-13200.vtk,161,201,9086,9087,1.6930095722768164,0.9996760586253621,koch_curve,9.805905103683472,1.1140286922454834,1568.7308871746063,0.3305629044293783,42.62183378980464,1.018923030092215,0.5591019150341184,0.08601289103280171,1.255208333333334,15,5,6,0.12194255780259605,0.1488349739625654,0.27077753176516145,0.2542597418014034,0.27073312139422956,-1.3024336267143646,0.09626032948537222,0.13374262877901788,236.39842731428968,0.7102778579552346,-1.7176199565416566,0.9796649605809059,0.24999999999999992,610.3356087019462,29.01313569580486,-4.016016950891951,0.9819241989725475,0.15500122010744208,0.72773950166487,0.01884172331933795,-3.3621378697724986,0.9558445849520446,0.19023064662425296,1.4851180970969369,0.04648337910755132,-4.016016950891951,0.9819241989725475,0.15500122010744208,1.1064287993809034,0.01884172331933795,779.1239814758301,1.2830495315484396,1.243352242785282,1.2185953458567569,1.1804521074839947,1.9985149969517317,1.148159167769025,2.3913447768545986,1.3658209400187311,1.2830495315484396,1.2431856090855735,0.17508388985439383,0.9248158286961754,12,0.8793966770172119,0.21750000000000003,0.35875,0.14125,0.26125,0.1150625,0.43028125,0.434375,0.09816465102339944,0.22545881712341803,0.9018353489766006,0.0008106231689453125,2.0534332923621834e-09,9.703796819468682e-09,0.007037300848677267,0.010692426170712204,0.008274058314032523,0.012800452361187218,0.074227172,8.192579032546252e-05,4.5550059912948246e-07,912549.2964928377,0.0007157325744628906
13.4,RT160x200-13400.vtk,161,201,9438,9439,1.674780128679644,0.9994304092980785,koch_curve,15.70536994934082,1.1375110149383545,1682.0048713684082,0.3341831018904224,43.91533049734558,1.0173224795942857,0.570459843187116,0.08695487104798681,1.255208333333334,15,4,6,0.11319059720493113,0.1512211949007841,0.2644117921057152,0.2541677177150374,0.27922014083353286,-1.3131995226576219,0.08827694500108907,0.1333306116008374,255.41042731006263,0.7345057476102187,-1.7543354697527236,0.9795063457201584,0.24999999999999992,600.0579370584239,25.48972762196347,-4.06435381937318,0.9865402603525963,0.15500122010744208,0.7841106263208881,0.021572218923106123,-3.3821508017450648,0.9608743926753016,0.19023064662425296,1.593696399675867,0.05314587182207591,-4.06435381937318,0.9865402603525963,0.15500122010744208,1.1889035129983776,0.021572218923106123,827.2201504707336,1.2857267673947876,1.2491725980551833,1.2253873818890582,1.1883021872927138,1.8214686626437373,1.156791635219058,2.1279358708677627,1.3531153983182878,1.2857267673947876,0.9711442356487048,0.2021571625435119,0.9283787489210864,12,0.8862442970275879,0.2275,0.36375,0.13625,0.25625,0.11971875,0.4283125,0.43175,0.10159875511914596,0.22460028959934175,0.898401244880854,0.0009148120880126953,5.623325184722639e-09,8.597528832945587e-09,0.0072703413901305134,0.010928707995262361,0.008592803133085851,0.013126100806212859,0.076223714,8.614726118737818e-05,9.88351982697568e-08,903469.8352970917,0.0009050369262695312
13.6,RT160x200-13600.vtk,161,201,9523,9524,1.6914788059766954,0.9996008510973392,koch_curve,9.299065828323364,1.1033689975738525,1694.6844227313995,0.3388763989508514,42.80986914165644,1.0160134399031207,0.5585424761104694,0.0881760729530829,1.2552083333333341,15,5,7,0.12896493918321872,0.15571155570867218,0.2846764948918909,0.25370032534646886,0.28359448509494833,-1.145697327257569,0.06955168195059314,0.0804309337998669,271.85051514545177,0.5987781768319369,-1.772342178675281,0.9807615919610174,0.24999999999999992,593.03488872587,22.71969573151857,-4.121297523611762,0.9902638803440037,0.15500122010744208,0.8411549586982567,0.024452792711312066,-3.403689022643773,0.9669356997952019,0.19023064662425296,1.7103287320459457,0.06040383373898622,-4.121297523611762,0.9902638803440037,0.15500122010744208,1.2757418453721012,0.024452792711312066,840.196709394455,1.2932266861156652,1.254264360961496,1.2305741038290834,1.191447610343449,2.1788806412709625,1.1568694106466424,2.5933196008958106,1.3855325898562088,1.2932266861156652,1.4364501902491682,0.15918629184761512,0.9204157506838989,12,0.9008872509002686,0.23750000000000002,0.36875,0.13125,0.25625,0.1209375,0.42559375,0.4305625,0.10259954153223394,0.2243500912488883,0.8974004584677661,0.0007975101470947266,2.448460786161344e-09,2.343895541100072e-09,0.007483270388146322,0.011170614455746897,0.008916559513135757,0.013445518324745262,0.077865633,9.039098151052457e-05,-6.837670871946587e-07,2804949.79987952,0.000743865966796875
13.8,RT160x200-13800.vtk,161,201,9701,9702,1.675008407813267,0.999161156554058,koch_curve,15.804844379425049,1.122164011001587,1772.8542804718018,0.34106350712632,43.195864285725044,1.009264675676392,0.5712813112050303,0.08874516130102761,1.2552083333333337,15,4,6,0.1202618169437411,0.159185933025989,0.2794477499697301,0.2538648520190443,0.29116444124273705,-1.3304190824015316,0.09326254047456484,0.13318000918345937,289.3782532495852,0.5881565956282911,-1.7912539589138838,0.9792097853682369,0.24999999999999992,587.6718654847178,20.477352607025963,-4.181819392629978,0.9928027851909551,0.15500122010744208,0.8988024767432444,0.0274877892390028,-3.4237824617910695,0.9716673207872228,0.19023064662425296,1.8369486006963949,0.06834305836674552,-4.181819392629978,0.9928027851909551,0.15500122010744208,1.3678755387198196,0.0274877892390028,869.9110379219055,1.2933771875262783,1.2603501137303317,1.2386519399764329,1.2022429370780445,1.847840050274728,1.1703128290722589,2.183313255380714,1.357508225531972,1.2933771875262783,1.013000426308455,0.18479300856948772,0.9231194902843066,12,0.9144940376281738,0.24000000000000002,0.36875,0.12875,0.25875000000000004,0.124625,0.42390625,0.429875,0.10571883915717029,0.22357026502523836,0.8942811608428297,0.0007932186126708984,4.944744563986636e-09,4.038629462089051e-09,0.007676725232039348,0.011427990007222267,0.009245928232401399,0.013767028215756745,0.078939223,9.476553294670079e-05,-1.9352708707419144e-06,1524764.0616453516,0.0005738735198974609
14.0,RT160x200-14000.vtk,161,201,9791,9792,1.6788721195887142,0.9996051524759354,koch_curve,9.49820852279663,1.065183401107788,1786.4959251880646,0.3447712099444716,43.83969434211903,1.0224985090074028,0.5670513737105505,0.0897099103221865,1.2552083333333337,15,4,8,0.12650213273199545,0.16095193525136609,0.28745406798336154,0.2542127295873669,0.2957253632729238,-1.3662675063547387,0.09803302550320236,0.13387909329816272,314.7524507575221,0.6899447283110924,-1.8157916957494182,0.9774179927498791,0.24999999999999992,585.4471317702311,18.522899654809965,-4.247736565190639,0.9941721734695017,0.15500122010744208,0.9576757513707492,0.03070699235763727,-3.4370839672877764,0.974824954958714,0.19023064662425296,1.9746894707377154,0.07706140241863053,-4.247736565190639,0.9941721734695017,0.15500122010744208,1.4661826110542324,0.03070699235763727,886.5181789398193,1.300964724359492,1.2658151991412427,1.2440300342804134,1.2082433788233964,1.8935266465635632,1.1770715358650943,2.230763240602993,1.3778663742424744,1.300964724359492,1.0536917047378989,0.190563176567217,0.9187449067229331,12,0.9116702079772949,0.24749999999999997,0.37124999999999997,0.12375,0.25125,0.12634375,0.42234375,0.42896875,0.10730266936543054,0.22317430513356795,0.8926973306345695,0.0008139610290527344,2.137104712640614e-09,-2.0593496681710473e-09,0.007856552606497947,0.0117068458331985,0.009584636085323162,0.014098782153822917,0.079186203,9.938782911047338e-05,-3.6164138757291766e-06,3359112.560151759,0.0007216930389404297
14.2,RT160x200-14200.vtk,161,201,9712,9713,1.6828882207302303,0.999337138088146,koch_curve,9.37065076828003,1.0611703395843506,1750.0196743011475,0.348874630637107,43.00449311401558,0.9913208285543108,0.5561161449752883,0.09077762564102017,1.255208333333334,15,4,9,0.1255616807662181,0.16376587279794647,0.28932755356416456,0.25433443750528945,0.30167353680578246,-1.343153873372547,0.09133894439701962,0.10012345588427167,318.78653001176156,0.6374305938476593,-1.8244495432657528,0.9769560426212873,0.24999999999999992,586.1439205261576,16.716512629663818,-4.300956614756879,0.9945385613295251,0.15500122010744208,1.019520602330001,0.03418212171207078,-3.442450542346724,0.977117679368909,0.19023064662425296,2.124738861548844,0.0867113416029941,-4.300956614756879,0.9945385613295251,0.15500122010744208,1.5721297319394225,0.03418212171207078,870.5895092487335,1.3073343122227752,1.268766649573036,1.2458415666480356,1.208421227977248,1.985313415442766,1.1758716338042419,2.337581413099503,1.3970687287726071,1.3073343122227752,1.1617097792952613,0.19040650161570655,0.9179083966496998,12,0.9063060283660889,0.26,0.37875000000000003,0.11875,0.25125,0.12884375,0.41953125,0.4278125,0.10931754135114713,0.22267058474668985,0.8906824586488529,0.0011811256408691406,-3.337809092451849e-10,-4.971864790469585e-10,0.008033773951085793,0.01201044875748991,0.00993644670585308,0.014449650627383204,0.077416787,0.00010439620162671777,-5.717467292438747e-06,17062188.24980164,0.0005447864532470703
14.4,RT160x200-14400.vtk,161,201,9841,9842,1.6712270177458066,0.999391352379365,koch_curve,15.577815055847168,1.0727624893188477,1820.246336221695,0.3534931854766625,43.208215273991634,1.0184000095170291,0.5672187785794127,0.09197937952453426,1.255208333333334,15,3,9,0.12868503910736984,0.17108106068068019,0.29976609978805,0.25510399862054844,0.31182153428193027,-1.2107188622365346,0.07601702223796036,0.13358644177806722,344.8884797621499,0.7396168499042765,-1.8320630314441182,0.9786555097330226,0.24999999999999992,589.5225277556968,14.978084466103457,-4.329950028153451,0.9949684631554769,0.15500122010744208,1.0854483644797044,0.03799525029616575,-3.447067953043445,0.9779336745895715,0.19023064662425296,2.2877968680423653,0.09747173586241979,-4.329950028153451,0.9949684631554769,0.15500122010744208,1.686622616261035,0.03799525029616575,903.3624861240387,1.3130460512875621,1.278194233949455,1.25582525594405,1.2180709625838182,2.0149583744978345,1.1845701224342804,2.3987170845469628,1.3856471333601676,1.3130460512875621,1.2141469621126824,0.16561175640220868,0.9317688941495191,12,0.928239107131958,0.26749999999999996,0.38125,0.11375,0.24875,0.1295625,0.41815625,0.42615625,0.11119979340358221,0.2222000195254036,0.8888002065964178,0.0010402202606201172,-2.1266384348517243e-09,4.5885516357143525e-09,0.008212690356328512,0.01233947813259647,0.010302643275944217,0.01482265170183066,0.074906644,0.00010985550173687889,-8.24103719350725e-06,2072443.6578906043,0.0005474090576171875
14.6,RT160x200-14600.vtk,161,201,9831,9832,1.6807967745514651,0.9995380895422703,koch_curve,9.465799331665039,1.0730843544006348,1811.8108160495758,0.3554577324800324,42.66504265064079,1.0336716970837636,0.5672871528837351,0.09249055717049959,1.255208333333334,15,3,9,0.13078576405445613,0.17192991895500961,0.3027156830094657,0.25532637851770434,0.3153613085751221,-1.2786591559617455,0.08481188928940697,0.13355923223792582,382.9672943941586,0.984817683634588,-1.8285940670329723,0.978655838132709,0.24999999999999992,596.54421124923,13.189273068939814,-4.341950587177925,0.9953356806997409,0.15500122010744208,1.1561044191067007,0.04221780633564999,-3.446853439268465,0.9776437364512172,0.19023064662425296,2.4644195017627517,0.10950795451122973,-4.341950587177925,0.9953356806997409,0.15500122010744208,1.810261960434726,0.04221780633564999,901.9932539463043,1.317572762476261,1.2791361171497395,1.255286602771253,1.2157476647482162,2.0146215540822627,1.1802729585262988,2.3928972228431533,1.3972158633992786,1.317572762476261,1.2126242643168545,0.17890364827492303,0.9346720754542582,12,0.9206526279449463,0.285,0.38625,0.10125,0.24875,0.13225,0.417375,0.4249375,0.11207922854011798,0.22198015808038388,0.887920771459882,0.0008001327514648438,-5.818244860761324e-10,3.0849766662463442e-09,0.008395261395573554,0.0126926643413363,0.010682862362208018,0.015217888880585492,0.073362007,0.00011579207099091885,-1.1129927006746706e-05,3427660.9715968547,0.0005669593811035156
14.8,RT160x200-14800.vtk,161,201,9966,9967,1.6884239435063346,0.9996512386620233,koch_curve,9.533734560012817,1.141125202178955,1866.7462754249573,0.35788181648051515,43.25687593489076,1.0128809440961086,0.5552879791290387,0.09312130693157095,1.2552083333333341,15,5,9,0.14411739942705576,0.17537876821789591,0.3194961676449517,0.25603801071389815,0.3193645453849663,-1.3493746701505518,0.094525287110097,0.10022608406653503,391.5638124271146,0.8885340320969441,-1.8141372548733183,0.9810693128847892,0.24999999999999992,605.0693869860393,11.38599647320742,-4.339622740422044,0.9960194482314652,0.15500122010744208,1.2323276925105968,0.04687558270778035,-3.4416657755354025,0.9768737824593683,0.19023064662425296,2.6539841414673027,0.12290795653787752,-4.339622740422044,0.9960194482314652,0.15500122010744208,1.9431559169889496,0.04687558270778035,928.9666225910187,1.3250100918354217,1.2842103343475502,1.2594217826360101,1.2199915932276317,1.867938246486693,1.1855008250585737,2.1965425984274525,1.40350779967201,1.3250100918354217,1.0110417733688788,0.21562608030231847,0.9246474951034369,12,0.9382491111755371,0.295,0.39125,0.09625,0.25875000000000004,0.13440625,0.416,0.4229375,0.11383342576337141,0.22154160621146105,0.8861665742366286,0.0008778572082519531,-2.3942661368653304e-09,3.3982624181229814e-09,0.008586061147221132,0.013063793723380322,0.011076183547500052,0.01563275895262473,0.079494534,0.00012219157623542568,-1.4282722163892405e-05,2659132.6093511977,0.0005779266357421875
15.0,RT160x200-15000.vtk,161,201,10177,10178,1.6896979779966428,0.9997113572931401,koch_curve,9.04127836227417,1.144683599472046,1933.3644573688507,0.36380282487807997,44.05699687684209,1.014601050453296,0.5468212636336838,0.09466196089872791,1.2552083333333341,15,5,7,0.14916287356800417,0.1813505518019009,0.3305134253699051,0.2564067892620395,0.32456213877757445,-1.329007378679968,0.09217754986984794,0.1001174373615799,409.84650358375745,1.065482756981283,-1.786498347756426,0.9870397748087616,0.19023064662425296,617.1255949323839,9.990712224919335,-4.322821624588654,0.996880855372414,0.15500122010744208,1.3155606351047104,0.051991968990292944,-3.4397011349377875,0.9758293462034393,0.19023064662425296,2.854741307599734,0.13767197303490683,-4.322821624588654,0.996880855372414,0.15500122010744208,2.0851509713522223,0.051991968990292944,959.3639252185822,1.3309525832797946,1.2907154671413865,1.2659111387937632,1.2264102106772303,1.8916766510126042,1.1905310629383337,2.210268228814222,1.4055458816710065,1.3309525832797946,1.0197371658758883,0.21085317464916462,0.9388338205276519,12,1.018324851989746,0.305,0.39625,0.09125,0.24375,0.13496875,0.41525,0.42234375,0.11363829468460396,0.2215903863280024,0.886361705315396,0.0009300708770751953,-5.7825898691597764e-09,-2.014942397506004e-09,0.008790633945511333,0.013444288732959013,0.01147969267164315,0.016063129978282013,0.084423647,0.00012901207234957242,-1.7623019491330517e-05,1854851.5759829988,0.0007979869842529297
15.2,RT160x200-15200.vtk,161,201,10278,10279,1.6703999639181553,0.9994030066442636,koch_curve,15.274911880493164,1.1567962169647217,2004.292634010315,0.3663974910101763,44.2287962454786,1.0109590422729104,0.534442498540572,0.09533709634888302,1.2552083333333341,15,6,6,0.1490715983359036,0.1829772114362253,0.3320488097721289,0.2560667447821484,0.33266063979461097,-1.202061126734634,0.07673366353560584,0.10025967633902562,431.267336081204,1.1265899960517503,-1.7797627963954081,0.9866268765353158,0.19023064662425296,630.459651037419,10.91568388235398,-4.304960623113947,0.9970067150433367,0.15500122010744208,1.407415276417969,0.05757882205834199,-3.442500849975662,0.9741703730420821,0.19023064662425296,3.064229992672837,0.1537512443003413,-4.304960623113947,0.9970067150433367,0.15500122010744208,2.235822634545403,0.05757882205834199,992.6140522956848,1.3391795759267733,1.2961703828457751,1.269601679808112,1.230553450254841,1.842246168052589,1.1968408028961193,2.144302004847887,1.4148216807240028,1.3391795759267733,0.9474612019517679,0.2300683947573193,0.940085738986763,12,0.9642014503479004,0.315,0.40125,0.08625,0.25125,0.133125,0.415125,0.42209375,0.11390693457424017,0.22152322252839235,0.8860930654257598,0.0009169578552246094,-3.497775205609649e-09,-4.7148081861655155e-09,0.009014081457706562,0.013826594572734762,0.011897478824294724,0.016505404630150152,0.088847919,0.0001362141910024738,-2.10572640376151e-05,1988059.128595904,0.0005655288696289062
15.4,RT160x200-15400.vtk,161,201,10793,10794,1.671693131668493,0.9993724689816937,koch_curve,15.507284164428711,1.1542534828186035,2180.3595592975616,0.37009321042176463,46.040926574871314,1.0265925391900805,0.5523950708792735,0.09629872727230884,1.2552083333333335,15,6,7,0.15148710772633517,0.1862525895604268,0.337739697286762,0.25602801747347864,0.342716151199545,-1.2319115149464892,0.08183855629230041,0.13299203375389113,478.35120266887327,1.4187894854800784,-1.778746155207062,0.9819173533774983,0.19023064662425296,644.7149356431527,11.900753437588746,-4.3024557135847745,0.9961006402956297,0.15500122010744208,1.5092319691187757,0.06360568985588096,-3.441146220735998,0.9721017489959565,0.19023064662425296,3.2795768485185386,0.1710786976137227,-4.3024557135847745,0.9961006402956297,0.15500122010744208,2.394404408818657,0.06360568985588096,1080.5154526233673,1.3398839987273905,1.3004328486543093,1.272565517277631,1.2317367655928246,2.1318864278510774,1.1972470316602326,2.522220157258598,1.3994264174242397,1.3398839987273905,1.3249731255983654,0.1525913106144713,0.8796526495298155,12,1.0712597370147705,0.3175,0.40125,0.08375,0.25125,0.1355,0.41378125,0.42209375,0.11555876735540704,0.22111026184079408,0.884441232644593,0.0009624958038330078,-3.9991655571489096e-10,-2.771956600734326e-09,0.009259032575851874,0.014203132400649503,0.01232819657112128,0.01695460569376574,0.09388877,0.00014372932711553295,-2.4448388738043644e-05,4280680.904044442,0.0007014274597167969
15.6,RT160x200-15600.vtk,161,201,11004,11005,1.6517609963931572,0.999461528793744,koch_curve,14.759854316711426,1.1614634990692139,2270.1797976493835,0.3764668885351369,46.36469519870659,1.0119809765621817,0.5645219920029081,0.09795716647918229,1.2552083333333337,15,6,6,0.1541713919015263,0.18837590604836996,0.34254729794989625,0.2569957677024822,0.35411570417731975,-1.3426103819625972,0.09907349550152111,0.13341723169718137,515.8927599359308,1.6222256885542259,-1.766756092528188,0.974381451823145,0.19023064662425296,661.2479150301214,12.934272444859326,-4.309539277371117,0.9935330015222148,0.15500122010744208,1.622275895726594,0.07001533564396825,-3.429888333998028,0.9689767148057182,0.19023064662425296,3.5002443893013377,0.1896610425907426,-4.309539277371117,0.9935330015222148,0.15500122010744208,2.561260142513966,0.07001533564396825,1132.0399346351624,1.333580410943814,1.3029008359721213,1.2741561678056186,1.2284864769964707,1.8381106401914031,1.1888461776929447,2.1819311243331114,1.3545274984976774,1.333580410943814,0.9930849466401668,0.1668349936883753,0.848587452394089,12,1.0461575984954834,0.3275,0.40625,0.07875,0.25375000000000003,0.13759375,0.41203125,0.421375,0.11743811794278347,0.22064042091614555,0.8825618820572165,0.0007605552673339844,8.63615375018556e-10,2.811732981423303e-09,0.009522502002956368,0.01457183108630677,0.012766006546985115,0.01740736354547043,0.097319609,0.0001515081528020822,-2.7617747454803916e-05,4184734.712332618,0.0005507469177246094
15.8,RT160x200-15800.vtk,161,201,11175,11176,1.657381638464612,0.9995008422296611,koch_curve,14.963124513626099,1.1906111240386963,2339.7288727760315,0.38019979653772706,46.940864293076594,1.0122520693392545,0.5740492170022371,0.09892847392160846,1.2552083333333337,15,6,6,0.1574708480464223,0.1912458374993244,0.3487166855457467,0.257013259816121,0.3618172240708949,-1.222229798799062,0.07601607870141758,0.1330566815006432,543.4698925935115,1.5060029165303406,-1.7536414163026137,0.9716382195708086,0.19023064662425296,681.490133476316,14.017254041181038,-4.3248100701315515,0.9904237802124854,0.15500122010744208,1.747216546101858,0.07674384337366183,-3.397595649307027,0.9649242095040125,0.19023064662425296,3.7289602616481776,0.20965725575165886,-4.3248100701315515,0.9904237802124854,0.15500122010744208,2.7380884038750177,0.07674384337366183,1166.1332066059113,1.3424164712694513,1.3093303484767311,1.2802615332249943,1.233789011152592,1.8779350706326985,1.1942029730016834,2.2202302469987956,1.386015105969955,1.3424164712694513,1.0260272739971121,0.18694642708767942,0.8952963499418164,12,1.3524725437164307,0.335,0.41125,0.07625,0.25625,0.1388125,0.41165625,0.42109375,0.11879740845199227,0.22030059487031076,0.8812025915480077,0.0009472370147705078,-3.921848458210419e-09,-4.378610059252441e-10,0.009795205608565779,0.014940007232860986,0.013212166107489485,0.017864766134266425,0.10043891,0.00015957493451600852,-3.053498885587922e-05,3201116.853954232,0.0007176399230957031
16.0,RT160x200-16000.vtk,161,201,11164,11165,1.6800847634778484,0.9993723675744975,koch_curve,19.282565593719482,1.525127649307251,2346.2447357177734,0.38561758613976443,45.80541987741256,1.0090622646586687,0.5531171623074167,0.10033818971377546,1.2552083333333337,15,5,6,0.1591158145317244,0.192317635066861,0.3514334495985854,0.25594932883279026,0.37120793037872146,-1.2393170082595848,0.08002751834702959,0.13353636746070113,566.8229063936418,1.533474169843882,-1.7372644919515057,0.9698694334405217,0.19023064662425296,706.9911304478783,15.137759203991473,-4.3280808947275125,0.9881286153326237,0.15500122010744208,1.8830850608478922,0.08373161284925848,-3.341933216438836,0.9609281505730585,0.19023064662425296,3.969574326261395,0.2312445732316856,-4.3280808947275125,0.9881286153326237,0.15500122010744208,2.9263296935546435,0.08373161284925848,1160.489131450653,1.3494871637256818,1.3148200709756774,1.2871834938296318,1.240273200981446,2.040889167462775,1.1988518393882526,2.411755627097648,1.4205173319439237,1.3494871637256818,1.2129037877093953,0.18275603951595615,0.9131135605538712,12,1.0421080589294434,0.3424999999999999,0.41374999999999995,0.07125000000000001,0.25375000000000003,0.13940625,0.41071875,0.42078125,0.11924659655397751,0.22018829146370184,0.8807534034460225,0.0007264614105224609,-8.864656870680165e-09,-9.696808853433243e-09,0.010065852326629765,0.015314016623785336,0.013664965171133154,0.018325951222658652,0.10342996,0.00016792024410754573,-3.343101501339369e-05,986320.9230483816,0.0007205009460449219
16.2,RT160x200-16200.vtk,161,201,11364,11365,1.7015030283266104,0.9994069933083918,koch_curve,9.923413038253784,1.1623873710632324,2415.422974586487,0.38979434520986794,46.20479182593476,0.9886690659506268,0.5531502991904259,0.1014249877723393,1.255208333333334,15,4,7,0.16373337416384903,0.19274405133580397,0.356477425499653,0.25569166142036226,0.3795670077083874,-1.2665313984683666,0.08635748771672147,0.13343975931049185,602.2953785523418,1.7254012790972255,-1.7185216392536884,0.9661725420273591,0.19023064662425296,733.5019281538351,16.282228122713608,-4.303500564121869,0.9878325617037725,0.15500122010744208,2.0270742390860805,0.09092992546758315,-3.289068423669495,0.9592616419603761,0.19023064662425296,4.224914330904897,0.2544627860952579,-4.303500564121869,0.9878325617037725,0.15500122010744208,3.125994284995489,0.09092992546758315,1197.1592574119568,1.3498457948730018,1.3186403861004403,1.292775804430613,1.246058997367961,1.9422268702716545,1.2034985671931118,2.303605174636342,1.407015858119823,1.3498457948730018,1.1001066074432302,0.18499778980485182,0.9210007868311989,12,1.0689799785614014,0.34750000000000003,0.41625,0.06875,0.28625,0.14103125,0.40946875,0.418125,0.12161984287768235,0.21959497080624574,0.8783801571223177,0.0009076595306396484,-6.820708169028023e-09,-1.3413055737813116e-08,0.010325131011641257,0.015696657730253343,0.014121441022339382,0.01878811843449217,0.10693085,0.000176496697154139,-3.654955160065172e-05,882875.1051942381,0.0006721019744873047
16.4,RT160x200-16400.vtk,161,201,11656,11657,1.6860920113790459,0.9992614289941173,koch_curve,15.549634456634521,1.2111990451812744,2562.524255514145,0.3942899435296481,47.45464529411895,0.9990311383299398,0.5525051475634866,0.10259474821195665,1.255208333333334,15,4,5,0.16433206230076103,0.19486744426620523,0.35919950656696625,0.2555094539042686,0.3898195303904558,-1.1959039704733552,0.07715849724564716,0.13294433488266494,645.5779001356685,1.4537745209182,-1.6933456068869062,0.9648891242560195,0.19023064662425296,760.7373468851288,17.43486884051481,-4.262064199459261,0.988258125913153,0.15500122010744208,2.1749537025618904,0.09831690943877754,-3.2626885011339155,0.9619424109336516,0.19023064662425296,4.496124702005383,0.2792398055841398,-4.262064199459261,0.988258125913153,0.15500122010744208,3.3355392022836368,0.09831690943877754,1271.5622601509094,1.3546144503662072,1.3238342265326901,1.2994588594519962,1.2551977234090772,1.9765245261246367,1.2159114279264802,2.316599511690562,1.4173073536724892,1.3546144503662072,1.1006880837640818,0.18297275015214534,0.9254415148487348,12,1.1025302410125732,0.35250000000000004,0.41625,0.06375,0.28625,0.1450625,0.40965625,0.41540625,0.1239070406028161,0.21902316356651713,0.8760929593971839,0.0007963180541992188,-5.539302695020676e-09,-1.1906668041266297e-08,0.010566197179859576,0.016085838565112514,0.014579114017720652,0.01924574563862637,0.11066216,0.00018519936259326676,-3.992544247785768e-05,1036298.4478705551,0.0007030963897705078
16.6,RT160x200-16600.vtk,161,201,11986,11987,1.705636711092168,0.9994086768404096,koch_curve,9.281418561935425,1.2397992610931396,2673.366401195526,0.40252011748591005,47.88948055985555,0.9819700572148452,0.5571500083430669,0.10473625001447423,1.255208333333334,15,5,5,0.16614754304914564,0.20072603607914477,0.36687357912829044,0.2556426397724062,0.4017785278692551,-1.2984805710096612,0.09189107722904521,0.13360369765091717,680.2841153922338,1.5091070371424198,-1.677267295075696,0.9662706509042684,0.19023064662425296,788.7426409744795,18.611180674616737,-4.211744962895374,0.9877432752214494,0.15500122010744208,2.3240825358939534,0.1059287133273041,-3.254844415145323,0.9663708397050201,0.19023064662425296,4.782897735349657,0.3054926582653839,-4.211744962895374,0.9877432752214494,0.15500122010744208,3.5534901356218054,0.1059287133273041,1327.9852848052979,1.3643444997293621,1.3307857280358055,1.3070122693052701,1.2621840892644403,2.044510740390074,1.221313345677185,2.401120150904884,1.4447372979941773,1.3643444997293621,1.1798068052276989,0.18937333750492497,0.9276030766929694,12,1.1355054378509521,0.35749999999999993,0.41874999999999996,0.06125,0.25125,0.1455625,0.40865625,0.4148125,0.12448637970168563,0.21887832312873712,0.8755136202983144,0.0007953643798828125,-5.7017787753188555e-09,-2.0882832318428433e-09,0.010791244556199071,0.016479537850651815,0.015036558111078359,0.01969837878716923,0.11126868,0.00019401306342138098,-4.348319697637786e-05,2293885.8528603436,0.0007205009460449219
16.8,RT160x200-16800.vtk,161,201,12210,12211,1.7245004756787339,0.9992459928213719,koch_curve,9.079012393951416,1.1908001899719238,2788.1213278770447,0.4077350198941775,48.728738152650614,1.013529209891689,0.5556101556101556,0.10609317429901634,1.2552083333333341,15,5,6,0.16877928968118283,0.20140673912778242,0.37018602880896523,0.2549489138343741,0.4153135405368312,-1.2273450352133686,0.07681624428413736,0.40031534840320626,722.6807859255944,1.6883972255552173,-1.6598860826951904,0.9701788580539821,0.3999999999999999,815.9947591332552,19.95454595223728,-4.1493093829602445,0.9874146052576689,0.15500122010744208,2.473592216663347,0.11373236935760866,-3.2429974605052885,0.9696790841647606,0.19023064662425296,5.0828396956542745,0.33309829297969107,-4.1493093829602445,0.9874146052576689,0.15500122010744208,3.7782159561588107,0.11373236935760866,1392.7702119350433,1.37253227694431,1.3375465802349207,1.314309207791219,1.2703342990412012,2.085705418156567,1.229326289359598,2.475551072254195,1.4561710885430257,1.37253227694431,1.246224782894597,0.18202558823821252,0.931743115099599,12,1.150036096572876,0.36250000000000004,0.42125,0.05875,0.27875000000000005,0.14659375,0.40871875,0.41446875,0.1262987043512115,0.2184252360148391,0.8737012956487885,0.0008249282836914062,-9.076041887046138e-09,-3.106488623436099e-09,0.01100758526339471,0.016874762927189344,0.0154892659960831,0.020147569510485384,0.10886354,0.00020296227858987415,-4.716966127632669e-05,1485098.3144811739,0.0005757808685302734
17.0,RT160x200-17000.vtk,161,201,12229,12230,1.6961247383635298,0.9992839011128036,koch_curve,14.826741933822632,1.2481234073638916,2794.2635459899902,0.4145189640508646,51.43225236728457,0.9886819554976306,0.5509853626625235,0.10785836525572398,1.2552083333333337,15,3,5,0.17114031424334913,0.20839291614719735,0.3795332303905465,0.25677999637122756,0.42549899426138865,-1.2668929681427628,0.08547277401774578,0.1340679693559372,769.2213507689459,2.157742180339921,-1.6413460875853556,0.9621775450790032,0.3999999999999999,840.8630055859877,22.776027285477127,-4.105728634237125,0.9869459426443842,0.15500122010744208,2.6235246007329787,0.1216043968803415,-3.229011215081591,0.9707399593052816,0.19023064662425296,5.393665840682897,0.3619417694346397,-4.105728634237125,0.9869459426443842,0.15500122010744208,4.008595220707938,0.1216043968803415,1385.6256697177887,1.3702209801676066,1.3394460021213734,1.3184767085377356,1.277105073631072,2.1473891212999736,1.2391399278194815,2.553040763339915,1.446029248331861,1.3702209801676066,1.3139008355204336,0.1574618988886107,0.9310202411979128,12,1.1539008617401123,0.36999999999999994,0.42374999999999996,0.05375,0.28125,0.15134375,0.40634375,0.4131875,0.12775349215391374,0.21806153146060858,0.8722465078460863,0.0009126663208007812,-2.540083151286732e-08,-3.4420640700094825e-09,0.011221620442585251,0.0172710246617674,0.01593101132588788,0.020596433143277068,0.10917101,0.00021210652911241249,-5.0867087259321065e-05,568169.3388737247,0.0005383491516113281
17.2,RT160x200-17200.vtk,161,201,12254,12255,1.6971160043261702,0.9990894645229025,koch_curve,14.964394807815552,1.1921112537384033,2829.9246509075165,0.4183781618681595,50.94199755832998,0.9690940546267546,0.5538599640933572,0.10886253346965596,1.2552083333333333,15,4,4,0.17122683343123618,0.20963296345074203,0.38085979688197824,0.25630399206455456,0.4366121533182685,-1.2792582666026608,0.08586532589386242,0.13346578621214134,795.0835559919666,1.9634808853832122,-1.6241053903072418,0.9541881696803458,0.3999999999999999,859.5401410619797,25.705789392711047,-4.065327872504449,0.9866966381193171,0.15500122010744208,2.77488985108111,0.1293754621002685,-3.211487598859317,0.9692758457400485,0.19023064662425296,5.714292210440496,0.3922244614576498,-4.065327872504449,0.9866966381193171,0.15500122010744208,4.244591030760803,0.1293754621002685,1414.686405658722,1.3776130533143036,1.3451211397731613,1.322220464453428,1.2769638138342616,2.144446242801905,1.2355486776508808,2.556541673308484,1.4536881218466706,1.3776130533143036,1.320992995657603,0.16513293023722497,0.9306878265393383,12,1.1624715328216553,0.37249999999999994,0.42374999999999996,0.051250000000000004,0.29625,0.15409375,0.40378125,0.41053125,0.13089729726248744,0.2172755733255326,0.8691027027375126,0.0007271766662597656,-2.0145400774412847e-08,-8.613341538775756e-09,0.011442440243993723,0.017666180811652995,0.0163640789066435,0.021048120657385632,0.11075452,0.0002215116916036918,-5.440095233175772e-05,679306.1918587994,0.0006890296936035156
17.4,RT160x200-17400.vtk,161,201,12421,12422,1.6855538038163456,0.9992702340083356,koch_curve,15.143582582473755,1.207585096359253,2888.8825781345367,0.42411599792175503,51.09508966206789,0.9827624832328508,0.558087110538604,0.11035552575835188,1.2552083333333335,15,3,6,0.17194910056250806,0.2144069777592485,0.38635607832175656,0.25725322798238465,0.44940430119059355,-1.3218500771104735,0.08730722093990728,0.40027084130617124,833.6469163774988,2.2101517594898827,-1.6217251700650135,0.9529895277731044,0.3999999999999999,873.5599639509264,28.75248663993819,-4.008247300882319,0.9876160061630503,0.15500122010744208,2.9279430052976254,0.13685679148615065,-3.181850540514933,0.9653102735581857,0.19023064662425296,6.043747193424171,0.42427627444035837,-4.008247300882319,0.9876160061630503,0.15500122010744208,4.485845099360898,0.13685679148615065,1434.9756398200989,1.380483447948301,1.351064229699707,1.3301570294791942,1.2892649263623368,1.9302052377665886,1.2522169150633538,2.2839077231362914,1.4386843219482595,1.380483447948301,1.0316908080729377,0.1807396222063878,0.9356711569450205,12,1.1836574077606201,0.3775,0.42625,0.04875,0.25125,0.15753125,0.40059375,0.40921875,0.1346595019336455,0.21633501501104385,0.8653404980663545,0.0007915496826171875,1.495961993835948e-09,9.343438253086797e-10,0.011679200455129268,0.018052858499041535,0.016799203743221667,0.021501381891811302,0.10993061,0.00023115471162875393,-5.75351998696342e-05,8620020.581342198,0.0005595684051513672
17.6,RT160x200-17600.vtk,161,201,12546,12547,1.6843519356616539,0.9992285442839163,koch_curve,15.142248392105103,1.268455982208252,2953.375382423401,0.42845538839283176,50.66850904041663,0.978747214474332,0.5502152080344334,0.11148464071570562,1.2552083333333335,15,4,5,0.174634166898953,0.21968924861287742,0.3943234155118304,0.25738678390730757,0.458525334423637,-1.2967539216407167,0.08558767767070019,0.3996663907906047,884.5188086135028,2.6222685194236246,-1.6420728412370647,0.9597341626149343,0.3999999999999999,886.7976359473004,31.999339359778702,-3.915020751297173,0.9897996890335832,0.15500122010744208,3.0826297589638756,0.14391806409516344,-3.1325394700772935,0.9584225637898323,0.19023064662425296,6.385019574225605,0.4583424114389973,-3.915020751297173,0.9897996890335832,0.15500122010744208,4.7338246665947405,0.14391806409516344,1468.465609073639,1.3840832225389974,1.354835857810428,1.334403109625505,1.2968375082154924,1.9673670900450002,1.2638095482968943,2.3397919516114563,1.4370612874712205,1.3840832225389974,1.075982403314562,0.1610172607290087,0.9054939458794703,12,1.1806936264038086,0.38249999999999995,0.42874999999999996,0.04625,0.30374999999999996,0.16053125,0.39878125,0.407375,0.13546322049067971,0.21613407854275857,0.8645367795093203,0.0008041858673095703,2.9112785468438097e-08,4.734126287507523e-09,0.011935718870464476,0.01842894324958637,0.017245615521999977,0.021956487293101023,0.11187269,0.0002410436671256184,-6.010803853151108e-05,526376.7105408747,0.0007171630859375
17.8,RT160x200-17800.vtk,161,201,12813,12814,1.7035018966767512,0.9994877072205628,koch_curve,9.043875932693481,1.228248119354248,3072.779458284378,0.4306806582554281,52.3280628592919,0.9680126969333247,0.5606025130726606,0.11206365878350874,1.2552083333333333,15,4,5,0.17450600706853514,0.22145679106179184,0.395962798130327,0.2582536089401308,0.4629480791618071,-1.3916372388097678,0.10271106623790605,0.40047544355401177,914.3468935340028,2.4984231196947304,-1.6777371837704664,0.9687521471851624,0.3999999999999999,900.9833782512601,35.48120125397693,-3.7746709878604796,0.9927691283187233,0.15500122010744208,3.240726350035244,0.15048006830993002,-3.0777531905598408,0.9491549314533514,0.19023064662425296,6.746418038948717,0.49482848115010997,-3.7746709878604796,0.9927691283187233,0.15500122010744208,4.99357219449198,0.15048006830993002,1535.6657176017761,1.3881537572742277,1.3572734090862162,1.335914873103222,1.2946670721555487,2.0257795326613173,1.257253472286525,2.3926942959935076,1.4492390431356457,1.3881537572742277,1.1354408237069826,0.1690846117566277,0.9364008270539154,12,1.2095897197723389,0.42500000000000004,0.46625000000000005,0.04125,0.26375000000000004,0.16121875,0.39725,0.40725,0.13654283011405943,0.21586416860217122,0.8634571698859406,0.0007503032684326172,-3.6234822471392648e-09,6.3295894484321355e-09,0.012209742248889072,0.018802211096076795,0.017707783782697013,0.02241876329965133,0.10948878,0.00025130047394287007,-6.211434272115024e-05,2173542.2172408765,0.0005631446838378906
18.0,RT160x200-18000.vtk,161,201,13027,13028,1.6895100804209637,0.9992875393306089,koch_curve,15.003983974456787,1.2950575351715088,3188.1164655685425,0.4343025721638916,54.0321180107007,0.9613083131986091,0.5486297689414293,0.11300608542051031,1.2552083333333333,15,5,5,0.2423452126322133,0.22760677716719557,0.4699519897994089,0.257605283891544,0.46833878170406473,-1.3847349643835098,0.10221919311703243,0.4013766273699433,959.215895806176,3.1461109733944883,-1.7204669171380804,0.9783060139891967,0.3999999999999999,918.7404172308273,39.18316510519153,-3.6580231481250802,0.9943012573440658,0.15500122010744208,3.406984480090569,0.15639524564442575,-3.0356091960721963,0.946203711697084,0.3999999999999999,7.1363069557656855,0.5441843862162887,-3.6580231481250802,0.9943012573440658,0.15500122010744208,5.271645717928127,0.15639524564442575,1586.0694205760956,1.394429244347397,1.3584691125498125,1.3384358455171266,1.3009844222953761,2.597549461576391,1.2668200075256433,3.118336297001356,1.5172599158853382,1.394429244347397,1.851516289475713,0.13526206049778317,0.9453362576117881,12,1.2221784591674805,0.46,0.49875,0.03875,0.23625,0.1623125,0.3966875,0.407125,0.13867755745853805,0.21533047660127067,0.861322442541462,0.0009794235229492188,-1.040632216542381e-08,1.76606099047032e-08,0.012496243864158225,0.019186941018941236,0.01819115087558942,0.022897484935626926,0.11074741,0.0002621474081884209,-6.345390890906856e-05,789860.8865786389,0.0007939338684082031
18.2,RT160x200-18200.vtk,161,201,13279,13280,1.7114675294019095,0.9994302715048016,koch_curve,9.34931993484497,1.2527663707733154,3306.215961456299,0.4334583040882153,55.308619493886084,0.9841003212434565,0.5520747044205137,0.11278640578609708,1.2552083333333333,15,4,5,0.24181405376875192,0.2275859282302685,0.46939998199902044,0.2573665739948238,0.4706940799732827,-1.305257305228417,0.08833457655317534,0.3991320997108742,1013.5074893161816,3.8007738905933843,-1.7552999300729288,0.980884718586819,0.3999999999999999,941.942111658261,43.10207282737343,-3.5851119743092705,0.9937687048212468,0.15500122010744208,3.5877205754630936,0.1613876988215644,-3.022590624253073,0.95233204298958,0.3999999999999999,7.557499304449669,0.6167530255180123,-3.5851119743092705,0.9937687048212468,0.15500122010744208,5.572609939956381,0.1613876988215644,1652.9055843353271,1.3959132053095975,1.3654140193277557,1.345429957209151,1.3056277574615343,1.9713824119732497,1.2681976619447006,2.316419511513214,1.4578947691650614,1.3959132053095975,1.0482218495685132,0.1809703807437778,0.9484018003067438,12,1.2407684326171875,0.4625,0.49875,0.036250000000000004,0.23625,0.166,0.3950625,0.40575,0.14171592080717688,0.21457086379331936,0.8582840791928231,0.0009233951568603516,-7.3807026825245535e-09,2.121721497689178e-08,0.012796000984563863,0.01959289546041327,0.018703980250734543,0.023401264788898632,0.11301356,0.00027380959685982114,-6.4089155588652e-05,736599.3863360205,0.0005476474761962891
18.4,RT160x200-18400.vtk,161,201,13550,13551,1.699032156396764,0.9993334180095453,koch_curve,14.741913795471191,1.3187527656555176,3454.484524011612,0.43591459801781884,56.759662308405254,0.9852589177413971,0.5544649446494465,0.1134255366119719,1.2552083333333333,15,4,6,0.24230238671762183,0.23206481529172387,0.4743672020093457,0.25729445036787957,0.4743672020093457,-1.3716929110099831,0.09832172722260901,0.40013772025839145,1083.63695135832,4.486703322207815,-1.7618263040049185,0.9870971350671104,0.3999999999999999,971.2957048563904,47.380149992732164,-3.548834053793285,0.9914682467700372,0.15500122010744208,3.788690849392387,0.16514120635697543,-3.019335535715969,0.9606214871904194,0.3999999999999999,8.00822440809243,0.69846734462869,-3.548834053793285,0.9914682467700372,0.15500122010744208,5.898457628742408,0.16514120635697543,1719.3930180072784,1.3980473236184752,1.368460630201084,1.348897142303292,1.3098806825020513,2.003393316395704,1.2733390282966255,2.3777637906339386,1.4587455863758862,1.3980473236184752,1.1044247623373131,0.16787613280861402,0.9493460264848587,12,1.2738652229309082,0.465,0.49875,0.03375,0.26875000000000004,0.1668125,0.392875,0.4043125,0.1427025729157695,0.21432418185760918,0.8572974270842305,0.0009899139404296875,-1.8064339926127105e-08,2.474997854282849e-08,0.013115983013446426,0.020021442028324045,0.019249211814737932,0.023935061130139077,0.11516676,0.00028644357565127783,-6.401038813191117e-05,552349.6453824027,0.0005795955657958984
18.6,RT160x200-18600.vtk,161,201,13846,13847,1.696820692420028,0.9991845551016328,koch_curve,16.383126497268677,1.2894465923309326,3653.9404969215393,0.43785516808371067,58.27374988220522,0.9816954314704335,0.556045067167413,0.11393047542810188,1.2552083333333337,15,5,5,0.2416796912615985,0.23703597100249155,0.47871566226409,0.2571650515209175,0.4782476179645791,-1.2422939736102288,0.08074765616104218,0.40050036398369193,1152.0189331926965,5.004789931690559,-1.7646498001234723,0.9936038313011384,0.3999999999999999,1004.6865736922423,52.05812841728203,-3.5185956456246124,0.9890277104683536,0.15500122010744208,4.015793913425784,0.16743837805277723,-3.0263111000862994,0.966507469221711,0.3999999999999999,8.48529624183145,0.7899965169309029,-3.5185956456246124,0.9890277104683536,0.15500122010744208,6.250545077628617,0.16743837805277723,1853.5752611160278,1.4099171420130643,1.3752176233742524,1.3546413365706684,1.3163692285590909,2.2943165620948167,1.280621033387641,2.745748413440861,1.4975179097554587,1.4099171420130643,1.4651273800532199,0.14803960346433426,0.9431658845661886,12,1.3051753044128418,0.4675,0.49875,0.03125,0.25125,0.170625,0.3916875,0.4034375,0.1454909425278652,0.21362707891214297,0.8545090574721348,0.001142740249633789,-2.295535085317102e-08,1.5446262683734695e-08,0.013460146856209762,0.020467313094557998,0.019827913976776107,0.024496662195126997,0.11364881,0.0003000432293506994,-6.350542529008976e-05,626050.4664767848,0.0009889602661132812
18.8,RT160x200-18800.vtk,161,201,14190,14191,1.697634595281015,0.9992161755573465,koch_curve,14.996634721755981,1.3627092838287354,3866.736111164093,0.4388556996049695,59.43774110133116,0.978774210623353,0.5556025369978859,0.1141908150111579,1.2552083333333335,15,5,5,0.24226166989976455,0.23681178965706712,0.47907345955683167,0.25668231362283056,0.47907345955683167,-1.2552215745765491,0.07931581989502945,0.4020318882140812,1222.1321873251861,5.394562002284128,-1.7699303280733754,0.9936182726693246,0.3999999999999999,1040.1152931313597,56.9982805057533,-3.4844019421132986,0.9886704121503065,0.15500122010744208,4.279358414600269,0.1683362500069273,-3.047542804364373,0.968497290718976,0.3999999999999999,8.985109798246262,0.8918070907397142,-3.4844019421132986,0.9886704121503065,0.15500122010744208,6.632234106423265,0.1683362500069273,1877.8328473567963,1.4112768537883629,1.3781767908619351,1.3577873136102505,1.3208266674661813,1.9877080111842613,1.2867534970103627,2.3364028615591437,1.478879326672076,1.4112768537883629,1.049649364548781,0.18303810410470117,0.9489080782740829,12,1.3405332565307617,0.47000000000000003,0.49875,0.028749999999999998,0.22625,0.1743125,0.38953125,0.40109375,0.1488702832795019,0.2127822345873312,0.8511297167204981,0.0009624958038330078,1.3120704848157416e-09,3.1297171882233715e-08,0.013832952316784919,0.020926913055350417,0.020437100493087754,0.025085578722158716,0.10927348,0.00031464312991232046,-6.307162415653767e-05,566268.916046385,0.0007131099700927734
19.0,RT160x200-19000.vtk,161,201,14595,14596,1.6979085405893592,0.9994298234600054,koch_curve,14.793142080307007,1.3956398963928223,4065.2959067821503,0.4410301516611188,60.467019744717,0.9619156293129072,0.5616306954436451,0.11475661022064904,1.2552083333333335,15,6,6,0.24228463181794868,0.2421988271335856,0.4844834589515343,0.25694709787432424,0.4844834589515343,-1.3036014305007435,0.08949660669213044,0.4014913448639277,1266.540907022825,5.243148474477107,-1.7713126655537748,0.9934209936077583,0.3999999999999999,1076.4200498174935,62.04441818456104,-3.4566242809971994,0.9907988012163388,0.24999999999999992,4.592155557091523,0.17514138231754478,-3.0717804604689714,0.9686772330227698,0.3999999999999999,9.501844672881454,1.004053640670626,-3.4566242809971994,0.9907988012163388,0.24999999999999992,7.0470001149864885,0.17514138231754478,2002.1753163337708,1.4215870304962421,1.3827887779945962,1.358926035533734,1.3170172772051054,2.215188001297713,1.2787513792030332,2.617526636901246,1.509843656378624,1.4215870304962421,1.338775257698213,0.17261469081293976,0.9368137976820377,12,1.3758773803710938,0.47000000000000003,0.49875,0.028749999999999998,0.28125,0.17959375,0.386375,0.3998125,0.1521446213620279,0.21196363854907072,0.8478553786379721,0.0009849071502685547,1.8414373837316588e-08,4.240442697408392e-08,0.014237035029297919,0.021396832728681255,0.021069687484218294,0.025700537294904142,0.1036989,0.00033025880862231065,-6.289167332264904e-05,393099.16714656295,0.0005578994750976562
19.2,RT160x200-19200.vtk,161,201,14472,14473,1.7049903752513842,0.9997002713559731,koch_curve,8.896584272384644,1.3710699081420898,3947.299852371216,0.4419134220807634,60.34617763246591,0.9971998843815685,0.5614980652294086,0.11498643831490701,1.2552083333333337,15,5,7,0.24248717138864878,0.2438873027992674,0.4863744741879162,0.25626282861135125,0.4863744741879162,-1.2702110032689942,0.08741318574813639,0.4015340311325388,1325.9077405815501,6.082088303429465,-1.7677871218541568,0.9897055635955786,0.3999999999999999,1113.0005341542583,67.10175834377169,-3.4340926604807227,0.9912889074165094,0.24999999999999992,4.964371940480275,0.20400611939474322,-3.086207737370057,0.9687785311001742,0.3999999999999999,10.029949196145187,1.1266799905480982,-3.4340926604807227,0.9912889074165094,0.24999999999999992,7.497160568312731,0.20400611939474322,1987.9622061252594,1.4261679600591326,1.3894989837731324,1.3673176849735824,1.329276812246545,2.025841105120923,1.2946672042631597,2.373848755834608,1.5019039781475922,1.4261679600591326,1.0791815515714482,0.1920314275041721,0.9465504050818645,12,1.3832838535308838,0.47250000000000003,0.49875,0.026250000000000002,0.25625,0.1836875,0.383375,0.3979375,0.15630315728199373,0.21092399165236952,0.8436968427180063,0.0007627010345458984,1.1239509531968394e-09,5.066969294126658e-08,0.014673617981948968,0.021872218846419923,0.021716131765737022,0.026338356477738536,0.10167316,0.00034685451097293146,-6.269773007254342e-05,367467.20217960107,0.0007777214050292969
19.4,RT160x200-19400.vtk,161,201,14746,14747,1.699184387711094,0.9993710204892725,koch_curve,15.526445627212524,1.337751865386963,4088.1321165561676,0.44246416223138385,61.55498722620664,0.9759472453335888,0.5619829106198291,0.11512974160734535,1.2552083333333335,15,5,6,0.24274738306816174,0.2456308788657215,0.48837826193388323,0.2560026169318383,0.4881347406875435,-1.4054374641512248,0.10098996310278341,0.4008836047602415,1398.027854875061,5.530902981097096,-1.76089138660476,0.9912153142686522,0.3999999999999999,1151.798321759607,72.09326161510245,-3.411250231535931,0.9898537548294782,0.24999999999999992,5.402549900680016,0.23927132492317899,-3.093954992359115,0.9693333091738646,0.3999999999999999,10.567379320958109,1.258863229453763,-3.411250231535931,0.9898537548294782,0.24999999999999992,7.984964610819063,0.23927132492317899,2027.8097560405731,1.4293812528833205,1.3946900082470903,1.3736698827518425,1.3367534889863526,2.1749962089359047,1.303332426478649,2.5762566325047267,1.511368190892375,1.4293812528833205,1.2729242060260777,0.16343138376100938,0.9355692174720607,12,1.4064130783081055,0.47500000000000003,0.49875,0.02375,0.26875000000000004,0.18453125,0.38146875,0.39665625,0.1571334344196621,0.21071640648732945,0.8428665655803379,0.0009729862213134766,-3.1039075531147374e-08,5.1538886512859927e-08,0.015145538538460637,0.022349383734967032,0.022375012761224656,0.026997820114898624,0.10244096,0.00036444114547640264,-6.200921812431852e-05,317306.1944363159,0.0006859302520751953
19.599,RT160x200-19599.vtk,161,201,14907,14908,1.7121861235661566,0.9996450691892137,koch_curve,9.255404233932495,1.3942055702209473,4170.648544788361,0.44537077334970604,62.430538490478725,1.0093690518359193,0.5679881934661568,0.11588604554237562,1.2552083333333333,15,4,6,0.24321415754524744,0.24988871871512164,0.4931028762603691,0.2560588379195086,0.49067900208909526,-1.2577451420563905,0.08619839947499808,0.40227603339501755,1484.3900720298402,6.982258316697176,-1.7560026763297594,0.9820023028666123,0.3999999999999999,1189.6843283610888,76.9242848186573,-3.379729546711051,0.9869835030104286,0.24999999999999992,5.9073895802448195,0.28216840709706514,-3.093400571034723,0.9677433321728718,0.3999999999999999,11.112654055484308,1.3988212949242316,-3.379729546711051,0.9869835030104286,0.24999999999999992,8.510021817864564,0.28216840709706514,2090.1172013282776,1.4332232459655936,1.3969702343492134,1.3738979952601154,1.3337474280855117,2.125653089464029,1.2976428107129117,2.5074672834100795,1.5085693689440216,1.4332232459655936,1.2098244726971679,0.17434476074109567,0.9471033294413805,12,1.4115688800811768,0.47500000000000003,0.49875,0.02375,0.25125,0.19015625,0.3783125,0.39371875,0.161293644070718,0.20967633685051085,0.838706355929282,0.0009565353393554688,-1.6467671012376783e-08,4.7560651307182106e-08,0.015648990658726693,0.022825942603362955,0.023042721860078635,0.02767516150578834,0.10464758,0.00038295728218446765,-6.038146985048163e-05,388812.7058908909,0.0005557537078857422
19.799,RT160x200-19799.vtk,161,201,15030,15031,1.6924869486200935,0.9994519026298933,koch_curve,15.422162294387817,1.3839190006256104,4219.820245027542,0.4436707069099723,63.95757139783182,1.0250426407207167,0.5622754491017964,0.1154436860777474,1.2552083333333335,15,4,7,0.24238602982906798,0.2500057053003633,0.4923917351294313,0.25651110569855773,0.49204187745772676,-1.3311456741687007,0.09218483009176948,0.3997872383287885,1558.7256647132174,9.046732447396026,-1.7532173724351696,0.9732838463929989,0.3999999999999999,1228.716681807479,81.45743871712372,-3.3356287372980287,0.9827800071720986,0.24999999999999992,6.473316215883076,0.3336436075778306,-3.0806956667274963,0.9627657958024913,0.3999999999999999,11.665417113750248,1.5442293518024557,-3.3356287372980287,0.9827800071720986,0.24999999999999992,9.069366664816663,0.3336436075778306,2103.5274584293365,1.4371264746716044,1.4038276297300334,1.38205440836532,1.3404815135762225,2.0487599552519726,1.3008145682313756,2.4122772356438915,1.5052228285258602,1.4371264746716044,1.1114626674125159,0.18390924525638527,0.9476908991087672,12,1.4735703468322754,0.47750000000000004,0.49875,0.021249999999999998,0.22875,0.1920625,0.378,0.39234375,0.1636271113875022,0.20909295091212438,0.8363728886124978,0.000957489013671875,-2.1733093407139137e-09,4.5680903150711536e-08,0.01617210511254721,0.02329985642920361,0.023706049698762763,0.028362304091784717,0.10897434,0.00040221014669638823,-5.74688552572767e-05,438531.58620463166,0.0006270408630371094
19.999,RT160x200-19999.vtk,161,201,15195,15196,1.7026265851249276,0.9993681349132674,koch_curve,15.422175168991089,1.4586265087127686,4332.10840344429,0.44653495698974344,64.83212677222215,1.0225275989716054,0.5591971043106285,0.11618896761630151,1.2552083333333335,15,4,7,0.24411896981423348,0.25226041549079187,0.49637938530502534,0.25705890491255273,0.49637938530502534,-1.257471863545257,0.08179613191765633,0.4017122855111171,1639.8369574879762,8.70712330199087,-1.744996309794382,0.9718731599035859,0.3999999999999999,1264.735042329568,85.46158808157665,-3.298103367576148,0.9824116735112988,0.24999999999999992,7.092525067828629,0.3940912206938279,-3.0547388607301293,0.952741532074101,0.3999999999999999,12.221799017019258,1.6919063274995456,-3.298103367576148,0.9824116735112988,0.24999999999999992,9.657162042423943,0.3940912206938279,2152.0960907936096,1.439623667890748,1.4083756794759794,1.3871607511489221,1.3453104361431507,2.087967451220234,1.3044559276134002,2.4822728764425896,1.4976132388060115,1.439623667890748,1.1778169488291894,0.16399603638291974,0.9056046926755729,12,1.4321792125701904,0.47750000000000004,0.49875,0.021249999999999998,0.29625,0.1916875,0.378375,0.3915625,0.16436303672029562,0.20890894664382498,0.8356369632797044,0.001055002212524414,1.7810748320634673e-11,4.9786133234192354e-08,0.016703903430418564,0.02376398006004507,0.024359665052787204,0.029047325834049634,0.11029322,0.00042187356905348436,-5.286797870502408e-05,412555.83480647637,0.0007662773132324219
